tD,tR_over_tD,time,samples,dt,odd_mean,odd_stderr,even_mean,even_stderr,max_bond_dimension,mean_cumulative_jumps
0.98,1.02040816327,0,4,0.025,0.02311391364198569,0,0.05988302947328755,0,400,0
0.98,1.02040816327,0.1,4,0.025,0.02306466172865913,0,0.05974685360796583,0,363,0
0.98,1.02040816327,0.2,4,0.025,0.02301572608319261,0,0.05961238412487931,0,345,0
0.98,1.02040816327,0.3,4,0.025,0.02296789006719476,0,0.05947982287310514,0,335,0
0.98,1.02040816327,0.4,4,0.025,0.02292146396353621,0,0.05935066521151052,0,332,0
0.98,1.02040816327,0.5,4,0.025,0.02287658756796733,0,0.05922569888097023,0,330,0
0.98,1.02040816327,0.6,4,0.025,0.0228335043974561,0,0.05910558292548094,0,330,0
0.98,1.02040816327,0.7,4,0.025,0.02398967044614118,0.001197020158837503,0.05669329567637197,0.002297517077397044,330,0.25
0.98,1.02040816327,0.8,4,0.025,0.02395193936832053,0.001197665555753213,0.05667176043286924,0.002210258347149354,330,0.25
0.98,1.02040816327,0.9,4,0.025,0.02393118952217334,0.001212296065617193,0.05678498237354695,0.001995141319594237,330,0.25
0.98,1.02040816327,1,4,0.025,0.02393284635396352,0.001245793305518946,0.0570162327707225,0.001670146908431414,330,0.25
0.98,1.02040816327,1.1,4,0.025,0.02396063048482305,0.001301597487506203,0.05734270755410407,0.001258869063516863,330,0.25
0.98,1.02040816327,1.2,4,0.025,0.02401530620450616,0.001380730936420188,0.05774299906361777,0.0007826893602840296,330,0.25
0.98,1.02040816327,1.3,4,0.025,0.0240977252355512,0.001484163325871909,0.05819612427410939,0.0002624275009816476,330,0.25
0.98,1.02040816327,1.4,4,0.025,0.02421242444812496,0.001616056555670446,0.05866856720045698,0.0002680834612125427,340,0.25
0.98,1.02040816327,1.5,4,0.025,0.02436633254946257,0.001783110737013709,0.05910307595500935,0.0007511166982875645,359,0.25
0.98,1.02040816327,1.6,4,0.025,0.02456199236929236,0.001987533026311461,0.05943048084732865,0.001116881530395932,375,0.25
0.98,1.02040816327,1.7,4,0.025,0.02478918580934943,0.002219313494294676,0.05959991558934025,0.001314514851782191,398,0.25
0.98,1.02040816327,1.8,4,0.025,0.02589106732453705,0.002314561073872052,0.05964232847036252,0.001319582498016655,400,0.5
0.98,1.02040816327,1.9,4,0.025,0.02614477234529077,0.002512696237326253,0.05949705294141298,0.001172344939518345,400,0.5
0.98,1.02040816327,2,4,0.025,0.02639420980490737,0.002674040868866397,0.05921389821204497,0.0008655719499152961,400,0.5
0.98,1.02040816327,2.1,4,0.025,0.026640733841297,0.002804161637133956,0.05877764575673242,0.0003836255310028045,400,0.5
0.98,1.02040816327,2.2,4,0.025,0.02688477409409808,0.002917113361672672,0.05817272400060729,0.0003673221421309764,400,0.5
0.98,1.02040816327,2.3,4,0.025,0.02710876746610711,0.003010317831050977,0.05741959137657184,0.001270352736621755,400,0.5
0.98,1.02040816327,2.4,4,0.025,0.02727289831513813,0.003054129936041608,0.05658810478319566,0.002341249882008141,400,0.5
0.98,1.02040816327,2.5,4,0.025,0.0273310392017894,0.003010720093913304,0.05577796133694791,0.003478349606878224,400,0.5
0.98,1.02040816327,2.6,4,0.025,0.02725759457873497,0.002867104230712813,0.05508400144061049,0.0045910716383683,400,0.5
0.98,1.02040816327,2.7,4,0.025,0.02706809013434093,0.002652007409599845,0.05456745149368114,0.005623264354825936,400,0.5
0.98,1.02040816327,2.8,4,0.025,0.02781437447390265,0.002922055320383808,0.05391689156572919,0.006392461731716021,400,0.75
0.98,1.02040816327,2.9,4,0.025,0.02652799439908615,0.002521357150586363,0.05786020542958999,0.003357069696792342,400,1
0.98,1.02040816327,3,4,0.025,0.03541699217606683,0.00673325260176041,0.05590134754580604,0.004413023555099528,400,1.25
0.98,1.02040816327,3.1,4,0.025,0.03524939971513642,0.006815747891807327,0.05643742651197744,0.004837857334816146,400,1.25
0.98,1.02040816327,3.2,4,0.025,0.03425028674337013,0.0071005034959908,0.05709415326666825,0.00520078248280264,400,1.25
0.98,1.02040816327,3.3,4,0.025,0.0334774736128729,0.007184296989990735,0.05780852292921423,0.005495832897701896,400,1.25
0.98,1.02040816327,3.4,4,0.025,0.03356911246929077,0.006772515928151973,0.058513002086135,0.005718034691216321,400,1.25
0.98,1.02040816327,3.5,4,0.025,0.03414894387478602,0.006282181390149436,0.05910871572003735,0.005883688564566123,400,1.25
0.98,1.02040816327,3.6,4,0.025,0.03427681495145023,0.00601963033987885,0.05945252763891378,0.0060544068637682,400,1.25
0.98,1.02040816327,3.7,4,0.025,0.03346873543001318,0.005682222283129282,0.05942315828021089,0.006288808912043448,400,1.25
0.98,1.02040816327,3.8,4,0.025,0.03210657504137271,0.00512615626946752,0.05901344265637973,0.006539090188754336,400,1.25
0.98,1.02040816327,3.9,4,0.025,0.03086789347357479,0.004430596806358524,0.05829936483074392,0.006663969987612435,400,1.25
0.98,1.02040816327,4,4,0.025,0.03005888115047625,0.00375726667624604,0.0573110409321259,0.006607490790975781,400,1.25
0.98,1.02040816327,4.1,4,0.025,0.02950545997242976,0.003296843027883745,0.05600988926801242,0.006487236027713682,400,1.25
0.98,1.02040816327,4.2,4,0.025,0.02887565065285272,0.002974267783826706,0.05439870468397945,0.00644639686189565,400,1.25
0.98,1.02040816327,4.3,4,0.025,0.02803227930122826,0.002624359614013242,0.05259289533819145,0.006472657917516549,400,1.25
0.98,1.02040816327,4.4,4,0.025,0.02707383601533564,0.002347884598631328,0.05073951010978585,0.006437045803234518,400,1.25
0.98,1.02040816327,4.5,4,0.025,0.02616646176887782,0.00236732503612082,0.04889580150169667,0.006287527000275408,400,1.25
0.98,1.02040816327,4.6,4,0.025,0.02542715149349151,0.002667178073874768,0.04703565514108865,0.006125530602041867,400,1.25
0.98,1.02040816327,4.7,4,0.025,0.02487860089752311,0.002995462206426784,0.04516076360002559,0.006089609299897393,400,1.25
0.98,1.02040816327,4.8,4,0.025,0.02444951413539733,0.003153596239192543,0.04336493391767085,0.006217185754029753,400,1.25
0.98,1.02040816327,4.9,4,0.025,0.02404893399753482,0.003122901689083124,0.04177864104601191,0.006446962569499402,400,1.25
0.98,1.02040816327,5,4,0.025,0.02364470666862841,0.003010483300877191,0.04046321657358597,0.006708882467229164,400,1.25
0.98,1.02040816327,5.1,4,0.025,0.02328609537589603,0.002914453887276386,0.03937682096237595,0.006971657740193811,400,1.25
0.98,1.02040816327,5.2,4,0.025,0.02304882256814567,0.002843708831389628,0.03843287162408015,0.007232516234466514,400,1.25
0.98,1.02040816327,5.3,4,0.025,0.02295418524679579,0.002746281054995435,0.03759069576068972,0.007486844770754162,400,1.25
0.98,1.02040816327,5.4,4,0.025,0.01853050781797205,0.004631960955357163,0.03801245398956615,0.007368332438571113,400,1.5
0.98,1.02040816327,5.5,4,0.025,0.01871834131216588,0.004473959930549681,0.03766653453682072,0.007511884307119593,400,1.5
0.98,1.02040816327,5.6,4,0.025,0.01905722800630474,0.004136339294366945,0.03752926756604338,0.007599992492259303,400,1.5
0.98,1.02040816327,5.7,4,0.025,0.01469863198506331,0.004883258276934475,0.03543094804473707,0.005633576346998338,400,1.75
0.98,1.02040816327,5.8,4,0.025,0.01563090548629043,0.004397136011138856,0.0353953071174967,0.005622100424654755,400,1.75
0.98,1.02040816327,5.9,4,0.025,0.01700126143511826,0.003613444387547101,0.03513108620705055,0.005422791674056512,400,1.75
0.98,1.02040816327,6,4,0.025,0.01794512792266644,0.003168245060715587,0.03461490750924977,0.005089465527728256,400,1.75
0.98,1.02040816327,6.1,4,0.025,0.01811136560915629,0.00343395732062324,0.03382366962874277,0.004696008247597716,400,1.75
0.98,1.02040816327,6.2,4,0.025,0.01792125283040275,0.004136295823213337,0.03274266205344376,0.004283492719226849,400,1.75
0.98,1.02040816327,6.3,4,0.025,0.01802037456862437,0.004510121747870961,0.03139973679000725,0.003843980908030461,400,1.75
0.98,1.02040816327,6.4,4,0.025,0.01862891867723413,0.004272775845381789,0.02989737082696243,0.00339675326389441,400,1.75
0.98,1.02040816327,6.5,4,0.025,0.01945876382037307,0.003793056885591147,0.02840427628322592,0.003044716426505351,400,1.75
0.98,1.02040816327,6.6,4,0.025,0.02011813983269264,0.00348396571310684,0.02706739592345696,0.002875739587047778,400,1.75
0.98,1.02040816327,6.7,4,0.025,0.02048289183904723,0.003389161340297817,0.02592956923920532,0.002846044723603017,400,1.75
0.98,1.02040816327,6.8,4,0.025,0.02069899180428431,0.003322780892838413,0.02493716745163342,0.002875429564155253,400,1.75
0.98,1.02040816327,6.9,4,0.025,0.01986828023013988,0.002422461599489572,0.02540325705834521,0.003216956638743651,400,2
0.98,1.02040816327,7,4,0.025,0.02024388832904202,0.002146454123621108,0.02449946480347168,0.003284673747755612,400,2
0.98,1.02040816327,7.1,4,0.025,0.02061654364024108,0.001879218862900797,0.02383110910827552,0.003283638076330342,400,2
0.98,1.02040816327,7.2,4,0.025,0.02087027408182469,0.001672609632460735,0.02350961153431308,0.003149791235957882,400,2
0.98,1.02040816327,7.3,4,0.025,0.02092783858620996,0.001519202721133035,0.023534767519269,0.002915910596397095,400,2
0.98,1.02040816327,7.4,4,0.025,0.02080316464350688,0.001431812881963698,0.02377784539357347,0.002677844035591702,400,2
0.98,1.02040816327,7.5,4,0.025,0.02060447483148926,0.001443055770153229,0.02406721104036166,0.002477495359787719,400,2
0.98,1.02040816327,7.6,4,0.025,0.02045968707591101,0.001513236601279031,0.02429340244093131,0.002286020421160456,400,2
0.98,1.02040816327,7.7,4,0.025,0.02041642856745133,0.001561430636074037,0.02444383258291438,0.002112584297546387,400,2
0.98,1.02040816327,7.8,4,0.025,0.02042686618211612,0.001569964610909144,0.02455867474185759,0.002029614201727791,400,2
0.98,1.02040816327,7.9,4,0.025,0.02042531705910854,0.001583893860027853,0.02466636075158846,0.002065959880115804,400,2
0.98,1.02040816327,8,4,0.025,0.02041250489415206,0.001648885467987307,0.02472511291035737,0.002164059854229996,400,2
0.98,1.02040816327,8.1,4,0.025,0.01722977114111784,0.004732550889810538,0.03158686266157063,0.007990201910906117,400,2.25
0.98,1.02040816327,8.2,4,0.025,0.0174557024352135,0.004520853635203988,0.03201530751193506,0.008815385684747528,400,2.25
0.98,1.02040816327,8.3,4,0.025,0.01762057869488488,0.004200200802943755,0.03175865920617887,0.009024863837699485,400,2.25
0.98,1.02040816327,8.4,4,0.025,0.01777367490716045,0.00377120203044427,0.03149906122567934,0.009166466133643563,400,2.25
0.98,1.02040816327,8.5,4,0.025,0.0174403484138816,0.003815545477524586,0.03261770461997545,0.01053542585859823,400,2.5
0.98,1.02040816327,8.6,4,0.025,0.01781022704427088,0.003283320791062245,0.03303420385230792,0.01115107424517125,400,2.5
0.98,1.02040816327,8.7,4,0.025,0.01827972737977539,0.002714537384257586,0.03306761965530438,0.01142404991786284,400,2.5
0.98,1.02040816327,8.8,4,0.025,0.01767439132764623,0.001925185023734551,0.03108876725987587,0.01142899748194734,400,2.75
0.98,1.02040816327,8.9,4,0.025,0.01799852392133524,0.001544332972113579,0.02985060910089905,0.01046563046506133,400,2.75
0.98,1.02040816327,9,4,0.025,0.01819589869552807,0.001310204012101823,0.02861772482526342,0.009452217024320505,400,2.75
0.98,1.02040816327,9.1,4,0.025,0.01831395848645185,0.001270955835776526,0.02764616924259168,0.008666813538503492,400,2.75
0.98,1.02040816327,9.2,4,0.025,0.01838081702900368,0.001356275021742053,0.02680377135528443,0.008049241556020702,400,2.75
0.98,1.02040816327,9.3,4,0.025,0.01840208968778839,0.001472365742112523,0.02589466822321971,0.007436633651197316,400,2.75
0.98,1.02040816327,9.4,4,0.025,0.01827394064411363,0.001534692866467447,0.02677260935568046,0.008548238707740737,400,3
0.98,1.02040816327,9.5,4,0.025,0.01815829224166755,0.001610217497125428,0.02538848810901554,0.007502339912461113,400,3
0.98,1.02040816327,9.6,4,0.025,0.01801283780833833,0.001698688019226616,0.02468332895247635,0.007136199616994891,400,3
0.98,1.02040816327,9.7,4,0.025,0.01784741010353202,0.001797245532842973,0.02433073366307025,0.007152304366779398,400,3
0.98,1.02040816327,9.8,4,0.025,0.01767381695350963,0.0018912940485718,0.02385780497925739,0.007081292214583968,400,3
0.98,1.02040816327,9.9,4,0.025,0.01762666963569329,0.001887769476442131,0.02325674498885036,0.006641662572719443,400,3.25
0.98,1.02040816327,10,4,0.025,0.01742758564976168,0.002021988289351425,0.02234068902744214,0.006081811805289068,400,3.25
0.98,1.02040816327,10.1,4,0.025,0.01726782498902362,0.002183456402412608,0.02146164413624265,0.005525066604805944,400,3.25
0.98,1.02040816327,10.2,4,0.025,0.01717414364731253,0.002365025547737303,0.02072224600425575,0.005106819763301855,400,3.25
0.98,1.02040816327,10.3,4,0.025,0.01713992240358978,0.002558201628783273,0.02012387629203308,0.004823758955069534,400,3.25
0.98,1.02040816327,10.4,4,0.025,0.01711618645030228,0.002764989498666708,0.01962812008001901,0.004607281172058116,400,3.25
0.98,1.02040816327,10.5,4,0.025,0.01704752834443819,0.002970273433914545,0.01920640008479303,0.004398283274867949,400,3.25
0.98,1.02040816327,10.6,4,0.025,0.01683864238135224,0.003115373038115139,0.01864724051939437,0.004151363242676072,400,3.5
0.98,1.02040816327,10.7,4,0.025,0.01669064264297164,0.003223544520377577,0.01832313862919731,0.003965910140578208,400,3.5
0.98,1.02040816327,10.8,4,0.025,0.01656532994364761,0.003270626159342516,0.01808801332334389,0.003878460945534399,400,3.5
0.98,1.02040816327,10.9,4,0.025,0.01646531421534441,0.003275369443335993,0.01795435683692145,0.003899407355563423,400,3.5
0.98,1.02040816327,11,4,0.025,0.0163290842832346,0.003250084564561094,0.01790160394185595,0.003979473122358994,400,3.5
0.98,1.02040816327,11.1,4,0.025,0.01612562596486334,0.003199436338076434,0.01786340869956025,0.00403480192743094,400,3.5
0.98,1.02040816327,11.2,4,0.025,0.01591423841697435,0.003130020889447715,0.01774769734918802,0.004013037440767319,400,3.5
0.98,1.02040816327,11.3,4,0.025,0.01581418040543425,0.003039388883764185,0.01810368428512845,0.003577736842611721,400,3.75
0.98,1.02040816327,11.4,4,0.025,0.01584271000916954,0.002944194013693141,0.01792199792563774,0.003494801011511401,400,3.75
0.98,1.02040816327,11.5,4,0.025,0.01590624211130571,0.002854498688463532,0.01774078517936798,0.003512313505274184,400,3.75
0.98,1.02040816327,11.6,4,0.025,0.01589476747285358,0.002791142326174216,0.01760590687480981,0.003579868108185709,400,3.75
0.98,1.02040816327,11.7,4,0.025,0.01581400230278028,0.002749295072351941,0.01752191914408815,0.003587434746379233,400,3.75
0.98,1.02040816327,11.8,4,0.025,0.0157667255987573,0.002702075798850872,0.01744513249998097,0.003484948884845867,400,3.75
0.98,1.02040816327,11.9,4,0.025,0.01582535634877092,0.002634603941823929,0.0173241825037934,0.003331346050694144,400,3.75
0.98,1.02040816327,12,4,0.025,0.01631187291257213,0.002454123829725598,0.01794183321368114,0.002992850281553764,400,4
0.98,1.02040816327,0,8,0.025,0.02311391364198569,1.311327688828617e-18,0.05988302947328755,0,400,0
0.98,1.02040816327,0.1,8,0.025,0.02306466172865913,0,0.05974685360796583,0,363,0
0.98,1.02040816327,0.2,8,0.025,0.02301572608319261,0,0.05961238412487931,2.622655377657235e-18,345,0
0.98,1.02040816327,0.3,8,0.025,0.02296789006719476,1.311327688828617e-18,0.05947982287310515,2.622655377657235e-18,335,0
0.98,1.02040816327,0.4,8,0.025,0.0229214639635362,1.311327688828617e-18,0.05935066521151051,2.622655377657235e-18,332,0
0.98,1.02040816327,0.5,8,0.025,0.02287658756796733,0,0.05922569888097023,0,330,0
0.98,1.02040816327,0.6,8,0.025,0.0228335043974561,0,0.05910558292548095,2.622655377657235e-18,330,0
0.98,1.02040816327,0.7,8,0.025,0.02339116036672243,0.0005985100794187514,0.05784205421507049,0.001148758538698522,330,0.125
0.98,1.02040816327,0.8,8,0.025,0.02335310659044392,0.0005988327778766065,0.05777688960644391,0.001105129173574677,330,0.125
0.98,1.02040816327,0.9,8,0.025,0.02332504148936474,0.0006061480328085964,0.05778255303334406,0.0009975706597971183,330,0.125
0.98,1.02040816327,1,8,0.025,0.02326760256793641,0.0006303412242742956,0.05795236632384609,0.0008553788579542611,330,0.25
0.98,1.02040816327,1.1,8,0.025,0.02326730901919015,0.0006582203034576787,0.05807318244878123,0.0006515887704028636,330,0.25
0.98,1.02040816327,1.2,8,0.025,0.02328213577122462,0.0006977678034406256,0.05823496739269428,0.0004177640313479115,330,0.25
0.98,1.02040816327,1.3,8,0.025,0.02331244864045838,0.0007494727013592883,0.05842623053231778,0.0001752262001242554,341,0.25
0.98,1.02040816327,1.4,8,0.025,0.02336059831101212,0.0008154381354672847,0.05862883782846228,0.0001524797233282913,377,0.25
0.98,1.02040816327,1.5,8,0.025,0.02343003723758479,0.0008990379570027436,0.05881186943639498,0.0003729720529620529,400,0.25
0.98,1.02040816327,1.6,8,0.025,0.02352190555343603,0.001001433636856255,0.0589375088263559,0.0005528981928624393,400,0.25
0.98,1.02040816327,1.7,8,0.025,0.02363055199468502,0.001117705137085862,0.05897671075874452,0.000653262764862424,400,0.25
0.98,1.02040816327,1.8,8,0.025,0.02417683675028877,0.001253079576051602,0.05894175800333767,0.0006658774209796331,400,0.375
0.98,1.02040816327,1.9,8,0.025,0.02429849200898228,0.001357572747411925,0.05879915817753885,0.0006077675317576267,400,0.375
0.98,1.02040816327,2,8,0.025,0.02441662594774215,0.00144748570753463,0.05856967729549759,0.0004936765117870421,400,0.375
0.98,1.02040816327,2.1,8,0.025,0.02453104107263617,0.001525465657759856,0.05824111669412288,0.0003755559947455125,400,0.375
0.98,1.02040816327,2.2,8,0.025,0.02464087536333038,0.001597564686611066,0.0578030927295974,0.0004528420774914872,400,0.375
0.98,1.02040816327,2.3,8,0.025,0.02473600007025493,0.001661592375043139,0.05726705889706315,0.000811248324856332,400,0.375
0.98,1.02040816327,2.4,8,0.025,0.02479532879686903,0.00170264594097015,0.0566723600126571,0.001311311440289358,400,0.375
0.98,1.02040816327,2.5,8,0.025,0.02479503670518544,0.001702302097358787,0.05607371035155297,0.001865866654345895,400,0.375
0.98,1.02040816327,2.6,8,0.025,0.02472201755424973,0.001654295938951085,0.05552202696689144,0.002421283043658639,400,0.375
0.98,1.02040816327,2.7,8,0.025,0.02458439872794025,0.001572821454143224,0.05505153609862647,0.002947387965970608,400,0.375
0.98,1.02040816327,2.8,8,0.025,0.02486073242975325,0.001786589770040666,0.05461216170377031,0.003388098786106351,400,0.625
0.98,1.02040816327,2.9,8,0.025,0.02416388002256283,0.001524884505530769,0.05637929800214979,0.002479399491074055,400,0.75
0.98,1.02040816327,3,8,0.025,0.02855175436091154,0.004083265027188681,0.05521408887566209,0.002908227841311812,400,0.875
0.98,1.02040816327,3.1,8,0.025,0.02841089726094972,0.004114757626332869,0.05532223375340811,0.003192191687429363,400,0.875
0.98,1.02040816327,3.2,8,0.025,0.02785749764929015,0.004125032070663159,0.05551788862111998,0.003446186671317726,400,0.875
0.98,1.02040816327,3.3,8,0.025,0.02742490630339213,0.004092177906073687,0.0557658948907169,0.003668140498258056,400,0.875
0.98,1.02040816327,3.4,8,0.025,0.02743625982337064,0.003965452735730126,0.05602745719079529,0.003854777503619003,400,0.875
0.98,1.02040816327,3.5,8,0.025,0.02770491407271601,0.003869029748966512,0.05624912146289091,0.004005087403935494,400,0.875
0.98,1.02040816327,3.6,8,0.025,0.025429793133142,0.004795041532005099,0.04923169711964213,0.007881333200198385,400,1
0.98,1.02040816327,3.7,8,0.025,0.02483114129148989,0.004723603655391319,0.04924406798836647,0.007843385840835718,400,1.125
0.98,1.02040816327,3.8,8,0.025,0.02456333350450428,0.004132227432363302,0.04926102577905381,0.007601328637386005,400,1.125
0.98,1.02040816327,3.9,8,0.025,0.0241475558904275,0.003658483778624748,0.04898389442631321,0.007409570432052761,400,1.125
0.98,1.02040816327,4,8,0.025,0.02361143741106925,0.00347053150295219,0.04822662262066317,0.00741149053870058,400,1.125
0.98,1.02040816327,4.1,8,0.025,0.02310895804134556,0.003452490897697246,0.04711885704152928,0.007505059733724007,400,1.125
0.98,1.02040816327,4.2,8,0.025,0.02278245204156006,0.003306166316133422,0.04595086243848349,0.007481290831898635,400,1.125
0.98,1.02040816327,4.3,8,0.025,0.02250328922238481,0.002966239821524,0.0457580549080817,0.007130695937975229,400,1.25
0.98,1.02040816327,4.4,8,0.025,0.02258687729512071,0.002528268156491272,0.04464305591560761,0.006864247395085028,400,1.375
0.98,1.02040816327,4.5,8,0.025,0.02303645446684387,0.00237110926112052,0.04531756452676621,0.007530796583034832,400,1.5
0.98,1.02040816327,4.6,8,0.025,0.02283058141574398,0.00228278353839485,0.04383243362380213,0.007386915217349722,400,1.5
0.98,1.02040816327,4.7,8,0.025,0.02276592005971238,0.002245758655969151,0.04204522999444973,0.007076068042224089,400,1.5
0.98,1.02040816327,4.8,8,0.025,0.02289545793090884,0.002158547119280869,0.04013292700303608,0.006607477616977759,400,1.5
0.98,1.02040816327,4.9,8,0.025,0.02312813325360151,0.002037539841557164,0.03822388598235154,0.006082191136395965,400,1.5
0.98,1.02040816327,5,8,0.025,0.02333004587294347,0.001956005217565456,0.03641433860224802,0.00561287417253381,400,1.5
0.98,1.02040816327,5.1,8,0.025,0.02346016247045887,0.001935944042841193,0.03480105266713444,0.005250939307636199,400,1.5
0.98,1.02040816327,5.2,8,0.025,0.02357941609305522,0.00193953975174082,0.03347314490829076,0.004988559800451092,400,1.5
0.98,1.02040816327,5.3,8,0.025,0.0237510015588585,0.001920171954275114,0.03249330250764961,0.004796667592384752,400,1.5
0.98,1.02040816327,5.4,8,0.025,0.02176226266888726,0.002818983095665134,0.03245177088700613,0.004615660455940317,400,1.625
0.98,1.02040816327,5.5,8,0.025,0.02207007947392998,0.002742675360413124,0.03228113617643392,0.004474182469570931,400,1.625
0.98,1.02040816327,5.6,8,0.025,0.02235666987101035,0.002561491988874366,0.0329546588858968,0.004349312803672466,400,1.75
0.98,1.02040816327,5.7,8,0.025,0.02040600007434929,0.003304353026013376,0.03210828527008387,0.003293496747937737,400,1.875
0.98,1.02040816327,5.8,8,0.025,0.02105039542996284,0.003087399561745292,0.03221338084614019,0.003115614043299351,400,1.875
0.98,1.02040816327,5.9,8,0.025,0.02185339376314723,0.002759318609775601,0.03221880912394164,0.002912688060073994,400,1.875
0.98,1.02040816327,6,8,0.025,0.02236248317832748,0.002594413365385215,0.0322276861029565,0.002717178566580477,400,1.875
0.98,1.02040816327,6.1,8,0.025,0.02241128513529678,0.0026908401076243,0.03220058396612251,0.002533984007265129,400,1.875
0.98,1.02040816327,6.2,8,0.025,0.02225781725571024,0.002942369524177733,0.03202298007897147,0.002357324333268625,400,1.875
0.98,1.02040816327,6.3,8,0.025,0.02226882341606745,0.003079081778620637,0.03160482615971604,0.00220216803746804,400,1.875
0.98,1.02040816327,6.4,8,0.025,0.02173729173774938,0.003162520913471267,0.0315134347344052,0.002475325552481539,400,2
0.98,1.02040816327,6.5,8,0.025,0.0209049766928231,0.003674902376356138,0.0325657844651295,0.003996166037648088,400,2.125
0.98,1.02040816327,6.6,8,0.025,0.0215350295511359,0.0034007372935368,0.03207004480578189,0.004154835658409454,400,2.125
0.98,1.02040816327,6.7,8,0.025,0.02030175559447243,0.003339588555064354,0.03383414817876573,0.005600149291765508,400,2.375
0.98,1.02040816327,6.8,8,0.025,0.02078660456779538,0.003089686756350757,0.03290284442662899,0.005607904204911423,400,2.5
0.98,1.02040816327,6.9,8,0.025,0.02078286491765297,0.002664532136526333,0.03316249623415698,0.005547360399527471,400,2.625
0.98,1.02040816327,7,8,0.025,0.02181959007567604,0.002330228043308116,0.03268987547809021,0.005549875534212839,400,2.625
0.98,1.02040816327,7.1,8,0.025,0.02318070221493697,0.002350707408332695,0.03219465263190728,0.005450413219967688,400,2.625
0.98,1.02040816327,7.2,8,0.025,0.0243796033525731,0.002766192577782566,0.03165796464379749,0.005211358539579451,400,2.625
0.98,1.02040816327,7.3,8,0.025,0.02513165783808809,0.00316178931778412,0.03113021067184054,0.004867599591424064,400,2.625
0.98,1.02040816327,7.4,8,0.025,0.02564151096611673,0.003536588217761955,0.03064100134576497,0.004485297739605134,400,2.625
0.98,1.02040816327,7.5,8,0.025,0.02618474905299698,0.004046401237695744,0.03013939383793723,0.004102815636439661,400,2.625
0.98,1.02040816327,7.6,8,0.025,0.02662937727680519,0.004495262663137495,0.02954242749505771,0.003699048637832928,400,2.625
0.98,1.02040816327,7.7,8,0.025,0.02672312001564455,0.004572733024640969,0.02884122903722925,0.003238258115414265,400,2.625
0.98,1.02040816327,7.8,8,0.025,0.02648576669168321,0.004276519814025881,0.02813367340825749,0.0027516547539999,400,2.625
0.98,1.02040816327,7.9,8,0.025,0.02610971151393467,0.003847534343269095,0.02750185728718852,0.002323405717885377,400,2.625
0.98,1.02040816327,8,8,0.025,0.02382599574738829,0.003869501959494072,0.02814100461383945,0.002312011762170779,400,2.75
0.98,1.02040816327,8.1,8,0.025,0.02192813332933877,0.004285818312564128,0.03094194610382803,0.004007674126348877,400,2.875
0.98,1.02040816327,8.2,8,0.025,0.02178335283620924,0.003854058709482728,0.03051057464642796,0.004359663145137881,400,2.875
0.98,1.02040816327,8.3,8,0.025,0.01995596609437711,0.00348870864482152,0.02926471284167729,0.004440910653492414,400,3
0.98,1.02040816327,8.4,8,0.025,0.02001678628528931,0.00300859687183754,0.0288066181047836,0.004499495771271849,400,3
0.98,1.02040816327,8.5,8,0.025,0.01989253577227039,0.002732335646743035,0.02905184091792841,0.005160852946308189,400,3.125
0.98,1.02040816327,8.6,8,0.025,0.02013146727991637,0.002282791678184471,0.0287877813918453,0.005486448389680894,400,3.125
0.98,1.02040816327,8.7,8,0.025,0.02046421632573926,0.001853945753780993,0.02819603843620716,0.005666505280081523,400,3.125
0.98,1.02040816327,8.8,8,0.025,0.02032057739359514,0.001548633355063397,0.02662008356374717,0.005612753850630312,400,3.25
0.98,1.02040816327,8.9,8,0.025,0.02065823236013281,0.00136404727879299,0.02557128128873011,0.005164869089292671,400,3.25
0.98,1.02040816327,9,8,0.025,0.02091058587745535,0.001299406597530919,0.02499140662066823,0.004683912708191672,400,3.375
0.98,1.02040816327,9.1,8,0.025,0.02106623758793504,0.001319346112734946,0.02437463623530528,0.004307215363164768,400,3.375
0.98,1.02040816327,9.2,8,0.025,0.02146255113067654,0.001421326748835776,0.02412853733918227,0.003976045476783406,400,3.5
0.98,1.02040816327,9.3,8,0.025,0.02139607933102527,0.001458926649374434,0.02358826539234887,0.00368763363325533,400,3.5
0.98,1.02040816327,9.4,8,0.025,0.02146270251411228,0.001526710753080073,0.02608893204556494,0.004790740598924648,400,3.75
0.98,1.02040816327,9.5,8,0.025,0.02119744093881491,0.001524321808567404,0.02512780552043746,0.004246692776560825,400,3.75
0.98,1.02040816327,9.6,8,0.025,0.02089330103715646,0.001529039696731453,0.02462261270377514,0.003973084037623718,400,3.75
0.98,1.02040816327,9.7,8,0.025,0.02055621540353351,0.001537604514579749,0.02444045490931579,0.003908864411916507,400,3.75
0.98,1.02040816327,9.8,8,0.025,0.02017746525007565,0.001529021265312074,0.02422634384857584,0.003854997793742536,400,3.75
0.98,1.02040816327,9.9,8,0.025,0.01982320721291971,0.001462266221809039,0.02386299982100631,0.003656881955695922,400,3.875
0.98,1.02040816327,10,8,0.025,0.01937303079440084,0.001450234220746144,0.02324430746028375,0.003396755213902614,400,3.875
0.98,1.02040816327,10.1,8,0.025,0.01894124092473935,0.001454576148692601,0.02256658679969128,0.003114522673104564,400,3.875
0.98,1.02040816327,10.2,8,0.025,0.01848614050582933,0.001449467904417915,0.02175030755011226,0.002866120508404827,400,4
0.98,1.02040816327,10.3,8,0.025,0.01814196201191277,0.001476443898252266,0.02127780573913068,0.002703769445691572,400,4
0.98,1.02040816327,10.4,8,0.025,0.01704719017079169,0.001585864465859153,0.02062777530260841,0.002574200803724929,400,4.125
0.98,1.02040816327,10.5,8,0.025,0.01688588717315188,0.001616740979523124,0.02005755509287778,0.002456364486242389,400,4.125
0.98,1.02040816327,10.6,8,0.025,0.01671256218300272,0.001623184721513441,0.01912818266673121,0.002346202977657509,400,4.25
0.98,1.02040816327,10.7,8,0.025,0.01660859856686507,0.001622488661788823,0.0183301867613483,0.00228008971628121,400,4.25
0.98,1.02040816327,10.8,8,0.025,0.01655474558063343,0.001602171132933023,0.01784457918071888,0.002190938040830959,400,4.25
0.98,1.02040816327,10.9,8,0.025,0.01655667773664551,0.001575467470055788,0.01764964994180342,0.002093407209142762,400,4.25
0.98,1.02040816327,11,8,0.025,0.01653900025737894,0.001561292755047297,0.0176793747958313,0.002062258313084942,400,4.375
0.98,1.02040816327,11.1,8,0.025,0.01650464614086061,0.001558277823003532,0.01749110471932022,0.002055584929980946,400,4.375
0.98,1.02040816327,11.2,8,0.025,0.01643738074828173,0.001549636953971616,0.01718819754587848,0.002040234421154333,400,4.375
0.98,1.02040816327,11.3,8,0.025,0.0164005788806109,0.001520753770113973,0.01714973654363722,0.001860237278582725,400,4.5
0.98,1.02040816327,11.4,8,0.025,0.01642359051608054,0.001482742210355749,0.01696075988487197,0.001782247366174859,400,4.5
0.98,1.02040816327,11.5,8,0.025,0.01646393197343332,0.001446383513627054,0.01688167123782012,0.001736202150928322,400,4.5
0.98,1.02040816327,11.6,8,0.025,0.01644509411469423,0.001419321894640489,0.01686371766438197,0.001734136855447751,400,4.5
0.98,1.02040816327,11.7,8,0.025,0.01634859599638604,0.001393452209620028,0.01683992452180641,0.001728698890047427,400,4.5
0.98,1.02040816327,11.8,8,0.025,0.01623114468713003,0.001353923037850408,0.01676844893874527,0.001680621580906281,400,4.5
0.98,1.02040816327,11.9,8,0.025,0.01615995918883232,0.001298311008159551,0.01665645945555433,0.001606071286345646,400,4.5
0.98,1.02040816327,12,8,0.025,0.0163700569896658,0.001189036315253671,0.01696350017708901,0.001468865467125037,400,4.75
0.99,1.0101010101,0,4,0.025,0.03090938370284507,0,0.04987128801579447,0,400,0
0.99,1.0101010101,0.1,4,0.025,0.03084214511573044,0,0.04975821915236273,0,373,0
0.99,1.0101010101,0.2,4,0.025,0.03077509179686828,0,0.04964677875721286,0,357,0
0.99,1.0101010101,0.3,4,0.025,0.03070961990686534,0,0.04953730250898011,0,346,0
0.99,1.0101010101,0.4,4,0.025,0.03064590950834829,0,0.04943044662653236,0,343,0
0.99,1.0101010101,0.5,4,0.025,0.03058433429362419,0,0.04932711156617294,0,339,0
0.99,1.0101010101,0.6,4,0.025,0.03052532234597768,0,0.04922794737090196,0,337,0
0.99,1.0101010101,0.7,4,0.025,0.03035152597270908,0.0001176378275073685,0.04913663738217132,3.3251422035252e-06,337,0.25
0.99,1.0101010101,0.8,4,0.025,0.03029992768379584,0.0001164122757427513,0.0490493500981898,5.596363777811766e-06,337,0.25
0.99,1.0101010101,0.9,4,0.025,0.03025566229778322,0.0001118712861850153,0.04897242087425549,1.2272359567609e-05,337,0.25
0.99,1.0101010101,1,4,0.025,0.03022345340366012,9.979567240589807e-05,0.04891034067681019,2.685885960507228e-05,337,0.25
0.99,1.0101010101,1.1,4,0.025,0.03020866484872287,7.5128312344349e-05,0.04887120276510922,5.685606846929717e-05,337,0.25
0.99,1.0101010101,1.2,4,0.025,0.03021695020149375,3.230391004016044e-05,0.04886499825844097,0.0001121793406895933,343,0.25
0.99,1.0101010101,1.3,4,0.025,0.03025391775804892,3.444818829732941e-05,0.04890164314753799,0.0002028700308100411,363,0.25
0.99,1.0101010101,1.4,4,0.025,0.03032488796368565,0.0001302442375093185,0.04898930362009384,0.0003368643156379473,390,0.25
0.99,1.0101010101,1.5,4,0.025,0.03043303487181468,0.0002579296647359161,0.04913260314029417,0.0005184110812141429,400,0.25
0.99,1.0101010101,1.6,4,0.025,0.03057859675434571,0.0004175423511634992,0.04933349681898263,0.0007490019319694296,400,0.25
0.99,1.0101010101,1.7,4,0.025,0.03075998508345324,0.0006073423455430172,0.04959201892818379,0.001028482781331578,400,0.25
0.99,1.0101010101,1.8,4,0.025,0.03203975476320107,0.001108976664959697,0.04989172139716865,0.001358470781804681,400,0.5
0.99,1.0101010101,1.9,4,0.025,0.03233323508865014,0.00126041431611854,0.05025679053011632,0.001717181424993895,400,0.5
0.99,1.0101010101,2,4,0.025,0.03268003082977703,0.001457296705972083,0.05065446874438877,0.00208823944168979,400,0.5
0.99,1.0101010101,2.1,4,0.025,0.0330562350098792,0.001672711632622069,0.05106121441471968,0.002440987595550959,400,0.5
0.99,1.0101010101,2.2,4,0.025,0.03342686066061654,0.001879942848923117,0.05145320650778612,0.002740198765234191,400,0.5
0.99,1.0101010101,2.3,4,0.025,0.03375800989714355,0.00205820588345117,0.05180961188543506,0.002952672922908496,400,0.5
0.99,1.0101010101,2.4,4,0.025,0.03402670691408856,0.002194903886263743,0.05211167934596535,0.003051720026147151,400,0.5
0.99,1.0101010101,2.5,4,0.025,0.03421613817287215,0.002282299041418266,0.05234071546854625,0.003019346946724069,400,0.5
0.99,1.0101010101,2.6,4,0.025,0.03430508578248713,0.002312475520559193,0.05247930285885334,0.002849374965301657,400,0.5
0.99,1.0101010101,2.7,4,0.025,0.03426758446708628,0.002277306368322403,0.05251620244953078,0.002557805080410599,400,0.5
0.99,1.0101010101,2.8,4,0.025,0.03523785083702425,0.003100582693238941,0.05198705092208177,0.002124767026445359,400,0.75
0.99,1.0101010101,2.9,4,0.025,0.02964986880465828,0.005936415151961953,0.0430804487266398,0.007633049298187276,400,1
0.99,1.0101010101,3,4,0.025,0.0393759122455615,0.01068332829840158,0.04151449822186793,0.007456658976762645,400,1.25
0.99,1.0101010101,3.1,4,0.025,0.03972274085388796,0.01041572970621397,0.04246697316006676,0.007421079042051768,400,1.25
0.99,1.0101010101,3.2,4,0.025,0.03981698354090499,0.0102117912864582,0.043596433469616,0.007318692462756808,400,1.25
0.99,1.0101010101,3.3,4,0.025,0.03969208177136001,0.009864173026189945,0.04478101793777869,0.007182961651032703,400,1.25
0.99,1.0101010101,3.4,4,0.025,0.03939105989921993,0.009315587610673659,0.04590523535363047,0.007040943037617983,400,1.25
0.99,1.0101010101,3.5,4,0.025,0.03890912850241408,0.008675950747800001,0.04689243792847526,0.006890407713724256,400,1.25
0.99,1.0101010101,3.6,4,0.025,0.0381959030883189,0.008049572853461091,0.04769689765938978,0.006711971364951686,400,1.25
0.99,1.0101010101,3.7,4,0.025,0.0372308843925455,0.007400912125071714,0.04826175668650532,0.00649538787150587,400,1.25
0.99,1.0101010101,3.8,4,0.025,0.03606934358504967,0.006608057697352497,0.04850881973066512,0.006241550056313767,400,1.25
0.99,1.0101010101,3.9,4,0.025,0.03481279081182842,0.005605963061551997,0.04837886556086383,0.005948109681801836,400,1.25
0.99,1.0101010101,4,4,0.025,0.03356997635961863,0.004453053472647447,0.04787733005909408,0.005612149543206026,400,1.25
0.99,1.0101010101,4.1,4,0.025,0.03242727846976267,0.00328252880608942,0.04707672458847461,0.005252709381389682,400,1.25
0.99,1.0101010101,4.2,4,0.025,0.03141668522982225,0.002210202284811899,0.04607216834522816,0.004909759302040482,400,1.25
0.99,1.0101010101,4.3,4,0.025,0.03051213535825555,0.001284763831456564,0.04492863608505817,0.00461309571285745,400,1.25
0.99,1.0101010101,4.4,4,0.025,0.02965720500352692,0.0006584047169110014,0.04366191279283731,0.004367176027642597,400,1.25
0.99,1.0101010101,4.5,4,0.025,0.02882264493693071,0.0009766406085093661,0.04226905684430716,0.004179368292480587,400,1.25
0.99,1.0101010101,4.6,4,0.025,0.02805432765550276,0.001680773228301975,0.04077918956281679,0.004085915033546733,400,1.25
0.99,1.0101010101,4.7,4,0.025,0.02744039729698067,0.002244741441133164,0.03927616986446364,0.004126319246554387,400,1.25
0.99,1.0101010101,4.8,4,0.025,0.02702424609611963,0.002555306479729281,0.03787206484124685,0.004296102125886683,400,1.25
0.99,1.0101010101,4.9,4,0.025,0.0267505101612139,0.002668095785508557,0.03665441533025568,0.004544526156239923,400,1.25
0.99,1.0101010101,5,4,0.025,0.02650620606622787,0.002706345259337778,0.03565062689175863,0.004814933763175406,400,1.25
0.99,1.0101010101,5.1,4,0.025,0.02623239638508092,0.002736509686365932,0.0348350840393036,0.005073512312846769,400,1.25
0.99,1.0101010101,5.2,4,0.025,0.02597568037049043,0.002729502535153015,0.03416688795334017,0.005307827824206498,400,1.25
0.99,1.0101010101,5.3,4,0.025,0.02581902027415485,0.002636334054263288,0.03363243504571582,0.00550730231766797,400,1.25
0.99,1.0101010101,5.4,4,0.025,0.0214140718863786,0.005247558013082556,0.03472469148154431,0.005201250692188288,400,1.5
0.99,1.0101010101,5.5,4,0.025,0.02158364454117759,0.005097217674166666,0.0346438373744271,0.005224684845057896,400,1.5
0.99,1.0101010101,5.6,4,0.025,0.02191115699268332,0.00474015204506779,0.03469832830413058,0.005172788913438545,400,1.5
0.99,1.0101010101,5.7,4,0.025,0.01564482291933235,0.004752250553270172,0.03279276677037926,0.003099297019190519,400,1.75
0.99,1.0101010101,5.8,4,0.025,0.01660538687422472,0.004029399614695558,0.03282901483459816,0.002943880106378209,400,1.75
0.99,1.0101010101,5.9,4,0.025,0.01810996641179446,0.002870239278893656,0.03265110943168292,0.002652932265656604,400,1.75
0.99,1.0101010101,6,4,0.025,0.01907365501717664,0.002188841748940343,0.03224404563530511,0.002257109645392332,400,1.75
0.99,1.0101010101,6.1,4,0.025,0.01905448272176762,0.002569182143873929,0.03158643542334792,0.001829903887834473,400,1.75
0.99,1.0101010101,6.2,4,0.025,0.01860160877616942,0.003530835151663281,0.03064985213377565,0.001485581824152971,400,1.75
0.99,1.0101010101,6.3,4,0.025,0.01855773754928141,0.003962569316019425,0.02944026203369504,0.001337997286309922,400,1.75
0.99,1.0101010101,6.4,4,0.025,0.01921014831848167,0.003549789243411458,0.0280591404692232,0.00142749061622853,400,1.75
0.99,1.0101010101,6.5,4,0.025,0.02017875041952668,0.002850152054617822,0.02669252514234911,0.001692184065301699,400,1.75
0.99,1.0101010101,6.6,4,0.025,0.02095113964783534,0.002456003408274169,0.0255020578284446,0.002005424845694818,400,1.75
0.99,1.0101010101,6.7,4,0.025,0.02136887086351436,0.002375760817958808,0.02452533433747777,0.002268516329698372,400,1.75
0.99,1.0101010101,6.8,4,0.025,0.0216266740212927,0.002333405960231754,0.02368960394400954,0.002479276274023767,400,1.75
0.99,1.0101010101,6.9,4,0.025,0.02096646049148758,0.001224335917486597,0.02430236149095976,0.003056754611146221,400,2
0.99,1.0101010101,7,4,0.025,0.0214211612065886,0.001027079547738319,0.02351673836030635,0.003219691829389928,400,2
0.99,1.0101010101,7.1,4,0.025,0.02183719740696444,0.0009937383640233821,0.02295011775663507,0.003292325886350192,400,2
0.99,1.0101010101,7.2,4,0.025,0.02207683314942833,0.001075361894771869,0.0227150286583401,0.003210219586492064,400,2
0.99,1.0101010101,7.3,4,0.025,0.02206921249067852,0.001120384204683955,0.02280212673243252,0.002995545095604975,400,2
0.99,1.0101010101,7.4,4,0.025,0.02184497259163758,0.001132173672675592,0.02306969170937873,0.002728901302456376,400,2
0.99,1.0101010101,7.5,4,0.025,0.02151821442784507,0.001208137647990064,0.02333174555149239,0.002466627410034717,400,2
0.99,1.0101010101,7.6,4,0.025,0.02121989314302762,0.00136434391772256,0.02347455676600571,0.002216510135191392,400,2
0.99,1.0101010101,7.7,4,0.025,0.02101164747229143,0.001535881838033865,0.02350489602767437,0.001990318351042161,400,2
0.99,1.0101010101,7.8,4,0.025,0.0208638989006231,0.001694456370807964,0.02349220266958259,0.001825550517705722,400,2
0.99,1.0101010101,7.9,4,0.025,0.02072721212313188,0.001847331487197734,0.02348226742543457,0.001752637632291064,400,2
0.99,1.0101010101,8,4,0.025,0.02060274651668949,0.002009794708134439,0.02343458985106628,0.001758762157967313,400,2
0.99,1.0101010101,8.1,4,0.025,0.01656860792426046,0.004662023190787365,0.02925897311333393,0.006041570567847053,400,2.25
0.99,1.0101010101,8.2,4,0.025,0.01677388774286307,0.00444662814052659,0.02949271704616456,0.006782311471663869,400,2.25
0.99,1.0101010101,8.3,4,0.025,0.01695551727905968,0.004111030555857829,0.02913901267512671,0.007007019908579312,400,2.25
0.99,1.0101010101,8.4,4,0.025,0.01719373842097058,0.003667183120534987,0.02878856849235685,0.007170947838215386,400,2.25
0.99,1.0101010101,8.5,4,0.025,0.01700966802939836,0.003597379225383605,0.02956962108464213,0.008307653670670925,400,2.5
0.99,1.0101010101,8.6,4,0.025,0.01755558110704953,0.003062211856674837,0.02980907901817563,0.00884543854919952,400,2.5
0.99,1.0101010101,8.7,4,0.025,0.01819188413441681,0.002592512578859873,0.02973718695087203,0.009095382207365622,400,2.5
0.99,1.0101010101,8.8,4,0.025,0.01776760808888166,0.002097583677001151,0.02767006413134105,0.009241466031362121,400,2.75
0.99,1.0101010101,8.9,4,0.025,0.01824647635339657,0.002189494119574398,0.0265755235679744,0.008492259949616162,400,2.75
0.99,1.0101010101,9,4,0.025,0.01858157827195848,0.002435697068732391,0.02548404129067408,0.007716744667909428,400,2.75
0.99,1.0101010101,9.1,4,0.025,0.01879374126572034,0.002739520833442882,0.0246021527544712,0.007136028816502854,400,2.75
0.99,1.0101010101,9.2,4,0.025,0.01889618136392074,0.003020167187536833,0.02383951924389683,0.006696942714198173,400,2.75
0.99,1.0101010101,9.3,4,0.025,0.01891028328034858,0.003247344442931312,0.02306965428521544,0.006272685399518482,400,2.75
0.99,1.0101010101,9.4,4,0.025,0.01873362296651458,0.003332409439877594,0.02383489482425104,0.007254243030621045,400,3
0.99,1.0101010101,9.5,4,0.025,0.01856588176455411,0.003434277405743688,0.02275554775436413,0.006517272842349636,400,3
0.99,1.0101010101,9.6,4,0.025,0.01835005687194236,0.003512949870851129,0.0222319662870785,0.006332120020577081,400,3
0.99,1.0101010101,9.7,4,0.025,0.01810040485566679,0.003561648952490609,0.02196516609989841,0.00643253082797449,400,3
0.99,1.0101010101,9.8,4,0.025,0.01783686593196011,0.003582556873609551,0.02158029092990008,0.006440308741062314,400,3
0.99,1.0101010101,9.9,4,0.025,0.01764134761740141,0.003566794459916817,0.02111161257912979,0.006140951740778485,400,3.25
0.99,1.0101010101,10,4,0.025,0.01736691969496299,0.003605965070407864,0.02042182080284333,0.005740181566058625,400,3.25
0.99,1.0101010101,10.1,4,0.025,0.01714574708196007,0.003669099536511584,0.01977432625216996,0.005345899148642167,400,3.25
0.99,1.0101010101,10.2,4,0.025,0.01700091748217928,0.003754178627611746,0.01921827102350947,0.005063848339229525,400,3.25
0.99,1.0101010101,10.3,4,0.025,0.01692551829489046,0.003854262787682513,0.01874241058930835,0.00487580717837648,400,3.25
0.99,1.0101010101,10.4,4,0.025,0.01686582025299015,0.003964216058905345,0.01833249632499176,0.004710200964732272,400,3.25
0.99,1.0101010101,10.5,4,0.025,0.01675796905304738,0.004067269634763568,0.01799839546904285,0.004528301408209719,400,3.25
0.99,1.0101010101,10.6,4,0.025,0.01651249581532636,0.00411370427999972,0.01755908680263445,0.004317129570294185,400,3.5
0.99,1.0101010101,10.7,4,0.025,0.01632232582296562,0.004128233181558531,0.01735547911172674,0.00418396574507013,400,3.5
0.99,1.0101010101,10.8,4,0.025,0.01613851571815634,0.004093416066313525,0.01719799173817036,0.004145331009653321,400,3.5
0.99,1.0101010101,10.9,4,0.025,0.01595903230295911,0.004028526506315484,0.0170737594123491,0.004188551468078699,400,3.5
0.99,1.0101010101,11,4,0.025,0.01573113454862408,0.003947113843487465,0.01697867932686775,0.00425047761967375,400,3.5
0.99,1.0101010101,11.1,4,0.025,0.01544438394016012,0.003852330223629557,0.01688607535528163,0.004259749694659617,400,3.5
0.99,1.0101010101,11.2,4,0.025,0.01516750254268372,0.003747022917426102,0.01673643417672007,0.004194335675821414,400,3.5
0.99,1.0101010101,11.3,4,0.025,0.01507911744422124,0.003596243999357806,0.01704079694835932,0.003801155662399852,400,3.75
0.99,1.0101010101,11.4,4,0.025,0.01502452827325348,0.003510677704649484,0.01682502033088047,0.003721759181751798,400,3.75
0.99,1.0101010101,11.5,4,0.025,0.01499107692555911,0.003452346654721722,0.01657115763945784,0.003740570866125862,400,3.75
0.99,1.0101010101,11.6,4,0.025,0.01487793726215604,0.003416403492159238,0.01634314042277238,0.003791618183748477,400,3.75
0.99,1.0101010101,11.7,4,0.025,0.01469925220638428,0.003381743572943203,0.01617412665776581,0.003776549971949627,400,3.75
0.99,1.0101010101,11.8,4,0.025,0.01456475236432018,0.003335540931512837,0.01603542350090063,0.003672412504498746,400,3.75
0.99,1.0101010101,11.9,4,0.025,0.01455004649613562,0.003289325382712399,0.01586852038558103,0.003547208930023237,400,3.75
0.99,1.0101010101,12,4,0.025,0.01601769630372119,0.002556644818312695,0.0179236122928074,0.002873373584970877,400,4
0.99,1.0101010101,0,8,0.025,0.03090938370284507,0,0.04987128801579448,2.622655377657235e-18,400,0
0.99,1.0101010101,0.1,8,0.025,0.03084214511573044,0,0.04975821915236273,0,373,0
0.99,1.0101010101,0.2,8,0.025,0.03077509179686828,1.311327688828617e-18,0.04964677875721286,2.622655377657235e-18,357,0
0.99,1.0101010101,0.3,8,0.025,0.03070961990686535,1.311327688828617e-18,0.04953730250898011,0,346,0
0.99,1.0101010101,0.4,8,0.025,0.03064590950834829,1.311327688828617e-18,0.04943044662653236,2.622655377657235e-18,343,0
0.99,1.0101010101,0.5,8,0.025,0.0305843342936242,1.311327688828617e-18,0.04932711156617293,2.622655377657235e-18,339,0
0.99,1.0101010101,0.6,8,0.025,0.03052532234597768,0,0.04922794737090196,0,337,0
0.99,1.0101010101,0.7,8,0.025,0.03041034488646276,5.881891375368423e-05,0.04913497481106956,1.6625711017626e-06,337,0.125
0.99,1.0101010101,0.8,8,0.025,0.03035813382166721,5.820613787137566e-05,0.0490465519163009,2.798181888905883e-06,337,0.125
0.99,1.0101010101,0.9,8,0.025,0.03031159794087573,5.593564309250764e-05,0.04896628469447169,6.136179783804497e-06,337,0.125
0.99,1.0101010101,1,8,0.025,0.03024398037428385,5.416378249431261e-05,0.04897604598283761,7.83518832286633e-05,337,0.25
0.99,1.0101010101,1.1,8,0.025,0.03021669093724674,4.434571603232139e-05,0.04892191093446738,8.017433641475522e-05,337,0.25
0.99,1.0101010101,1.2,8,0.025,0.03020326644860191,3.183344108382791e-05,0.04888770762442878,8.995852280878783e-05,343,0.25
0.99,1.0101010101,1.3,8,0.025,0.0302063879332427,3.693570596453458e-05,0.04887756562585045,0.0001184538440294157,363,0.25
0.99,1.0101010101,1.4,8,0.025,0.03022870770439195,7.604851172286248e-05,0.04889441667522858,0.0001738937578447735,390,0.25
0.99,1.0101010101,1.5,8,0.025,0.03027178456663748,0.0001373459341397332,0.0489386575709691,0.0002580955362041677,400,0.25
0.99,1.0101010101,1.6,8,0.025,0.030335437736397,0.0002163772739414788,0.04900855512484158,0.0003706807780068236,400,0.25
0.99,1.0101010101,1.7,8,0.025,0.03041827763096578,0.0003113889670418644,0.04910120798493766,0.0005114202276086769,400,0.25
0.99,1.0101010101,1.8,8,0.025,0.03105058038894696,0.0006363853063085937,0.04920578382230888,0.0006803515062133568,400,0.375
0.99,1.0101010101,1.9,8,0.025,0.03118868505342071,0.0007280458357614873,0.04933169495379888,0.0008708370033790179,400,0.375
0.99,1.0101010101,2,8,0.025,0.03135113795433158,0.0008434211321404747,0.04945909857296198,0.001075308324843286,400,0.375
0.99,1.0101010101,2.1,8,0.025,0.03152489187485932,0.0009702133838868245,0.04957245681602389,0.001281670866369797,400,0.375
0.99,1.0101010101,2.2,8,0.025,0.03169095990779172,0.00109519939361056,0.04965783576855605,0.00147665408671084,400,0.375
0.99,1.0101010101,2.3,8,0.025,0.03183043651226954,0.001207804967624884,0.04970600756346155,0.001648379391999166,400,0.375
0.99,1.0101010101,2.4,8,0.025,0.03192999041235962,0.001301990159094986,0.0497113275101086,0.001788200531770235,400,0.375
0.99,1.0101010101,2.5,8,0.025,0.03198001485822338,0.0013744042753217,0.04966853913496327,0.001892297253467932,400,0.375
0.99,1.0101010101,2.6,8,0.025,0.03196959285528465,0.001421328607266047,0.0495719911102514,0.001963771596559844,400,0.375
0.99,1.0101010101,2.7,8,0.025,0.03188604204791379,0.001438833363354872,0.04941921560665574,0.002015065869426899,400,0.375
0.99,1.0101010101,2.8,8,0.025,0.03226138719821625,0.001881384296850888,0.04906078568840262,0.001999527140845084,400,0.625
0.99,1.0101010101,2.9,8,0.025,0.0293854872445086,0.00280577021685569,0.04444434765995613,0.003881936429675315,400,0.75
0.99,1.0101010101,3,8,0.025,0.03416058815694099,0.005364397014218938,0.04351446655877429,0.003915896115675374,400,0.875
0.99,1.0101010101,3.1,8,0.025,0.03424295431488672,0.005302867749739576,0.04386580717106348,0.003929651875620133,400,0.875
0.99,1.0101010101,3.2,8,0.025,0.03420012331858703,0.005254272693730984,0.04432871080200494,0.003922915823534532,400,0.875
0.99,1.0101010101,3.3,8,0.025,0.03405415937912851,0.005131131309276809,0.0448392352020178,0.003913389472603596,400,0.875
0.99,1.0101010101,3.4,8,0.025,0.03383148616560792,0.004912166560813155,0.04533529920138982,0.003910782447954366,400,0.875
0.99,1.0101010101,3.5,8,0.025,0.03353145903913485,0.004642014222518809,0.04577492113752236,0.003908209586066546,400,0.875
0.99,1.0101010101,3.6,8,0.025,0.02987856217600642,0.00563436892505335,0.04018873499632681,0.006708368503044978,400,1
0.99,1.0101010101,3.7,8,0.025,0.02921976112824155,0.005436573135907579,0.04050855127492112,0.006640786056003677,400,1.125
0.99,1.0101010101,3.8,8,0.025,0.02911585747186528,0.004753976999469033,0.04083400733418881,0.006397015044402165,400,1.125
0.99,1.0101010101,3.9,8,0.025,0.02870002184980082,0.004181152703231802,0.04085073037293589,0.006194081367684262,400,1.125
0.99,1.0101010101,4,8,0.025,0.02787267373164452,0.003865983232449665,0.0403915559198361,0.006164282077951741,400,1.125
0.99,1.0101010101,4.1,8,0.025,0.02698171908616807,0.003707893507897087,0.03962199850618321,0.006218137317288069,400,1.125
0.99,1.0101010101,4.2,8,0.025,0.02642925321863782,0.003437128005147276,0.03883674255524462,0.00616741729173864,400,1.125
0.99,1.0101010101,4.3,8,0.025,0.02617476994131569,0.003004763019763755,0.03896579363164095,0.005835541361741831,400,1.25
0.99,1.0101010101,4.4,8,0.025,0.02636589622877449,0.002565310099586485,0.03819459307522286,0.005579849256960599,400,1.375
0.99,1.0101010101,4.5,8,0.025,0.02719609034682226,0.002742810186585853,0.03899306063335442,0.006183272637096696,400,1.5
0.99,1.0101010101,4.6,8,0.025,0.0269664663076838,0.002693877234434329,0.03781209392773738,0.006072113243085939,400,1.5
0.99,1.0101010101,4.7,8,0.025,0.02686870556267123,0.002689736543530573,0.03637930081506662,0.005820304663555562,400,1.5
0.99,1.0101010101,4.8,8,0.025,0.02703349952607726,0.002649274072753489,0.03485805594104389,0.005429903293804114,400,1.5
0.99,1.0101010101,4.9,8,0.025,0.02737199424278633,0.002608561431461905,0.03334287742512852,0.004989678156221668,400,1.5
0.99,1.0101010101,5,8,0.025,0.02767791026153439,0.002623688581148327,0.03190202106924413,0.004598881514773581,400,1.5
0.99,1.0101010101,5.1,8,0.025,0.02783919299114786,0.002681190700376289,0.03062301021910216,0.004300104274606267,400,1.5
0.99,1.0101010101,5.2,8,0.025,0.02790605870042537,0.002729017903388619,0.02959941617372865,0.004081856572086597,400,1.5
0.99,1.0101010101,5.3,8,0.025,0.02798017457458154,0.002727050816538559,0.02889664553580559,0.003913888670945497,400,1.5
0.99,1.0101010101,5.4,8,0.025,0.02591179270304487,0.003715085951353496,0.0292696938835574,0.003768385197029546,400,1.625
0.99,1.0101010101,5.5,8,0.025,0.02609606725760841,0.003599944840259802,0.02927319746498654,0.003610543110071777,400,1.625
0.99,1.0101010101,5.6,8,0.025,0.02584736915045133,0.00334134277355676,0.02996846754335303,0.003429474546798937,400,1.75
0.99,1.0101010101,5.7,8,0.025,0.0228231381021905,0.003913789485658971,0.02917641654836944,0.002427236633706697,400,1.875
0.99,1.0101010101,5.8,8,0.025,0.02335203242228689,0.003499978458564919,0.02929523532843535,0.002199643257852432,400,1.875
0.99,1.0101010101,5.9,8,0.025,0.02409249435403576,0.002929189678492375,0.02933249055204044,0.001961785186498528,400,1.875
0.99,1.0101010101,6,8,0.025,0.02449198178426152,0.002571579502030491,0.02936956481173379,0.001727635593792601,400,1.875
0.99,1.0101010101,6.1,8,0.025,0.02434674508981735,0.002580224442297274,0.02936024181565234,0.001499509388615061,400,1.875
0.99,1.0101010101,6.2,8,0.025,0.02398273059892951,0.002831614779283601,0.02920281543600228,0.001291601355139518,400,1.875
0.99,1.0101010101,6.3,8,0.025,0.02386747221743493,0.002945523426325865,0.02882646479897764,0.001161518435548859,400,1.875
0.99,1.0101010101,6.4,8,0.025,0.02318648687477116,0.002798540666953791,0.02889395716768772,0.001698722299991248,400,2
0.99,1.0101010101,6.5,8,0.025,0.02184150542140876,0.003531197862728505,0.02950341697650578,0.002933157758204279,400,2.125
0.99,1.0101010101,6.6,8,0.025,0.02253097997281868,0.003257299461394626,0.0290906834677692,0.003111292677960526,400,2.125
0.99,1.0101010101,6.7,8,0.025,0.02037964898757157,0.003308410007433005,0.03334496693663577,0.005549399525638571,400,2.375
0.99,1.0101010101,6.8,8,0.025,0.02055284940968296,0.003214929803952748,0.03272603300487846,0.005512902174226709,400,2.5
0.99,1.0101010101,6.9,8,0.025,0.02019997714608996,0.002992054929521519,0.03305585155868924,0.005476472199977493,400,2.625
0.99,1.0101010101,7,8,0.025,0.02053953547259571,0.002830681064596254,0.03213590360321998,0.005311630104099345,400,2.625
0.99,1.0101010101,7.1,8,0.025,0.02104559168966619,0.002571567241847617,0.031180569324151,0.005063444409120636,400,2.625
0.99,1.0101010101,7.2,8,0.025,0.02156041853119262,0.002260808997342038,0.03058780112761737,0.004822948380096798,400,2.625
0.99,1.0101010101,7.3,8,0.025,0.02188845231263999,0.001996491199201466,0.03025547766052959,0.004557271908502418,400,2.625
0.99,1.0101010101,7.4,8,0.025,0.02198410842029026,0.00182664252076859,0.02981960352517311,0.004196963385104931,400,2.625
0.99,1.0101010101,7.5,8,0.025,0.02195222478924877,0.001731714318673695,0.02913049660667689,0.003766003776398893,400,2.625
0.99,1.0101010101,7.6,8,0.025,0.02190417083721731,0.001665360062136733,0.02830107852031153,0.003347031984943039,400,2.625
0.99,1.0101010101,7.7,8,0.025,0.02192788779031433,0.001589702049234806,0.02747030989323152,0.002940530555565545,400,2.625
0.99,1.0101010101,7.8,8,0.025,0.02202934869322498,0.001525229712359608,0.02668896176571526,0.002537919990519768,400,2.625
0.99,1.0101010101,7.9,8,0.025,0.02211367848290934,0.00150375121956338,0.02594818352079361,0.002186320243603331,400,2.625
0.99,1.0101010101,8,8,0.025,0.0202574571769636,0.00184955938244729,0.02638711559013516,0.002259956936564732,400,2.75
0.99,1.0101010101,8.1,8,0.025,0.01829419462788425,0.002749537692989884,0.02862116934900747,0.00332448888728705,400,2.875
0.99,1.0101010101,8.2,8,0.025,0.01845956712216775,0.002598062996008495,0.02810527657291629,0.003638161240603954,400,2.875
0.99,1.0101010101,8.3,8,0.025,0.01685290752414692,0.002172481155502895,0.02676011267502233,0.003671037081203403,400,3
0.99,1.0101010101,8.4,8,0.025,0.01724485149054739,0.001932182395075528,0.02631091466024353,0.00372375887416167,400,3
0.99,1.0101010101,8.5,8,0.025,0.01745331522444975,0.001862782458868774,0.02651587916573164,0.004222977530215202,400,3.125
0.99,1.0101010101,8.6,8,0.025,0.01801968988256665,0.001610621503699979,0.02635124050021929,0.004456086410419264,400,3.125
0.99,1.0101010101,8.7,8,0.025,0.01861810656339829,0.001403305968625067,0.02589047139164056,0.004571918740590039,400,3.125
0.99,1.0101010101,8.8,8,0.025,0.01866364666203831,0.001258672891557672,0.02440770807104203,0.004544053584660333,400,3.25
0.99,1.0101010101,8.9,8,0.025,0.01913788470055023,0.001323375658508135,0.02353907115640892,0.004175773016113687,400,3.25
0.99,1.0101010101,9,8,0.025,0.01956027090466478,0.001471498192257089,0.02309727069214541,0.003795701200384359,400,3.375
0.99,1.0101010101,9.1,8,0.025,0.01989549543298386,0.001654733107501004,0.02266419783867664,0.003492367830530184,400,3.375
0.99,1.0101010101,9.2,8,0.025,0.02046772830800931,0.00187504213776418,0.02259110162314025,0.003227745331995956,400,3.5
0.99,1.0101010101,9.3,8,0.025,0.02053752689768215,0.001988902333631446,0.02216931664722035,0.003023368267948727,400,3.5
0.99,1.0101010101,9.4,8,0.025,0.02070388249647575,0.00208398398651057,0.02455192491705731,0.00418887318940321,400,3.75
0.99,1.0101010101,9.5,8,0.025,0.02053976597608993,0.002107339143552342,0.02369435178311089,0.003800661765503477,400,3.75
0.99,1.0101010101,9.6,8,0.025,0.02034537472078216,0.0021257541216192,0.02321953339419918,0.003628960324103891,400,3.75
0.99,1.0101010101,9.7,8,0.025,0.02011212332401842,0.002133522160722867,0.02302143193516293,0.003627799075601523,400,3.75
0.99,1.0101010101,9.8,8,0.025,0.01981278510927705,0.002116985493544006,0.02279751929113671,0.003635947987674128,400,3.75
0.99,1.0101010101,9.9,8,0.025,0.01948053943157244,0.002067123237245043,0.02244161252152719,0.00352596887074017,400,3.875
0.99,1.0101010101,10,8,0.025,0.01907163641702228,0.00203829230867271,0.02186533611734433,0.003363475999173787,400,3.875
0.99,1.0101010101,10.1,8,0.025,0.01867906987426372,0.002018836095007112,0.02122983894269947,0.003176700822993749,400,3.875
0.99,1.0101010101,10.2,8,0.025,0.01820357256001401,0.001986166702837501,0.02052924769245751,0.00300728405599366,400,4
0.99,1.0101010101,10.3,8,0.025,0.01787142983339504,0.001992176606190539,0.0200897949773331,0.00290543255742415,400,4
0.99,1.0101010101,10.4,8,0.025,0.01669531251882512,0.002105686094165837,0.01941080659776571,0.002789572879090725,400,4.125
0.99,1.0101010101,10.5,8,0.025,0.01648806897702747,0.00210779533521273,0.01886926682533468,0.0026830812110368,400,4.125
0.99,1.0101010101,10.6,8,0.025,0.01626557844205279,0.002084840145980792,0.01798372946250167,0.002573090521713784,400,4.25
0.99,1.0101010101,10.7,8,0.025,0.01611057494807707,0.002054582800066616,0.01725327644379673,0.00251217498551477,400,4.25
0.99,1.0101010101,10.8,8,0.025,0.01599160574638781,0.002009670014787632,0.01683938277047421,0.002433640668935585,400,4.25
0.99,1.0101010101,10.9,8,0.025,0.01590604983229343,0.001964083118171325,0.01668561872323921,0.002344559121013425,400,4.25
0.99,1.0101010101,11,8,0.025,0.01580724153917962,0.001932367797913179,0.01672057985228871,0.002307298781517125,400,4.375
0.99,1.0101010101,11.1,8,0.025,0.01568935360295649,0.001914299207373067,0.01652966084965201,0.002268363092730681,400,4.375
0.99,1.0101010101,11.2,8,0.025,0.01556048444627736,0.001896434765215091,0.01625087912501157,0.002215144058275898,400,4.375
0.99,1.0101010101,11.3,8,0.025,0.01550679018188899,0.001851528084964244,0.01623490198124746,0.002034247530548482,400,4.5
0.99,1.0101010101,11.4,8,0.025,0.01546177401947085,0.001829296843313526,0.01606055720402962,0.001949282077210016,400,4.5
0.99,1.0101010101,11.5,8,0.025,0.01542478256627869,0.001814460199749207,0.01595162364884621,0.001906047409494429,400,4.5
0.99,1.0101010101,11.6,8,0.025,0.01533581683280418,0.001802319657681557,0.01588189588384605,0.001901390102343111,400,4.5
0.99,1.0101010101,11.7,8,0.025,0.01518632033266812,0.00178052251515945,0.01581770522465967,0.00188741093344263,400,4.5
0.99,1.0101010101,11.8,8,0.025,0.01502886394869328,0.001742262503783625,0.01572237873514407,0.001838249115585289,400,4.5
0.99,1.0101010101,11.9,8,0.025,0.01492674429003792,0.001697362000495824,0.01557856458719381,0.001779657770431935,400,4.5
0.99,1.0101010101,12,8,0.025,0.01567755665742212,0.001341924466761841,0.01659804040423338,0.001551398433927282,400,4.75
1,1,0,4,0.025,0.04000526542660802,0,0.03996236895799365,0,400,0
1,1,0.1,4,0.025,0.03991675845714605,0,0.03987247926697972,0,373,0
1,1,0.2,4,0.025,0.03982838192436456,0,0.03978413222521758,0,359,0
1,1,0.3,4,0.025,0.0397420208982186,0,0.03969750757507072,0,351,0
1,1,0.4,4,0.025,0.03965797899860223,0,0.03961304649632899,0,351,0
1,1,0.5,4,0.025,0.03957676080673508,0,0.03953141869900327,0,347,0
1,1,0.6,4,0.025,0.0394988313573495,0,0.03945312300830401,0,345,0
1,1,0.7,4,0.025,0.03936945382494701,5.525015118349082e-05,0.03931651275088704,6.202848507261965e-05,343,0.25
1,1,0.8,4,0.025,0.03930135332918946,5.347549873288213e-05,0.03924820232052546,5.991843025412655e-05,343,0.25
1,1,0.9,4,0.025,0.03924283775671495,4.721786016245212e-05,0.0391889504944001,5.364734734432386e-05,343,0.25
1,1,1,4,0.025,0.03919962952943358,3.152027882490603e-05,0.03914245374150333,4.039263180721786e-05,343,0.25
1,1,1.1,4,0.025,0.0391783950706318,8.921517362890652e-08,0.03911598651781682,1.336251554833606e-05,343,0.25
1,1,1.2,4,0.025,0.03918594566394699,5.376139626235218e-05,0.03911826473212878,3.612585004830401e-05,350,0.25
1,1,1.3,4,0.025,0.0392289236376967,0.0001369326847073093,0.03915789770975154,0.0001168348824075946,369,0.25
1,1,1.4,4,0.025,0.03931345867315156,0.0002554720465031569,0.03924183395483229,0.0002356716530050353,397,0.25
1,1,1.5,4,0.025,0.03944320542264927,0.0004124062154414846,0.03937409697979195,0.0003961252801225664,400,0.25
1,1,1.6,4,0.025,0.03961834937319933,0.0006076200066430695,0.03955642964505733,0.0005994928910231755,400,0.25
1,1,1.7,4,0.025,0.03983635460449896,0.000838516644414587,0.03978887951481186,0.0008456795296403197,400,0.25
1,1,1.8,4,0.025,0.04136093571848949,0.001374811388423837,0.03999137711225929,0.001160367881510807,400,0.5
1,1,1.9,4,0.025,0.04171661840211435,0.001573483194084578,0.04031695002341253,0.001475812721029273,400,0.5
1,1,2,4,0.025,0.04213607997595756,0.001819095431188482,0.04067188695335816,0.001802840886663731,400,0.5
1,1,2.1,4,0.025,0.04258780158892345,0.002079422169440793,0.04103552548161504,0.002114322736664138,400,0.5
1,1,2.2,4,0.025,0.04302810983716061,0.002323974340045981,0.04138694212474919,0.002379487334252281,400,0.5
1,1,2.3,4,0.025,0.04341536630407632,0.002529257152188447,0.04170802060852288,0.002569344983095306,400,0.5
1,1,2.4,4,0.025,0.04372071886104442,0.002681104256891985,0.04198292511958547,0.00266125547262503,400,0.5
1,1,2.5,4,0.025,0.04392188140441387,0.002770783072145354,0.04219635009026249,0.002640282024855906,400,0.5
1,1,2.6,4,0.025,0.04399087949789331,0.002789455478803134,0.04233531618279774,0.002502255244547601,400,0.5
1,1,2.7,4,0.025,0.04389493688944867,0.002728544731664691,0.04239037755991464,0.002258855593279561,400,0.5
1,1,2.8,4,0.025,0.0448438593147022,0.003605648583753466,0.04186119348065676,0.001905109301621525,400,0.75
1,1,2.9,4,0.025,0.03654119034798674,0.008543949668592456,0.03500864408020504,0.005625432306753273,400,1
1,1,3,4,0.025,0.0473466768254953,0.0136004508387223,0.03359495461286653,0.005526798666704893,400,1.25
1,1,3.1,4,0.025,0.04755685935012174,0.01334488037394731,0.03446739089961771,0.005486244627658243,400,1.25
1,1,3.2,4,0.025,0.04744939935978158,0.01316712649527534,0.03549648142448847,0.005384620731566577,400,1.25
1,1,3.3,4,0.025,0.04709179405626543,0.01279468306226141,0.03657673079555224,0.005247613173344716,400,1.25
1,1,3.4,4,0.025,0.04655253112998732,0.01214352171620857,0.03760976789685349,0.005095577813973836,400,1.25
1,1,3.5,4,0.025,0.04582906444308686,0.01135083334650393,0.03853283496138905,0.00492280278795952,400,1.25
1,1,3.6,4,0.025,0.04485158487703309,0.01056436463299412,0.03931069213129068,0.004709336307101128,400,1.25
1,1,3.7,4,0.025,0.04357853592224682,0.009760527797868269,0.03989579619073101,0.004443943081157169,400,1.25
1,1,3.8,4,0.025,0.04206644663924653,0.008797286529153443,0.0402208036652831,0.004129355681731145,400,1.25
1,1,3.9,4,0.025,0.04044080249163798,0.007603549309031577,0.04023770448788827,0.003770643609610164,400,1.25
1,1,4,4,0.025,0.03884312415114673,0.006268032212397968,0.03995548014968377,0.003374407159644911,400,1.25
1,1,4.1,4,0.025,0.03738107583261681,0.004975678691890146,0.03943442517699178,0.002967063014754985,400,1.25
1,1,4.2,4,0.025,0.03608583483611948,0.003888280422311986,0.03874897034240255,0.002593683213567326,400,1.25
1,1,4.3,4,0.025,0.03491497143383664,0.003077223289119592,0.03795025244938786,0.002288815896777043,400,1.25
1,1,4.4,4,0.025,0.0337997193111589,0.002589100621924354,0.03705164054666599,0.002061620025944326,400,1.25
1,1,4.5,4,0.025,0.03272034473825035,0.002522069640647275,0.03605136599305113,0.001932749465858931,400,1.25
1,1,4.6,4,0.025,0.03175355896987977,0.002830192355219261,0.03497019869200329,0.001958389337044337,400,1.25
1,1,4.7,4,0.025,0.03101726694524809,0.003227966976973093,0.03387031489138133,0.00216398860091841,400,1.25
1,1,4.8,4,0.025,0.03055495515534351,0.003493489221345954,0.03283720621877345,0.002490825325312159,400,1.25
1,1,4.9,4,0.025,0.03027466596746411,0.003617962899850447,0.03193738404318878,0.002851958220404014,400,1.25
1,1,5,4,0.025,0.03002349680071661,0.00369838874735373,0.03118936511562703,0.003190642605786094,400,1.25
1,1,5.1,4,0.025,0.02973490602183303,0.003784353231899522,0.03057362236818732,0.00348705629069481,400,1.25
1,1,5.2,4,0.025,0.02947854418928432,0.003839244173940952,0.03005971262902695,0.003739827083917473,400,1.25
1,1,5.3,4,0.025,0.02935550273630624,0.003816812543171416,0.02963754063460417,0.003941543721247791,400,1.25
1,1,5.4,4,0.025,0.02497257299745474,0.006647979830006202,0.03118244702275743,0.003711425097152803,400,1.5
1,1,5.5,4,0.025,0.02516324485594539,0.006533123650130228,0.03112638583130492,0.003704825675465988,400,1.5
1,1,5.6,4,0.025,0.02551151105362407,0.006198499493312183,0.03117807201716062,0.003591802527884337,400,1.5
1,1,5.7,4,0.025,0.01709631185710209,0.005140944463498602,0.02942548897128473,0.002045943232794337,400,1.75
1,1,5.8,4,0.025,0.01819536693850878,0.004264464294622714,0.02943527798164373,0.001773206669291872,400,1.75
1,1,5.9,4,0.025,0.01995005379326037,0.002842203196611889,0.02926508807163544,0.001444536667447198,400,1.75
1,1,6,4,0.025,0.02101224545602946,0.00198017570459637,0.02891247294887018,0.001054118783470565,400,1.75
1,1,6.1,4,0.025,0.0208545226074082,0.002384815424238605,0.02836493301892464,0.0006202440626534286,400,1.75
1,1,6.2,4,0.025,0.02019289312132812,0.003518888289926904,0.02759461894169608,0.0003855989450879123,400,1.75
1,1,6.3,4,0.025,0.02008382253429796,0.003966631841222736,0.02659831384503569,0.0007671750124924237,400,1.75
1,1,6.4,4,0.025,0.02086710797582932,0.003344725053333759,0.02546201803923715,0.001309817356165483,400,1.75
1,1,6.5,4,0.025,0.0220452055631398,0.00237294324683281,0.02435010976971774,0.00182108701462086,400,1.75
1,1,6.6,4,0.025,0.02297010961189918,0.001850483482883814,0.0234012364930738,0.002229852242026102,400,1.75
1,1,6.7,4,0.025,0.02345219929004947,0.001762836216516696,0.02264494682861744,0.002515640270721968,400,1.75
1,1,6.8,4,0.025,0.02374180343438776,0.001733915115517441,0.02201160000585605,0.002723729518354088,400,1.75
1,1,6.9,4,0.025,0.02320401543287299,0.0007790806844137589,0.02283147111769574,0.003439194074766396,400,2
1,1,7,4,0.025,0.0237345601579747,0.001022709709136339,0.02220729839242305,0.003567758611822641,400,2
1,1,7.1,4,0.025,0.02421649538544889,0.001463195519694413,0.02175821264743493,0.003624537301648727,400,2
1,1,7.2,4,0.025,0.02446753926179687,0.001806355245613219,0.021588900673394,0.003559325337858257,400,2
1,1,7.3,4,0.025,0.02439055958570958,0.001941571793529089,0.02169515160723014,0.00339117650575336,400,2
1,1,7.4,4,0.025,0.02402336026457957,0.001921097663970372,0.02194158739537571,0.003179194275578253,400,2
1,1,7.5,4,0.025,0.02352101070773594,0.001885537762064163,0.02215181235212268,0.002959763127381828,400,2
1,1,7.6,4,0.025,0.0230652611047197,0.001937121402454879,0.0222349880705135,0.002737388631596639,400,2
1,1,7.7,4,0.025,0.02274182589292708,0.002068840014498352,0.02222505272251703,0.002522061570479261,400,2
1,1,7.8,4,0.025,0.02250696293383536,0.002223137025290589,0.02220010878765865,0.002337092673269237,400,2
1,1,7.9,4,0.025,0.02228503626600924,0.002349500447029503,0.02218375802473441,0.002201873069534221,400,2
1,1,8,4,0.025,0.02207170318334526,0.002449856580328365,0.0221149690691694,0.002116461239890454,400,2
1,1,8.1,4,0.025,0.01712603302032155,0.004685018716379602,0.02695817940359101,0.004219407166203604,400,2.25
1,1,8.2,4,0.025,0.01732654019354506,0.004407923334124763,0.02707738341471485,0.004824228562067835,400,2.25
1,1,8.3,4,0.025,0.0175205734640618,0.00400546056575905,0.02671918935782819,0.005018260636895281,400,2.25
1,1,8.4,4,0.025,0.01780825614437158,0.00349300219989116,0.02637625171575525,0.005161716701017211,400,2.25
1,1,8.5,4,0.025,0.01775367877143863,0.003291048790208879,0.02681299391478576,0.005943734131509243,400,2.5
1,1,8.6,4,0.025,0.01845443501337439,0.002730327336209855,0.02693053928406289,0.00637970988110405,400,2.5
1,1,8.7,4,0.025,0.01927107332370869,0.002415867529121454,0.02678757243381956,0.006590750131401127,400,2.5
1,1,8.8,4,0.025,0.01902941684689474,0.002496130679666458,0.02467222082375009,0.006864573428214819,400,2.75
1,1,8.9,4,0.025,0.01967316836986242,0.003001867357361665,0.02376982788110269,0.006316010487773022,400,2.75
1,1,9,4,0.025,0.02014711464037516,0.00356245473316487,0.02288971687661116,0.005755979500917686,400,2.75
1,1,9.1,4,0.025,0.02046193974916104,0.004068573839340237,0.02217221741230032,0.005353505412534336,400,2.75
1,1,9.2,4,0.025,0.02062937493440079,0.004462244263992414,0.02154755678331632,0.005071107477612283,400,2.75
1,1,9.3,4,0.025,0.02067552536038987,0.004751008254126805,0.02094767894203852,0.00482303160648245,400,2.75
1,1,9.4,4,0.025,0.02051170410417252,0.004860344258160392,0.02155166834132825,0.005614293879928824,400,3
1,1,9.5,4,0.025,0.02033847087323931,0.004965763764842882,0.0208136252365852,0.005180629519211257,400,3
1,1,9.6,4,0.025,0.02010942762331109,0.005017186711161583,0.02050195599269277,0.005165922396556136,400,3
1,1,9.7,4,0.025,0.0198269844234634,0.005003713720640819,0.02033514362084312,0.005347679919479186,400,3
1,1,9.8,4,0.025,0.01950066117855929,0.004940285759353623,0.02004165309351153,0.005442221228614943,400,3
1,1,9.9,4,0.025,0.01921722837026399,0.004834464435525371,0.01972271477018446,0.005282786848519763,400,3.25
1,1,10,4,0.025,0.0188254382571268,0.004790029171524933,0.01924030732603824,0.00506759154316331,400,3.25
1,1,10.1,4,0.025,0.01847934296245895,0.004765203675288484,0.01881906248320047,0.004856128177266636,400,3.25
1,1,10.2,4,0.025,0.01822659238924674,0.00474933770729195,0.01845789445667407,0.00471843103488781,400,3.25
1,1,10.3,4,0.025,0.01805505585907782,0.00474211972280698,0.01811726287230252,0.004631092405428063,400,3.25
1,1,10.4,4,0.025,0.01789375207199889,0.004751159211165299,0.01778707023985494,0.004533176190836992,400,3.25
1,1,10.5,4,0.025,0.01767073338914579,0.004767128806472106,0.0175141983389779,0.004402582860463322,400,3.25
1,1,10.6,4,0.025,0.017354889796513,0.004751712175539006,0.01715760360252562,0.004255781402713689,400,3.5
1,1,10.7,4,0.025,0.0170498235025172,0.004688429907883426,0.01704665941473506,0.004192197728227782,400,3.5
1,1,10.8,4,0.025,0.01676261641921309,0.004571628144721781,0.01696719204329823,0.004211859034784768,400,3.5
1,1,10.9,4,0.025,0.01649024144147961,0.004428270414213966,0.01687802235000647,0.00427508217976214,400,3.5
1,1,11,4,0.025,0.01617562440888605,0.004281882223772862,0.01676855569785031,0.004310616422711561,400,3.5
1,1,11.1,4,0.025,0.01580673350920343,0.004138955977190707,0.01662816458973312,0.004268254505984172,400,3.5
1,1,11.2,4,0.025,0.01544805316260738,0.003997772181713296,0.01642622354837611,0.004160269147522541,400,3.5
1,1,11.3,4,0.025,0.01523268202280945,0.00384263716316529,0.01661828062968828,0.003801526263471771,400,3.75
1,1,11.4,4,0.025,0.01512714053409943,0.003724567918155394,0.01640222836364203,0.003707053625115998,400,3.75
1,1,11.5,4,0.025,0.01507113785396292,0.003638854421932074,0.01614899337464706,0.003696457148873475,400,3.75
1,1,11.6,4,0.025,0.0149525681483779,0.003580595101072226,0.01589592809083777,0.003704051238360997,400,3.75
1,1,11.7,4,0.025,0.01476150169891549,0.003525661286853147,0.01568110711715102,0.00364901115166231,400,3.75
1,1,11.8,4,0.025,0.01459386561774508,0.003463594557750298,0.01550776837663332,0.003522718166055254,400,3.75
1,1,11.9,4,0.025,0.01454198133978069,0.003411007213036457,0.01534290264250248,0.003391598193480543,400,3.75
1,1,12,4,0.025,0.01557572249713484,0.002825211698297033,0.01680856758791439,0.002769063335486196,400,4
1,1,0,8,0.025,0.04000526542660802,0,0.03996236895799365,0,400,0
1,1,0.1,8,0.025,0.03991675845714605,2.622655377657235e-18,0.03987247926697973,2.622655377657235e-18,373,0
1,1,0.2,8,0.025,0.03982838192436456,0,0.03978413222521759,2.622655377657235e-18,359,0
1,1,0.3,8,0.025,0.0397420208982186,0,0.03969750757507073,2.622655377657235e-18,351,0
1,1,0.4,8,0.025,0.03965797899860223,2.622655377657235e-18,0.03961304649632899,0,351,0
1,1,0.5,8,0.025,0.03957676080673508,0,0.03953141869900328,2.622655377657235e-18,347,0
1,1,0.6,8,0.025,0.0394988313573495,0,0.03945312300830401,0,345,0
1,1,0.7,8,0.025,0.03939707890053875,2.762507559174541e-05,0.03934752699342335,3.101424253630983e-05,343,0.125
1,1,0.8,8,0.025,0.03932809107855591,2.673774936644106e-05,0.03927816153565252,2.995921512706327e-05,343,0.125
1,1,0.9,8,0.025,0.03926644668679617,2.360893008122606e-05,0.03921577416807226,2.682367367216193e-05,343,0.125
1,1,1,8,0.025,0.03920499373777183,1.759674886487207e-05,0.03921428880812335,5.807259902925334e-05,343,0.25
1,1,1.1,8,0.025,0.03916784415259048,1.0589245154223e-05,0.0391742975871663,5.299843757961876e-05,343,0.25
1,1,1.2,8,0.025,0.03914811295969102,3.044063011451324e-05,0.03915156342161386,5.19539781976919e-05,350,0.25
1,1,1.3,8,0.025,0.03914893419460588,7.103403844163923e-05,0.03914970356442755,7.139128131298588e-05,369,0.25
1,1,1.4,8,0.025,0.03917327556554646,0.0001300987717785497,0.03917119830520841,0.0001205156938370781,397,0.25
1,1,1.5,8,0.025,0.03922297531592711,0.0002086693111514419,0.03921664591877661,0.0001964177381641915,400,0.25
1,1,1.6,8,0.025,0.0392977447904729,0.000306660061808533,0.0392848167867386,0.000297035381912441,400,0.25
1,1,1.7,8,0.025,0.03939546926157142,0.0004228899718772152,0.03937339730770737,0.0004218515423755915,400,0.25
1,1,1.8,8,0.025,0.04014655184817849,0.0007851477042636623,0.03944024260629005,0.0005765421543224194,400,0.375
1,1,1.9,8,0.025,0.04031156104447874,0.0009022911091987075,0.03955972571100098,0.0007432965513386122,400,0.375
1,1,2,8,0.025,0.04050525797541828,0.001045152298064786,0.03968235858297459,0.0009218651298184072,400,0.375
1,1,2.1,8,0.025,0.04071028254101145,0.001198770657251787,0.0397948539087353,0.001101185033153411,400,0.375
1,1,2.2,8,0.025,0.04090265955851072,0.001347815469919458,0.0398852405782786,0.001269159770390204,400,0.375
1,1,2.3,8,0.025,0.04105893095978609,0.001480236244938546,0.03994540109880729,0.001414928951138445,400,0.375
1,1,2.4,8,0.025,0.04116216917453746,0.001589296528447954,0.03997037391139581,0.00153076920036496,400,0.375
1,1,2.5,8,0.025,0.04119964263103841,0.001671327294166236,0.03995590896108473,0.001613112290624124,400,0.375
1,1,2.6,8,0.025,0.04115676839612744,0.001722361793456938,0.03989823127493634,0.00166449410511049,400,0.375
1,1,2.7,8,0.025,0.04101746704423337,0.001738614652698474,0.03979527852593524,0.001694471671334676,400,0.375
1,1,2.8,8,0.025,0.04136969986565509,0.002209014475891743,0.03945097654394205,0.001653889057416501,400,0.625
1,1,2.9,8,0.025,0.03710220851935526,0.00402903828821268,0.03590196820582536,0.002886899554023767,400,0.75
1,1,3,8,0.025,0.04237912959093631,0.006628354281695742,0.03508566121613409,0.00293623375163024,400,0.875
1,1,3.1,8,0.025,0.04235195816403675,0.006563931673425744,0.03543042944616984,0.002940527812512147,400,0.875
1,1,3.2,8,0.025,0.04216458948123484,0.006521063289666474,0.03587263149961165,0.00292832686942414,400,0.875
1,1,3.3,8,0.025,0.04185723011703483,0.006382777310128803,0.03635719890005694,0.002914114444064734,400,0.875
1,1,3.4,8,0.025,0.04147014122445999,0.006116543698112794,0.03683124504381495,0.002904962827358088,400,0.875
1,1,3.5,8,0.025,0.04100411799892136,0.005781946986598204,0.03726018631174162,0.00289331333618817,400,0.875
1,1,3.6,8,0.025,0.03609821063139194,0.00701138426813966,0.0328500928511235,0.005313851998059392,400,1
1,1,3.7,8,0.025,0.03530357845928767,0.006708992048772917,0.0331899112811222,0.005253192661585122,400,1.125
1,1,3.8,8,0.025,0.03508972227740105,0.005898173631553479,0.03353509916159714,0.005041833647759972,400,1.125
1,1,3.9,8,0.025,0.03449481019670826,0.005227406654990544,0.03362862418157563,0.004865683140882686,400,1.125
1,1,4,8,0.025,0.03340511738038975,0.004864222698987735,0.03333605370207574,0.004842247360346233,400,1.125
1,1,4.1,8,0.025,0.03224918897420555,0.004686640514998943,0.03279657937130946,0.004895214824209656,400,1.125
1,1,4.2,8,0.025,0.03151345105774248,0.004381960359205335,0.03225295799740301,0.004860119294072907,400,1.125
1,1,4.3,8,0.025,0.03119869722025697,0.003878057058564798,0.03252867771997861,0.004590847402521355,400,1.25
1,1,4.4,8,0.025,0.03130430193410308,0.003414861572025284,0.03200664821376649,0.004385511798965624,400,1.375
1,1,4.5,8,0.025,0.03239490277853845,0.003876719371888141,0.03288932467024756,0.00491278323383971,400,1.5
1,1,4.6,8,0.025,0.03204879041256419,0.003839304339367529,0.03203577974002896,0.004837615472971253,400,1.5
1,1,4.7,8,0.025,0.03188358490905718,0.003849895425326426,0.03097607964489337,0.004652151956617702,400,1.5
1,1,4.8,8,0.025,0.03205183152943002,0.003830205661368726,0.0298380937221723,0.004355698987752728,400,1.5
1,1,4.9,8,0.025,0.03242864504140433,0.003817815418282814,0.02869323340845823,0.004021240106749877,400,1.5
1,1,5,8,0.025,0.03275209408066476,0.003861226258830921,0.02759343103675388,0.003729699379280624,400,1.5
1,1,5.1,8,0.025,0.03288799593605971,0.003937548031393149,0.02661201588375015,0.003511859261694617,400,1.5
1,1,5.2,8,0.025,0.03290220386564981,0.003992859883857773,0.02582994819760059,0.00335156613103137,400,1.5
1,1,5.3,8,0.025,0.0329140246312505,0.003989231235027034,0.02530456365288512,0.00321782410902035,400,1.5
1,1,5.4,8,0.025,0.03075270042850376,0.004973644317653137,0.02598190998310343,0.003187379088881576,400,1.625
1,1,5.5,8,0.025,0.03081500402768016,0.004824515307804236,0.02603898321085088,0.003034630787093021,400,1.625
1,1,5.6,8,0.025,0.02998055821846585,0.00459831595464556,0.02663898271614913,0.002832733214449135,400,1.75
1,1,5.7,8,0.025,0.02574336096538728,0.004932835222153749,0.02588144443477108,0.00208368156357305,400,1.875
1,1,5.8,8,0.025,0.02619490121203703,0.00436349599812213,0.02596635538124652,0.001863528562900261,400,1.875
1,1,5.9,8,0.025,0.02691874256880177,0.00360912734878731,0.0259997099875132,0.001643323211085675,400,1.875
1,1,6,8,0.025,0.02724007598984145,0.0030909224162361,0.02604157286917781,0.001417542769571607,400,1.875
1,1,6.1,8,0.025,0.02691818568507147,0.002977734471557692,0.02604200630444621,0.001184369361592739,400,1.875
1,1,6.2,8,0.025,0.02636539243508787,0.003166087226270019,0.02592149815539219,0.0009627510832457711,400,1.875
1,1,6.3,8,0.025,0.02615904169935582,0.003215349462795128,0.0256350234157142,0.0008278769867401669,400,1.875
1,1,6.4,8,0.025,0.02538821219962361,0.002737053162364781,0.02590942191476496,0.001394711770691046,400,2
1,1,6.5,8,0.025,0.02345190135996074,0.003620357243457091,0.02597619941715983,0.001955161647757623,400,2.125
1,1,6.6,8,0.025,0.02422003346895664,0.003354879527316131,0.02569727823803486,0.002121758241729585,400,2.125
1,1,6.7,8,0.025,0.02158728649643449,0.003202062754942849,0.02950958673660583,0.004387606421092966,400,2.375
1,1,6.8,8,0.025,0.02177989133585743,0.003129160957287691,0.03121048593111288,0.005515553604562237,400,2.5
1,1,6.9,8,0.025,0.02173821875911899,0.002783113170403818,0.03146228583203958,0.005360617366811498,400,2.625
1,1,7,8,0.025,0.02239690387560127,0.002479253521619627,0.03063582813706443,0.005118599407577668,400,2.625
1,1,7.1,8,0.025,0.02318097137677425,0.00212610343430074,0.02983926864862291,0.004851568161928009,400,2.625
1,1,7.2,8,0.025,0.0239059806453812,0.001775732263468249,0.02929932996519428,0.004616162967513645,400,2.625
1,1,7.3,8,0.025,0.02438936606021795,0.001496012640574195,0.02888882942794854,0.004340785116327891,400,2.625
1,1,7.4,8,0.025,0.02456601465090691,0.001323504660584507,0.02836141054111488,0.003961685640233811,400,2.625
1,1,7.5,8,0.025,0.02449273635942041,0.001262493306611383,0.02767525812828513,0.003545156323665602,400,2.625
1,1,7.6,8,0.025,0.02427342624698768,0.001279268188730219,0.02697234612654367,0.003181552192944137,400,2.625
1,1,7.7,8,0.025,0.02406138880490536,0.001326319674379055,0.02635497209159672,0.002860417265065163,400,2.625
1,1,7.8,8,0.025,0.0239487277830501,0.001383949588222679,0.0258000400751702,0.002555786147467382,400,2.625
1,1,7.9,8,0.025,0.02386703016402843,0.00143715513001333,0.02522505543466539,0.002271356653864505,400,2.625
1,1,8,8,0.025,0.02185927587514262,0.002053052518860494,0.02566888160504933,0.002277395631475819,400,2.75
1,1,8.1,8,0.025,0.01931084811182736,0.002848841724324654,0.02748555646136024,0.002487325427198352,400,2.875
1,1,8.2,8,0.025,0.01934241195145178,0.00262377950119984,0.02701283849516172,0.002683805065069267,400,2.875
1,1,8.3,8,0.025,0.01754523691314529,0.002169789429751002,0.02562921521574069,0.002608153662299327,400,3
1,1,8.4,8,0.025,0.01790766928484132,0.001870464384555601,0.02525175197455163,0.002648344987945129,400,3
1,1,8.5,8,0.025,0.01813220571535267,0.001712439476155956,0.02531066739979509,0.00298638624776795,400,3.125
1,1,8.6,8,0.025,0.01871792887056114,0.001413619354345057,0.02506551529610128,0.003177701998836206,400,3.125
1,1,8.7,8,0.025,0.01933553945250899,0.001240190980491871,0.02453153676389392,0.00327343467014047,400,3.125
1,1,8.8,8,0.025,0.01938875817740227,0.001288489283882137,0.02300130920431438,0.003318765714317008,400,3.25
1,1,8.9,8,0.025,0.01985218771611361,0.001542693141881112,0.02222840295130519,0.003048492505377772,400,3.25
1,1,9,8,0.025,0.02026557596077269,0.001846257813656549,0.02183762736010837,0.002787477260447726,400,3.375
1,1,9.1,8,0.025,0.02059228011582316,0.002129289804630645,0.02146324588259282,0.002590057711470221,400,3.375
1,1,9.2,8,0.025,0.02115743798563081,0.002370563310829517,0.02141951311703027,0.002426579917278556,400,3.5
1,1,9.3,8,0.025,0.02121767756465485,0.0025256695839529,0.02102092588261574,0.002329041291085317,400,3.5
1,1,9.4,8,0.025,0.0213654519940696,0.002627299886156803,0.02327459003638904,0.003594658120351351,400,3.75
1,1,9.5,8,0.025,0.02116197729207174,0.002680370195851093,0.02260443045721481,0.003324480675880722,400,3.75
1,1,9.6,8,0.025,0.02092712712784478,0.002712611274079602,0.02226075273773067,0.003206611082159006,400,3.75
1,1,9.7,8,0.025,0.02065538332767442,0.002712289815981177,0.02211017229145657,0.00323393547905817,400,3.75
1,1,9.8,8,0.025,0.02032090987294412,0.002672693527422752,0.02190985343572645,0.003284524275778513,400,3.75
1,1,9.9,8,0.025,0.01995712978518315,0.002597199403976007,0.0216229943596856,0.003235790525926582,400,3.875
1,1,10,8,0.025,0.01950162275765287,0.002545805992217321,0.0211807494918952,0.003139108180506609,400,3.875
1,1,10.1,8,0.025,0.01904433763954287,0.002509076392219043,0.02070928362524512,0.003003383465986469,400,3.875
1,1,10.2,8,0.025,0.01847367249458689,0.002462212239469411,0.02020005954177682,0.002874116287241545,400,4
1,1,10.3,8,0.025,0.01809106759581101,0.002440324499538148,0.01984413432852209,0.002801804383570913,400,4
1,1,10.4,8,0.025,0.01679919661779194,0.00255867329912148,0.01914750763951501,0.002693346379857433,400,4.125
1,1,10.5,8,0.025,0.01655713548468206,0.002518241946931756,0.01865124759587485,0.002595359364867135,400,4.125
1,1,10.6,8,0.025,0.0163230957077331,0.00245937895491386,0.01783223287749899,0.002496087844446094,400,4.25
1,1,10.7,8,0.025,0.01613230086071787,0.002386976831828141,0.01718286089784232,0.002453409906864216,400,4.25
1,1,10.8,8,0.025,0.01598366982247104,0.002299331876902252,0.01684060756794146,0.002391788434851653,400,4.25
1,1,10.9,8,0.025,0.01587465735303779,0.002210601447274718,0.0167245266697996,0.002308812743581102,400,4.25
1,1,11,8,0.025,0.01575048103287251,0.002137748269427699,0.01674534648771395,0.002260918177274283,400,4.375
1,1,11.1,8,0.025,0.01561103629844181,0.002086763339492117,0.01653262052682618,0.002203028448170833,400,4.375
1,1,11.2,8,0.025,0.01545701447443783,0.002047850481222403,0.01623186292055011,0.002134799141495923,400,4.375
1,1,11.3,8,0.025,0.01535438463673779,0.002002984823983283,0.01616440514060359,0.00196230676873243,400,4.5
1,1,11.4,8,0.025,0.01530202034625946,0.001969209652352589,0.01599214534195524,0.001876917974496998,400,4.5
1,1,11.5,8,0.025,0.01527543318124019,0.001942534843602448,0.01588091318234827,0.001830502331638409,400,4.5
1,1,11.6,8,0.025,0.01520144333027361,0.001917832418783899,0.01578816905651482,0.00181913931530105,400,4.5
1,1,11.7,8,0.025,0.01505408819275124,0.001883984463893271,0.01568183080140033,0.001800423223408986,400,4.5
1,1,11.8,8,0.025,0.01487939314288901,0.001838063398650076,0.01555259689854145,0.001752048521490989,400,4.5
1,1,11.9,8,0.025,0.01475285547417846,0.001792132369337367,0.01540867211174405,0.001696936557416156,400,4.5
1,1,12,8,0.025,0.01527368962044888,0.001504600705870985,0.01617562201137837,0.00142025786583545,400,4.75
1.01,0.990099009901,0,4,0.025,0.0497335529492554,0,0.03093052807696135,0,400,0
1.01,0.990099009901,0.1,4,0.025,0.04962233961354516,0,0.0308618941848925,0,372,0
1.01,0.990099009901,0.2,4,0.025,0.04951145384969276,0,0.03079472706891811,0,357,0
1.01,0.990099009901,0.3,4,0.025,0.04940293311752589,0,0.03072897258944761,0,352,0
1.01,0.990099009901,0.4,4,0.025,0.04929707698662308,0,0.03066487724509131,0,350,0
1.01,0.990099009901,0.5,4,0.025,0.04919493643951816,0,0.03060303366946279,0,350,0
1.01,0.990099009901,0.6,4,0.025,0.04909697966347397,0,0.03054376842660875,0,349,0
1.01,0.990099009901,0.7,4,0.025,0.04901395333817764,1.024050301453965e-05,0.03036477706418367,0.0001226386243734822,347,0.25
1.01,0.990099009901,0.8,4,0.025,0.04892823547584491,1.247421868957876e-05,0.03031354842411418,0.0001208279261716095,347,0.25
1.01,0.990099009901,0.9,4,0.025,0.04885446993436471,2.031112471615436e-05,0.0302700261044235,0.0001152569997100502,347,0.25
1.01,0.990099009901,1,4,0.025,0.04879935577128443,3.952809725921332e-05,0.03023718505777167,0.0001036734751163164,347,0.25
1.01,0.990099009901,1.1,4,0.025,0.04877068283237144,7.744484118622774e-05,0.03022134483462089,8.012930127823496e-05,347,0.25
1.01,0.990099009901,1.2,4,0.025,0.0487764204244818,0.0001420529686446768,0.03022976057916067,3.732458830671935e-05,350,0.25
1.01,0.990099009901,1.3,4,0.025,0.048824340427272,0.000241270246419862,0.03026958881348875,3.211092793504056e-05,369,0.25
1.01,0.990099009901,1.4,4,0.025,0.04892130145582232,0.000381795312679312,0.03034666780208536,0.0001338670612557298,399,0.25
1.01,0.990099009901,1.5,4,0.025,0.04907143709591364,0.0005669655680071804,0.03046439386972839,0.0002708481673305745,400,0.25
1.01,0.990099009901,1.6,4,0.025,0.04927446582827835,0.0007960679404980815,0.03062427140771461,0.0004441642730372824,400,0.25
1.01,0.990099009901,1.7,4,0.025,0.04952671483381738,0.001065574061343139,0.03082633798645632,0.0006537445274519575,400,0.25
1.01,0.990099009901,1.8,4,0.025,0.05126919472310995,0.001627662692621482,0.03093164074547331,0.0009520759460394174,400,0.5
1.01,0.990099009901,1.9,4,0.025,0.05168398526604276,0.001870807485358788,0.03121247606823853,0.00121895578973553,400,0.5
1.01,0.990099009901,2,4,0.025,0.05217209450677107,0.002161069443856746,0.03151860593776734,0.00149644329780078,400,0.5
1.01,0.990099009901,2.1,4,0.025,0.05269380827539537,0.002461409566763521,0.03183280335779937,0.001761561358024675,400,0.5
1.01,0.990099009901,2.2,4,0.025,0.05319661546410412,0.002737739728339883,0.03213749671840617,0.001988136247518978,400,0.5
1.01,0.990099009901,2.3,4,0.025,0.05363114885806851,0.00296406404808947,0.03241754943896909,0.002151609547832247,400,0.5
1.01,0.990099009901,2.4,4,0.025,0.05396302120580339,0.003125177961621958,0.0326602049185156,0.002233456665953442,400,0.5
1.01,0.990099009901,2.5,4,0.025,0.05416434415398467,0.003211945793106961,0.03285309464428562,0.002221603980048038,400,0.5
1.01,0.990099009901,2.6,4,0.025,0.05420101405570509,0.003215457818107474,0.03298771963791096,0.002114360866032218,400,0.5
1.01,0.990099009901,2.7,4,0.025,0.05403386132779147,0.003127786529855847,0.03305664422401489,0.001920106095380314,400,0.5
1.01,0.990099009901,2.8,4,0.025,0.05487043854384471,0.004000355523028576,0.03261099888498565,0.001652686725753309,400,0.75
1.01,0.990099009901,2.9,4,0.025,0.04383475299085696,0.01122648293840758,0.0276346673222741,0.003872761907455321,400,1
1.01,0.990099009901,3,4,0.025,0.0554974059135385,0.01650550727203569,0.02645536455630964,0.003869259783169614,400,1.25
1.01,0.990099009901,3.1,4,0.025,0.05556691975701537,0.01627746325301794,0.02725790547603045,0.003821560242258336,400,1.25
1.01,0.990099009901,3.2,4,0.025,0.05525040334580807,0.01614736754230096,0.02819873535657308,0.003722544773940798,400,1.25
1.01,0.990099009901,3.3,4,0.025,0.05465687435329873,0.0157731756395719,0.02918721033357977,0.003591406691034815,400,1.25
1.01,0.990099009901,3.4,4,0.025,0.05388438156797844,0.01504240972176187,0.03014048145477763,0.003440413114436361,400,1.25
1.01,0.990099009901,3.5,4,0.025,0.05292823465722175,0.01411965002318073,0.03100972373225286,0.003259529914594717,400,1.25
1.01,0.990099009901,3.6,4,0.025,0.05169237995751606,0.01319548240249338,0.03176816574543181,0.003028952936931051,400,1.25
1.01,0.990099009901,3.7,4,0.025,0.05011343225731592,0.01225722062682437,0.03237584098144074,0.002737291664527262,400,1.25
1.01,0.990099009901,3.8,4,0.025,0.04825432929815546,0.01114535800042376,0.03277749241719052,0.002386527696754806,400,1.25
1.01,0.990099009901,3.9,4,0.025,0.04626894176182557,0.009787736601842815,0.03293605078436674,0.001985013253748862,400,1.25
1.01,0.990099009901,4,4,0.025,0.04433103166228974,0.008305690888840261,0.03286157438253846,0.001544090969861702,400,1.25
1.01,0.990099009901,4.1,4,0.025,0.04256634529294132,0.006928511013320146,0.03260440251923225,0.001086681831208092,400,1.25
1.01,0.990099009901,4.2,4,0.025,0.04100171162953741,0.005838479815839129,0.03222152005515261,0.000654000721782142,400,1.25
1.01,0.990099009901,4.3,4,0.025,0.03957749265530816,0.005083170159293693,0.03175150302893982,0.0003268581328323625,400,1.25
1.01,0.990099009901,4.4,4,0.025,0.0382127285999524,0.004643465856707435,0.03120400660209824,0.0003765179672321918,400,1.25
1.01,0.990099009901,4.5,4,0.025,0.03689687331853252,0.004529134439891994,0.03057627464670914,0.0007212293136969538,400,1.25
1.01,0.990099009901,4.6,4,0.025,0.03573997923951882,0.00470278430642236,0.02988031738313052,0.001140191362352685,400,1.25
1.01,0.990099009901,4.7,4,0.025,0.03489253324639183,0.004983283059784275,0.02915640403222197,0.001580221680850693,400,1.25
1.01,0.990099009901,4.8,4,0.025,0.0343965354908264,0.005190045578376502,0.02846354812907196,0.00200262598753258,400,1.25
1.01,0.990099009901,4.9,4,0.025,0.03412110542548454,0.005301805499430987,0.02784961605183433,0.002379928006714764,400,1.25
1.01,0.990099009901,5,4,0.025,0.03387182450600099,0.005392684203381912,0.02733020848105354,0.002698506069648352,400,1.25
1.01,0.990099009901,5.1,4,0.025,0.03357570496279293,0.005495159662567108,0.026891486945558,0.002958956124371031,400,1.25
1.01,0.990099009901,5.2,4,0.025,0.0333258527801156,0.005569823990144246,0.02651031531367517,0.003164708217332717,400,1.25
1.01,0.990099009901,5.3,4,0.025,0.03323925915808434,0.005576386234887325,0.02618410224503247,0.003310081184529887,400,1.25
1.01,0.990099009901,5.4,4,0.025,0.02878903442213445,0.00844257966004037,0.02816192911566149,0.003458842355243601,400,1.5
1.01,0.990099009901,5.5,4,0.025,0.02899596319049093,0.008353810674226868,0.02812742466112207,0.003408347532231214,400,1.5
1.01,0.990099009901,5.6,4,0.025,0.02935846610120299,0.008036503726029575,0.02817191769478822,0.003248080555603173,400,1.5
1.01,0.990099009901,5.7,4,0.025,0.01863922749438367,0.005721982216229014,0.02664277429488329,0.00290018645761109,400,1.75
1.01,0.990099009901,5.8,4,0.025,0.01988535750543093,0.004703896526426721,0.02663037835750214,0.002669696008851971,400,1.75
1.01,0.990099009901,5.9,4,0.025,0.02190636892164349,0.003083863582934559,0.02647850909250057,0.00247679846463064,400,1.75
1.01,0.990099009901,6,4,0.025,0.02308422761097741,0.002128419469530885,0.02618549209230037,0.002320597126998308,400,1.75
1.01,0.990099009901,6.1,4,0.025,0.02280267900299376,0.002485575611097616,0.02573918788422881,0.002205971810743146,400,1.75
1.01,0.990099009901,6.2,4,0.025,0.02194302739890375,0.003708478796013832,0.02511164535481195,0.002174291947542053,400,1.75
1.01,0.990099009901,6.3,4,0.025,0.02178203134077268,0.00414020965911165,0.02429929878785092,0.002278570016055078,400,1.75
1.01,0.990099009901,6.4,4,0.025,0.0227129493769511,0.003304556804940197,0.02338222835199334,0.002518222203356453,400,1.75
1.01,0.990099009901,6.5,4,0.025,0.0241173218774841,0.002075153594697548,0.02250247194039361,0.002816933426841587,400,1.75
1.01,0.990099009901,6.6,4,0.025,0.02520883249170005,0.001476637919767937,0.02177215707008482,0.003080048129263548,400,1.75
1.01,0.990099009901,6.7,4,0.025,0.02576483390679627,0.001441251984847216,0.02120728501178179,0.00326248952833984,400,1.75
1.01,0.990099009901,6.8,4,0.025,0.02609086724193859,0.001486244848520381,0.02074121928545237,0.003387803554717209,400,1.75
1.01,0.990099009901,6.9,4,0.025,0.0256897616510353,0.001199140241560627,0.02176129247190817,0.004112967995249125,400,2
1.01,0.990099009901,7,4,0.025,0.02629545316072496,0.001765038302319308,0.02127787879269589,0.004171585084033569,400,2
1.01,0.990099009901,7.1,4,0.025,0.02683079479534614,0.002394863686458937,0.0209298927507259,0.004178151721251171,400,2
1.01,0.990099009901,7.2,4,0.025,0.02707392459980656,0.002834093688813992,0.02080535744549857,0.004095428480431195,400,2
1.01,0.990099009901,7.3,4,0.025,0.02690817235733359,0.002996824752996297,0.02090791693835104,0.00394336194212171,400,2
1.01,0.990099009901,7.4,4,0.025,0.02638592005431189,0.002945404418169313,0.02112143722387225,0.003767170857476951,400,2
1.01,0.990099009901,7.5,4,0.025,0.02570880489900523,0.002832577302066552,0.02128325011068394,0.003583427889774069,400,2
1.01,0.990099009901,7.6,4,0.025,0.02510510433905195,0.002799956178874271,0.02131180940884938,0.00338378802549547,400,2
1.01,0.990099009901,7.7,4,0.025,0.02467402561698807,0.002883377591752934,0.02125280004416031,0.00317630202003143,400,2
1.01,0.990099009901,7.8,4,0.025,0.02435054830053624,0.003015773724999628,0.02119398334442246,0.002988422005085875,400,2
1.01,0.990099009901,7.9,4,0.025,0.02403277043448095,0.00310631059229956,0.02115504400432127,0.002840830046296658,400,2
1.01,0.990099009901,8,4,0.025,0.02371716404025105,0.003145468215691086,0.02106418558511345,0.002728202837020146,400,2
1.01,0.990099009901,8.1,4,0.025,0.01783510727900965,0.004760888875450177,0.02499007967356106,0.002642233344714159,400,2.25
1.01,0.990099009901,8.2,4,0.025,0.018026400565291,0.004428090285532751,0.02501299293825877,0.003083223215719853,400,2.25
1.01,0.990099009901,8.3,4,0.025,0.01824146010969872,0.003978533462223142,0.02466445841377648,0.003231710910657578,400,2.25
1.01,0.990099009901,8.4,4,0.025,0.01859395639912206,0.003426581600690334,0.0243459040535043,0.003343786349843241,400,2.25
1.01,0.990099009901,8.5,4,0.025,0.0186978953792875,0.003121326738629371,0.02443291435022466,0.003746483089652123,400,2.5
1.01,0.990099009901,8.6,4,0.025,0.01955531405225484,0.002645337973539376,0.02444890932699205,0.004080678222220558,400,2.5
1.01,0.990099009901,8.7,4,0.025,0.02054789967632648,0.002670799224323577,0.02424820043681028,0.004253817875544959,400,2.5
1.01,0.990099009901,8.8,4,0.025,0.02053558252487553,0.003313650549548275,0.022123881118123,0.004635251990129308,400,2.75
1.01,0.990099009901,8.9,4,0.025,0.0213515465603966,0.00411985078626533,0.02141630316641665,0.004276860798513397,400,2.75
1.01,0.990099009901,9,4,0.025,0.02197072214874836,0.004893623029041216,0.0207415817558166,0.003927295525511303,400,2.75
1.01,0.990099009901,9.1,4,0.025,0.02238604819594595,0.005542566191688517,0.02017470662552462,0.003700849057560952,400,2.75
1.01,0.990099009901,9.2,4,0.025,0.02260853522491621,0.006022083952050039,0.019669777953155,0.00356821059188441,400,2.75
1.01,0.990099009901,9.3,4,0.025,0.02267782435436541,0.006356485294574235,0.01921865476498031,0.003483607061978713,400,2.75
1.01,0.990099009901,9.4,4,0.025,0.02253086838901409,0.006497745376736645,0.0196129189577495,0.004056853674912297,400,3
1.01,0.990099009901,9.5,4,0.025,0.02233335076174268,0.006602137330198716,0.01917084533112991,0.003912763105150114,400,3
1.01,0.990099009901,9.6,4,0.025,0.02205632765683607,0.006628546174370084,0.01902818834922349,0.004056123010207216,400,3
1.01,0.990099009901,9.7,4,0.025,0.02170200765248858,0.006557012718126811,0.01893868745840087,0.004311306062674316,400,3
1.01,0.990099009901,9.8,4,0.025,0.02128696627684733,0.006408968129378381,0.01872729336691689,0.004487135985175628,400,3
1.01,0.990099009901,9.9,4,0.025,0.02084938503350922,0.006229666991613488,0.01854508479488471,0.00446281174986249,400,3.25
1.01,0.990099009901,10,4,0.025,0.02034782337627093,0.006083610680593983,0.01826288813325948,0.004422692609744141,400,3.25
1.01,0.990099009901,10.1,4,0.025,0.019875901839621,0.005956233486271893,0.01803829124116094,0.004391921380560786,400,3.25
1.01,0.990099009901,10.2,4,0.025,0.01948929247520323,0.005838154165912247,0.01783064325093638,0.004407671683780522,400,3.25
1.01,0.990099009901,10.3,4,0.025,0.01919399112244272,0.005728247722689379,0.01760029239087012,0.004431422457002601,400,3.25
1.01,0.990099009901,10.4,4,0.025,0.0189270389027932,0.005633044695448198,0.01735117077646998,0.004403890758161636,400,3.25
1.01,0.990099009901,10.5,4,0.025,0.01860826167924415,0.00554412103397319,0.01714486901524593,0.0043283089064942,400,3.25
1.01,0.990099009901,10.6,4,0.025,0.01820767505617672,0.005430990806337485,0.0168169939644746,0.004252682600999066,400,3.5
1.01,0.990099009901,10.7,4,0.025,0.01780752446018901,0.005273844715269867,0.01677510002824246,0.00426735214942087,400,3.5
1.01,0.990099009901,10.8,4,0.025,0.01743052420989025,0.005067601538025941,0.01674915038530115,0.004348105698022934,400,3.5
1.01,0.990099009901,10.9,4,0.025,0.01707670872812913,0.00483793558626702,0.01667962615461943,0.004431047800396789,400,3.5
1.01,0.990099009901,11,4,0.025,0.01669028074494228,0.004615304439575683,0.01654252694798952,0.004445913604903746,400,3.5
1.01,0.990099009901,11.1,4,0.025,0.0162579835853456,0.004413857503896726,0.01634301284311897,0.004366958508717505,400,3.5
1.01,0.990099009901,11.2,4,0.025,0.01584557214774037,0.004228275489599603,0.01608968487535726,0.004230664775677187,400,3.5
1.01,0.990099009901,11.3,4,0.025,0.0155111154572576,0.004080057764890976,0.01613264841527194,0.003937342598961733,400,3.75
1.01,0.990099009901,11.4,4,0.025,0.01538169137523367,0.003929412129749071,0.01591222521839013,0.003840851133344817,400,3.75
1.01,0.990099009901,11.5,4,0.025,0.01528936634864518,0.003829300793101876,0.01565274112940522,0.003819742145516829,400,3.75
1.01,0.990099009901,11.6,4,0.025,0.01511546166409755,0.003770261170892365,0.01538624217956292,0.003798674748102969,400,3.75
1.01,0.990099009901,11.7,4,0.025,0.01486653706211583,0.00371306303900735,0.01516235375779153,0.003704784585387884,400,3.75
1.01,0.990099009901,11.8,4,0.025,0.01466296155004254,0.003640012916070529,0.01499996663637842,0.003550935658513853,400,3.75
1.01,0.990099009901,11.9,4,0.025,0.01460018437081191,0.003573511850812739,0.01487002587794721,0.003415260169501201,400,3.75
1.01,0.990099009901,12,4,0.025,0.01563710201023987,0.002988604733728767,0.01656967902546728,0.002827151678609387,400,4
1.01,0.990099009901,0,8,0.025,0.0497335529492554,0,0.03093052807696134,1.311327688828617e-18,400,0
1.01,0.990099009901,0.1,8,0.025,0.04962233961354517,2.622655377657235e-18,0.0308618941848925,1.311327688828617e-18,372,0
1.01,0.990099009901,0.2,8,0.025,0.04951145384969275,2.622655377657235e-18,0.03079472706891811,1.311327688828617e-18,357,0
1.01,0.990099009901,0.3,8,0.025,0.04940293311752589,0,0.03072897258944762,2.622655377657235e-18,352,0
1.01,0.990099009901,0.4,8,0.025,0.04929707698662307,2.622655377657235e-18,0.03066487724509131,0,350,0
1.01,0.990099009901,0.5,8,0.025,0.04919493643951816,0,0.03060303366946279,0,350,0
1.01,0.990099009901,0.6,8,0.025,0.04909697966347398,2.622655377657235e-18,0.03054376842660875,1.311327688828617e-18,349,0
1.01,0.990099009901,0.7,8,0.025,0.04900883308667036,5.120251507269822e-06,0.03042609637637041,6.131931218674107e-05,347,0.125
1.01,0.990099009901,0.8,8,0.025,0.04892199836650013,6.237109344789382e-06,0.03037396238719998,6.041396308580472e-05,347,0.125
1.01,0.990099009901,0.9,8,0.025,0.04884431437200663,1.015556235807718e-05,0.03032765460427852,5.762849985502509e-05,347,0.125
1.01,0.990099009901,1,8,0.025,0.04878978588175269,2.090390863425692e-05,0.03031349171887233,6.040063107691577e-05,347,0.25
1.01,0.990099009901,1.1,8,0.025,0.04874192612955522,3.85808914235552e-05,0.03028585030356152,4.9822735062483e-05,347,0.25
1.01,0.990099009901,1.2,8,0.025,0.04871496984400794,7.030030511904361e-05,0.03027264998547321,3.26253763934084e-05,350,0.25
1.01,0.990099009901,1.3,8,0.025,0.04871262259753829,0.0001196870800577836,0.03027689479941516,2.638882072964765e-05,369,0.25
1.01,0.990099009901,1.4,8,0.025,0.04873821411201069,0.0001899392656804311,0.03030079698596991,6.723789807281782e-05,399,0.25
1.01,0.990099009901,1.5,8,0.025,0.04879382233526738,0.0002827041589658129,0.03034501205787016,0.0001340757986739693,400,0.25
1.01,0.990099009901,1.6,8,0.025,0.04887882891249833,0.0003976986104329276,0.03040873248011306,0.0002212421953339593,400,0.25
1.01,0.990099009901,1.7,8,0.025,0.04899016294592727,0.0005333378845412629,0.03049021032112278,0.0003283222813282601,400,0.25
1.01,0.990099009901,1.8,8,0.025,0.04984651740806838,0.0009257541760588318,0.03051833733775924,0.0004685789919470933,400,0.375
1.01,0.990099009901,1.9,8,0.025,0.05003683973696146,0.001066949138559836,0.03062767057402902,0.0006090587730424531,400,0.375
1.01,0.990099009901,2,8,0.025,0.05025950224077534,0.001235313124317924,0.03074111879978767,0.000759302749033796,400,0.375
1.01,0.990099009901,2.1,8,0.025,0.05049235452483755,0.001413410346397029,0.03084789909073229,0.0009096592676229633,400,0.375
1.01,0.990099009901,2.2,8,0.025,0.05070637584300375,0.001583901591772418,0.03093810734566853,0.001049466568219998,400,0.375
1.01,0.990099009901,2.3,8,0.025,0.05087358532158021,0.001733408746922855,0.0310049281982311,0.001169130389568976,400,0.375
1.01,0.990099009901,2.4,8,0.025,0.05097370814156019,0.001854825391220703,0.03104431814356874,0.00126200242451332,400,0.375
1.01,0.990099009901,2.5,8,0.025,0.05099069343563298,0.001944554713443179,0.03105271953963227,0.001324859933440689,400,0.375
1.01,0.990099009901,2.6,8,0.025,0.05090668891271538,0.001998961124368249,0.03102805840412607,0.001360108258033765,400,0.375
1.01,0.990099009901,2.7,8,0.025,0.05070233859175926,0.00201514149216726,0.03096877410505598,0.001374737698864572,400,0.375
1.01,0.990099009901,2.8,8,0.025,0.05098444817804573,0.002485848675915388,0.03067630857319492,0.001328457178631066,400,0.625
1.01,0.990099009901,2.9,8,0.025,0.04531260483699535,0.0053106232656795,0.02810157916727614,0.002015423797823882,400,0.75
1.01,0.990099009901,3,8,0.025,0.05097637843753236,0.007909505199725955,0.02743602123484796,0.002082516806673783,400,0.875
1.01,0.990099009901,3.1,8,0.025,0.05083356180477752,0.007855672694863555,0.02777569338489314,0.002079310618342328,400,0.875
1.01,0.990099009901,3.2,8,0.025,0.05049368413205398,0.007835878432124105,0.02819975894634445,0.002066562716656728,400,0.875
1.01,0.990099009901,3.3,8,0.025,0.05001909806419694,0.007701458295129664,0.02866127005654564,0.00205608622556695,400,0.875
1.01,0.990099009901,3.4,8,0.025,0.04946593000547043,0.007407610335096081,0.0291159003828658,0.002051490019301612,400,0.875
1.01,0.990099009901,3.5,8,0.025,0.04883426513685175,0.007028349036110694,0.02953670654583537,0.002044200768994748,400,0.875
1.01,0.990099009901,3.6,8,0.025,0.04259640513577148,0.008501239195451328,0.02620257376852585,0.004108457358598868,400,1
1.01,0.990099009901,3.7,8,0.025,0.04166570927014802,0.008107090917165879,0.02656221677622844,0.004066191324986959,400,1.125
1.01,0.990099009901,3.8,8,0.025,0.04134099004125986,0.007187623719070477,0.0269285265401645,0.003900526816533603,400,1.125
1.01,0.990099009901,3.9,8,0.025,0.04056755920959073,0.006443058761475583,0.02709724219496264,0.003766771473977768,400,1.125
1.01,0.990099009901,4,8,0.025,0.0392181804571434,0.006055336703437116,0.02696281081395197,0.003765286790297044,400,1.125
1.01,0.990099009901,4.1,8,0.025,0.03780226038201342,0.005878013727048797,0.02664057949761874,0.003831206527319169,400,1.125
1.01,0.990099009901,4.2,8,0.025,0.03688936958066025,0.005561831275540962,0.02632617620266619,0.003824969919056105,400,1.125
1.01,0.990099009901,4.3,8,0.025,0.03653552970348894,0.005012214428863687,0.02672129199024885,0.003637406842074252,400,1.25
1.01,0.990099009901,4.4,8,0.025,0.03654983361898666,0.004549122861291053,0.026444050313905,0.003498588928194838,400,1.375
1.01,0.990099009901,4.5,8,0.025,0.03790388130809332,0.005279462623925928,0.02740058902858388,0.003923283350285682,400,1.5
1.01,0.990099009901,4.6,8,0.025,0.03743727270574439,0.005260004811163762,0.02685582100899394,0.003892545540684449,400,1.5
1.01,0.990099009901,4.7,8,0.025,0.03720482608919532,0.005282719501208321,0.02614403065725398,0.003783062236601534,400,1.5
1.01,0.990099009901,4.8,8,0.025,0.03737959061321545,0.005271552302438387,0.02535967696913491,0.003592434468182282,400,1.5
1.01,0.990099009901,4.9,8,0.025,0.03779674748141209,0.005267711770952283,0.02455296505727709,0.00337741732602179,400,1.5
1.01,0.990099009901,5,8,0.025,0.03813658421178955,0.005316768766101975,0.0237634120334467,0.003197437198371173,400,1.5
1.01,0.990099009901,5.1,8,0.025,0.03824388580812638,0.005390074248116689,0.02305142340669131,0.003068085392735031,400,1.5
1.01,0.990099009901,5.2,8,0.025,0.03820182432434439,0.005432349167555924,0.02248593757031359,0.002967818625174882,400,1.5
1.01,0.990099009901,5.3,8,0.025,0.03814619981992445,0.005408744394694467,0.02211955585735211,0.002867951603714222,400,1.5
1.01,0.990099009901,5.4,8,0.025,0.03583962740723307,0.006380507770383994,0.02308468675570246,0.003017848723237793,400,1.625
1.01,0.990099009901,5.5,8,0.025,0.0357686941263436,0.006196559484714255,0.02319002702413788,0.002880408504628506,400,1.625
1.01,0.990099009901,5.6,8,0.025,0.03431786022251933,0.00604530772197446,0.02367690117573754,0.002684819822279133,400,1.75
1.01,0.990099009901,5.7,8,0.025,0.02878157052856897,0.006130389977595433,0.02299412566336645,0.002298051576936172,400,1.875
1.01,0.990099009901,5.8,8,0.025,0.02915383227235357,0.005433871311602806,0.02305140752742624,0.002128999298047382,400,1.875
1.01,0.990099009901,5.9,8,0.025,0.02986563760968642,0.004543929163634099,0.02308881137779345,0.001962467464477197,400,1.875
1.01,0.990099009901,6,8,0.025,0.03011674615344172,0.003914550135174956,0.02314306301933493,0.001783449429436754,400,1.875
1.01,0.990099009901,6.1,8,0.025,0.02962698720377764,0.00369715839291822,0.0231575339692799,0.001596188824896628,400,1.875
1.01,0.990099009901,6.2,8,0.025,0.02889360645608505,0.003802696317422493,0.0230716549361953,0.001421106924245601,400,1.875
1.01,0.990099009901,6.3,8,0.025,0.02860775281741996,0.003774063430804168,0.02286818999396283,0.001302293656803334,400,1.875
1.01,0.990099009901,6.4,8,0.025,0.02780098640561274,0.002977774338289851,0.02330924023231023,0.001537293450659911,400,2
1.01,0.990099009901,6.5,8,0.025,0.02522306916681665,0.00386257964459565,0.02269957769131726,0.001450767585293077,400,2.125
1.01,0.990099009901,6.6,8,0.025,0.02608416300030011,0.003622088452286084,0.02255359128321482,0.001567615049614687,400,2.125
1.01,0.990099009901,6.7,8,0.025,0.02296552789606607,0.003244415671093469,0.02584247731417252,0.003490391263839742,400,2.375
1.01,0.990099009901,6.8,8,0.025,0.02317092629698834,0.003208164322895825,0.02709410734356104,0.003935211266611569,400,2.5
1.01,0.990099009901,6.9,8,0.025,0.02317018265141043,0.002954869087605306,0.02755785784385007,0.003923686290099148,400,2.625
1.01,0.990099009901,7,8,0.025,0.02383970345938669,0.002763154353588168,0.02703515189020405,0.003867594419301146,400,2.625
1.01,0.990099009901,7.1,8,0.025,0.02461683676684834,0.002545934242763319,0.02653999131983848,0.00378157770055957,400,2.625
1.01,0.990099009901,7.2,8,0.025,0.02529525949359347,0.00230927923969586,0.02622485986377161,0.003664728161875307,400,2.625
1.01,0.990099009901,7.3,8,0.025,0.0256862698600464,0.002084902649938086,0.0260043162313576,0.003504498972836902,400,2.625
1.01,0.990099009901,7.4,8,0.025,0.02573029063888588,0.001913999460017515,0.02570938705347495,0.003307905502599552,400,2.625
1.01,0.990099009901,7.5,8,0.025,0.02550682628758563,0.001832028289073505,0.02530759817467988,0.003111510623485431,400,2.625
1.01,0.990099009901,7.6,8,0.025,0.02515492515373238,0.001834745788091466,0.02489422101063031,0.002924284336472985,400,2.625
1.01,0.990099009901,7.7,8,0.025,0.02484715949719295,0.00187213154168955,0.02454181202012163,0.002726493504722481,400,2.625
1.01,0.990099009901,7.8,8,0.025,0.02466329276574091,0.001903219272792726,0.02422992668474441,0.002531825290857205,400,2.625
1.01,0.990099009901,7.9,8,0.025,0.02451344065355546,0.001908586167147731,0.02387737865471089,0.002360672289120045,400,2.625
1.01,0.990099009901,8,8,0.025,0.02238381908348721,0.002434526795431683,0.02442887861300327,0.00244483550027105,400,2.75
1.01,0.990099009901,8.1,8,0.025,0.01934479109816974,0.00290095840877536,0.02596468802860162,0.002076692517836584,400,2.875
1.01,0.990099009901,8.2,8,0.025,0.01936829853526433,0.002651562409511124,0.02560612071167322,0.002148795412735989,400,2.875
1.01,0.990099009901,8.3,8,0.025,0.01749492494250956,0.002149888637547508,0.02416553631035461,0.001858792989131648,400,3
1.01,0.990099009901,8.4,8,0.025,0.01792038851313417,0.001859321671572301,0.02388078887255652,0.00187371222630091,400,3
1.01,0.990099009901,8.5,8,0.025,0.01824283724964629,0.001664813372823563,0.02382809049465365,0.002024495581670831,400,3.125
1.01,0.990099009901,8.6,8,0.025,0.01892027936939383,0.001437565063741009,0.02356670446231096,0.002147324501673716,400,3.125
1.01,0.990099009901,8.7,8,0.025,0.0196389632954332,0.001454340588520652,0.02301434608546095,0.002196493907282485,400,3.125
1.01,0.990099009901,8.8,8,0.025,0.01981905630899734,0.001726405352686913,0.02148282501269517,0.002285408882349461,400,3.25
1.01,0.990099009901,8.9,8,0.025,0.02037726968892078,0.002124417501495403,0.0208147732475738,0.002103099873420326,400,3.25
1.01,0.990099009901,9,8,0.025,0.02088901489250625,0.002517904693666423,0.02049457462443533,0.001960661934924039,400,3.375
1.01,0.990099009901,9.1,8,0.025,0.0212772009095277,0.00285234147304695,0.02020416917470102,0.001866477054178186,400,3.375
1.01,0.990099009901,9.2,8,0.025,0.02186268897917559,0.003094075258361271,0.02021452828672454,0.001811250074815452,400,3.5
1.01,0.990099009901,9.3,8,0.025,0.02194980509679529,0.003266255048486225,0.01988854771093066,0.001807416037093867,400,3.5
1.01,0.990099009901,9.4,8,0.025,0.02214335639494404,0.003370613770963462,0.0220408987643585,0.003226081612503621,400,3.75
1.01,0.990099009901,9.5,8,0.025,0.02194797953704127,0.00342567123728078,0.0215350070777907,0.003037576664378313,400,3.75
1.01,0.990099009901,9.6,8,0.025,0.02171018435882671,0.003446650084812674,0.02129513431921858,0.00295274421703374,400,3.75
1.01,0.990099009901,9.7,8,0.025,0.02142186873724018,0.003418621111228387,0.02120027978419169,0.002998117401294919,400,3.75
1.01,0.990099009901,9.8,8,0.025,0.02105617973780448,0.003342079572397899,0.02105734411144718,0.003080644102447828,400,3.75
1.01,0.990099009901,9.9,8,0.025,0.02061975988738319,0.003238974831649562,0.02085530081368295,0.003083366076229399,400,3.875
1.01,0.990099009901,10,8,0.025,0.02010721178718869,0.003148745548867901,0.02052739084698858,0.003042194929900619,400,3.875
1.01,0.990099009901,10.1,8,0.025,0.01958433141720445,0.003073645510673184,0.02016526758652408,0.00295494882234944,400,3.875
1.01,0.990099009901,10.2,8,0.025,0.01891061248205704,0.002995214689254529,0.01979760920061777,0.00287081911262386,400,4
1.01,0.990099009901,10.3,8,0.025,0.01847672702647943,0.002933729964917555,0.01951828131740494,0.002830915171225073,400,4
1.01,0.990099009901,10.4,8,0.025,0.01714003380030588,0.003021903991714364,0.01896645525487298,0.002744855723105564,400,4.125
1.01,0.990099009901,10.5,8,0.025,0.01684010088695126,0.002937883069127153,0.01863329341876462,0.002669962088186324,400,4.125
1.01,0.990099009901,10.6,8,0.025,0.01651207262114487,0.002848231673097547,0.01809761629351612,0.002563017925534127,400,4.25
1.01,0.990099009901,10.7,8,0.025,0.01619035381716492,0.002750142763559207,0.01768168284175127,0.002467045528313234,400,4.25
1.01,0.990099009901,10.8,8,0.025,0.01590107230096986,0.002632047781095249,0.01738219657992951,0.002406346985960231,400,4.25
1.01,0.990099009901,10.9,8,0.025,0.01565007733620557,0.0024989265935843,0.01717417011095761,0.002369365281042108,400,4.25
1.01,0.990099009901,11,8,0.025,0.01537927637419077,0.002365590317329839,0.01709954118185061,0.002336106902235069,400,4.375
1.01,0.990099009901,11.1,8,0.025,0.01514540724301427,0.002246309989140679,0.01679220849351194,0.002261410999363983,400,4.375
1.01,0.990099009901,11.2,8,0.025,0.01494870407533554,0.002145848593795377,0.01643747979067534,0.002166384784399495,400,4.375
1.01,0.990099009901,11.3,8,0.025,0.01480513786718269,0.002073761328854039,0.01627366071100084,0.002006904449905846,400,4.5
1.01,0.990099009901,11.4,8,0.025,0.0147763987107083,0.002008885371426469,0.01604748287833012,0.001936276741646499,400,4.5
1.01,0.990099009901,11.5,8,0.025,0.01477164717043409,0.001963699469722436,0.01584313918456049,0.001909009981180735,400,4.5
1.01,0.990099009901,11.6,8,0.025,0.01471835574276497,0.001931197974502102,0.01563267044623368,0.001894400047803324,400,4.5
1.01,0.990099009901,11.7,8,0.025,0.01460844532493778,0.001897594361124288,0.01542527739226935,0.001853675383093937,400,4.5
1.01,0.990099009901,11.8,8,0.025,0.01449432659711838,0.001858910001851714,0.01524090521537471,0.001785513047188019,400,4.5
1.01,0.990099009901,11.9,8,0.025,0.01443975120316226,0.001825064380394808,0.01507863654493995,0.001721884356774742,400,4.5
1.01,0.990099009901,12,8,0.025,0.01504272313788875,0.001557167689144925,0.01594152488145022,0.001447566981914039,400,4.75
1.02,0.980392156863,0,4,0.025,0.05931788826152622,0,0.02334965504120385,0,400,0
1.02,0.980392156863,0.1,4,0.025,0.05918426595370631,0,0.02329887715920341,0,369,0
1.02,0.980392156863,0.2,4,0.025,0.05905182418267028,0,0.0232492826494161,0,357,0
1.02,0.980392156863,0.3,4,0.025,0.05892140909361195,0,0.02320068397796992,0,353,0
1.02,0.980392156863,0.4,4,0.025,0.05879454784295845,0,0.02315350267718188,0,351,0
1.02,0.980392156863,0.5,4,0.025,0.05867214402169758,0,0.02310803582119487,0,351,0
1.02,0.980392156863,0.6,4,0.025,0.05855485882888485,0,0.02306449796298731,0,351,0
1.02,0.980392156863,0.7,4,0.025,0.05974649212694479,0.001303244437449501,0.02157072254136336,0.001452370901813875,349,0.25
1.02,0.980392156863,0.8,4,0.025,0.05964382105852473,0.001305762516739273,0.02157645140479571,0.001407729090413558,349,0.25
1.02,0.980392156863,0.9,4,0.025,0.0595692831385489,0.001328691800704969,0.02165407355447121,0.001294349622412905,348,0.25
1.02,0.980392156863,1,4,0.025,0.05953201288519958,0.001379953093436756,0.02179413269551929,0.001122275018688711,346,0.25
1.02,0.980392156863,1.1,4,0.025,0.05953880079737583,0.001465970557499927,0.02198467704634715,0.0009036065488490515,346,0.25
1.02,0.980392156863,1.2,4,0.025,0.05959202297762328,0.001589442129400025,0.02221522426661927,0.0006487509687960018,346,0.25
1.02,0.980392156863,1.3,4,0.025,0.05969336366813882,0.00175200367202063,0.02247540254947573,0.0003680831104908916,346,0.25
1.02,0.980392156863,1.4,4,0.025,0.05984887860417316,0.00195931168731911,0.02274663079627649,8.02902905779326e-05,344,0.25
1.02,0.980392156863,1.5,4,0.025,0.06006857531890425,0.002220488431279203,0.02299712724149364,0.0001823733087189042,352,0.25
1.02,0.980392156863,1.6,4,0.025,0.06035467783119697,0.00253744818821903,0.02319161617453137,0.0003843327129495963,368,0.25
1.02,0.980392156863,1.7,4,0.025,0.06068863417522004,0.002892170087761451,0.02331015652092204,0.0005058165791349978,390,0.25
1.02,0.980392156863,1.8,4,0.025,0.06261116000039973,0.003097749349263755,0.02317480546244457,0.0006335708983435305,400,0.5
1.02,0.980392156863,1.9,4,0.025,0.06300836897260635,0.003371721955234957,0.02316349568494528,0.0006097422484249052,400,0.5
1.02,0.980392156863,2,4,0.025,0.06339943442582215,0.003579197456241519,0.02309467122705536,0.0005169793508251631,400,0.5
1.02,0.980392156863,2.1,4,0.025,0.06377453662919216,0.003728212928044313,0.02295346817034929,0.0003383445038247981,400,0.5
1.02,0.980392156863,2.2,4,0.025,0.06412805196955354,0.003842912975132952,0.02273251402353784,0.0001039149506770832,400,0.5
1.02,0.980392156863,2.3,4,0.025,0.06442811854658728,0.003922410470337016,0.02245206542970158,0.0003595089242736463,400,0.5
1.02,0.980392156863,2.4,4,0.025,0.06460071915726172,0.003927614851743531,0.02215691488855744,0.0007901501243214898,400,0.5
1.02,0.980392156863,2.5,4,0.025,0.06455079020562635,0.003815618593144976,0.02189476669962783,0.001239582616286983,400,0.5
1.02,0.980392156863,2.6,4,0.025,0.06421678397193382,0.003595940272075898,0.02169808760604016,0.001674275550918413,400,0.5
1.02,0.980392156863,2.7,4,0.025,0.06361783465514149,0.003347129386690502,0.02158151767316906,0.002082364801605749,400,0.5
1.02,0.980392156863,2.8,4,0.025,0.06401743768064924,0.004245144072250895,0.02120168850342129,0.002285195499826457,400,0.75
1.02,0.980392156863,2.9,4,0.025,0.06006672004413056,0.005781894116758682,0.02344558525266097,0.0006609659934067672,400,1
1.02,0.980392156863,3,4,0.025,0.07344418492593195,0.01162914703432891,0.02223179381282345,0.001924274313530406,400,1.25
1.02,0.980392156863,3.1,4,0.025,0.07279247397809024,0.01188263841331554,0.02257223854203667,0.002087997713576365,400,1.25
1.02,0.980392156863,3.2,4,0.025,0.07059443008428851,0.01286810814521447,0.02297985408888073,0.002210033589237345,400,1.25
1.02,0.980392156863,3.3,4,0.025,0.06876096899380539,0.01323553116498185,0.02343448293407404,0.002287581485651447,400,1.25
1.02,0.980392156863,3.4,4,0.025,0.06838093469017213,0.01221089980689289,0.02391006729817198,0.002318649869139949,400,1.25
1.02,0.980392156863,3.5,4,0.025,0.06873336255582883,0.01067228770715758,0.02435178087228732,0.002306179710529255,400,1.25
1.02,0.980392156863,3.6,4,0.025,0.06812376347427604,0.009726162773866545,0.02467617408253797,0.002270171067818541,400,1.25
1.02,0.980392156863,3.7,4,0.025,0.06571234737215326,0.009245886549838411,0.02481534238213785,0.00224168996477228,400,1.25
1.02,0.980392156863,3.8,4,0.025,0.06222186884891601,0.008758551007651027,0.02477713039100101,0.002222448608620332,400,1.25
1.02,0.980392156863,3.9,4,0.025,0.05888392958622557,0.007955581737654337,0.02463002352480742,0.002161806758930062,400,1.25
1.02,0.980392156863,4,4,0.025,0.0562975164520058,0.006901299791160466,0.02442018566393632,0.002025789746432693,400,1.25
1.02,0.980392156863,4.1,4,0.025,0.05422131014953584,0.006059470994992114,0.0241430897294239,0.001851082298269464,400,1.25
1.02,0.980392156863,4.2,4,0.025,0.0520789089783581,0.005646460994862713,0.02378951568405164,0.001696408943480731,400,1.25
1.02,0.980392156863,4.3,4,0.025,0.04959328015181391,0.005511811307705716,0.02339154895443321,0.001562510248400421,400,1.25
1.02,0.980392156863,4.4,4,0.025,0.04694677557212509,0.005579682164728073,0.02300409303210971,0.001395088250890701,400,1.25
1.02,0.980392156863,4.5,4,0.025,0.04451881998017156,0.005838045933619766,0.02265746801347632,0.001176693289846499,400,1.25
1.02,0.980392156863,4.6,4,0.025,0.04262767661201865,0.00621895276785518,0.02234540271344482,0.000998689046705765,400,1.25
1.02,0.980392156863,4.7,4,0.025,0.04135929205803362,0.006577847896223375,0.02204787234201383,0.00100818749601421,400,1.25
1.02,0.980392156863,4.8,4,0.025,0.04053129808010357,0.006794847957575597,0.02176048973113165,0.001202136313324869,400,1.25
1.02,0.980392156863,4.9,4,0.025,0.03987181255659462,0.006903474097467334,0.02149677286784295,0.001454001380381001,400,1.25
1.02,0.980392156863,5,4,0.025,0.03924393488637769,0.007007944130208496,0.02126724673746735,0.001687279616898726,400,1.25
1.02,0.980392156863,5.1,4,0.025,0.03872058351810896,0.007124313343656599,0.0210659904770599,0.001881459782474956,400,1.25
1.02,0.980392156863,5.2,4,0.025,0.03846144958131829,0.007188611857335357,0.02087465296954841,0.002031751664454941,400,1.25
1.02,0.980392156863,5.3,4,0.025,0.03851965810265929,0.007159375407510579,0.02069194191526777,0.002126311724145303,400,1.25
1.02,0.980392156863,5.4,4,0.025,0.03406060621628319,0.01033591551817416,0.02308064061110801,0.003721440788791587,400,1.5
1.02,0.980392156863,5.5,4,0.025,0.03439947324411876,0.0102247446852422,0.02307192369610457,0.0036886742577616,400,1.5
1.02,0.980392156863,5.6,4,0.025,0.03488765630875998,0.009854555806345306,0.02308744091060558,0.003581420691161286,400,1.5
1.02,0.980392156863,5.7,4,0.025,0.02201340457855414,0.007343034839153184,0.02177432227975878,0.003577734811638001,400,1.75
1.02,0.980392156863,5.8,4,0.025,0.02351638215386823,0.006239030551082343,0.02170114109754691,0.003415884478614807,400,1.75
1.02,0.980392156863,5.9,4,0.025,0.02588366364945321,0.004496081484431332,0.02152498951505643,0.003274861876414301,400,1.75
1.02,0.980392156863,6,4,0.025,0.02723637066171409,0.00346232663561413,0.02123764343818133,0.003136685383352405,400,1.75
1.02,0.980392156863,6.1,4,0.025,0.02688673242110006,0.003661821647277935,0.02081562173647852,0.002981771299764232,400,1.75
1.02,0.980392156863,6.2,4,0.025,0.02586240475573708,0.004768636867830359,0.02024626521880509,0.002816741742623668,400,1.75
1.02,0.980392156863,6.3,4,0.025,0.02562191835640764,0.005061328517333579,0.01955487190576571,0.002683097446068932,400,1.75
1.02,0.980392156863,6.4,4,0.025,0.02660797332060994,0.003906728574878388,0.01882673699312927,0.002639734022081655,400,1.75
1.02,0.980392156863,6.5,4,0.025,0.0281153324120585,0.002207580752501421,0.01817456655905804,0.002699402098468063,400,1.75
1.02,0.980392156863,6.6,4,0.025,0.0292541005474049,0.001029809225599898,0.0176679175327676,0.002807520270303389,400,1.75
1.02,0.980392156863,6.7,4,0.025,0.02977204547742419,0.0005247559039341666,0.0173015165041863,0.002909011968458323,400,1.75
1.02,0.980392156863,6.8,4,0.025,0.03001231928425038,0.0002421620918486373,0.01702098710709812,0.002999387758332822,400,1.75
1.02,0.980392156863,6.9,4,0.025,0.02957712080536442,0.0009660886157896078,0.01829542961448003,0.004284601990643923,400,2
1.02,0.980392156863,7,4,0.025,0.03018074309070345,0.00177024198560781,0.0180316145130332,0.004287095576138058,400,2
1.02,0.980392156863,7.1,4,0.025,0.03079975923954038,0.00253319802086279,0.01790068988671355,0.004270705633332421,400,2
1.02,0.980392156863,7.2,4,0.025,0.03114838174235403,0.002971625018735293,0.01795847460190566,0.004233058012279783,400,2
1.02,0.980392156863,7.3,4,0.025,0.03100213573828782,0.00304051418233342,0.01818938273265459,0.004201599914155067,400,2
1.02,0.980392156863,7.4,4,0.025,0.03036459771804888,0.002848090037774742,0.01849371657948233,0.004186730825081266,400,2
1.02,0.980392156863,7.5,4,0.025,0.02951645402479138,0.002571874522804379,0.01874932785366375,0.004152399430288362,400,2
1.02,0.980392156863,7.6,4,0.025,0.02880722260012517,0.002372047031641251,0.01890886516024426,0.004060651944731663,400,2
1.02,0.980392156863,7.7,4,0.025,0.02837628964572631,0.002307013656211549,0.01901887646735234,0.00392988399529852,400,2
1.02,0.980392156863,7.8,4,0.025,0.02809085322869594,0.002313870653197176,0.01913160203113716,0.003809514627266924,400,2
1.02,0.980392156863,7.9,4,0.025,0.0277497983748134,0.002288203061887366,0.01923322842564494,0.003719448989320533,400,2
1.02,0.980392156863,8,4,0.025,0.02732085385409626,0.002234467144268931,0.01924922110651133,0.003632043402199804,400,2
1.02,0.980392156863,8.1,4,0.025,0.02048510557859404,0.004645389762902277,0.02247970862011834,0.002597140694792892,400,2.25
1.02,0.980392156863,8.2,4,0.025,0.02059194673166881,0.004153047851939007,0.02253116822762816,0.00265176383463693,400,2.25
1.02,0.980392156863,8.3,4,0.025,0.02075003014971424,0.003533697692059109,0.02230172620198148,0.002597093816876675,400,2.25
1.02,0.980392156863,8.4,4,0.025,0.02107174971192097,0.002749115958110635,0.02210590745277007,0.002547245764018003,400,2.25
1.02,0.980392156863,8.5,4,0.025,0.02124576021710578,0.002192389328807488,0.0219819019289632,0.002528972794068652,400,2.5
1.02,0.980392156863,8.6,4,0.025,0.02219171447796732,0.001390513118959214,0.02200989088189777,0.002626964225771839,400,2.5
1.02,0.980392156863,8.7,4,0.025,0.02331322483376918,0.001761132163676697,0.02185029439335628,0.002653899006384711,400,2.5
1.02,0.980392156863,8.8,4,0.025,0.02349769065848699,0.003267486998899039,0.01979325812477077,0.002966084858100944,400,2.75
1.02,0.980392156863,8.9,4,0.025,0.02443274043789075,0.004411161016865968,0.01931397843650141,0.002758242527461909,400,2.75
1.02,0.980392156863,9,4,0.025,0.02515760900244564,0.005429534719552347,0.01886866736853656,0.0025792948582176,400,2.75
1.02,0.980392156863,9.1,4,0.025,0.02566377801558248,0.006237014015925899,0.01848525720227861,0.00247673678259123,400,2.75
1.02,0.980392156863,9.2,4,0.025,0.02595449007247016,0.006801901336920151,0.01813591401362891,0.002431689185447005,400,2.75
1.02,0.980392156863,9.3,4,0.025,0.02606487934425278,0.007176877351919395,0.0178549290986451,0.002446457059506905,400,2.75
1.02,0.980392156863,9.4,4,0.025,0.02596143216652052,0.00736054797142948,0.01806996130310903,0.002784244284981939,400,3
1.02,0.980392156863,9.5,4,0.025,0.02575521388084947,0.007460377788423996,0.01791157838151264,0.002851991522427066,400,3
1.02,0.980392156863,9.6,4,0.025,0.02545385997251619,0.007458589263286373,0.01794213688741702,0.003090934634772924,400,3
1.02,0.980392156863,9.7,4,0.025,0.02504200269522687,0.007333241084514422,0.01795349445688288,0.003379602972833743,400,3
1.02,0.980392156863,9.8,4,0.025,0.02451660570274047,0.007117364904868143,0.01785505721415266,0.003603181365831517,400,3
1.02,0.980392156863,9.9,4,0.025,0.02389214107131305,0.006882875052054852,0.01781654144093308,0.003679224067434762,400,3.25
1.02,0.980392156863,10,4,0.025,0.02322800777548201,0.006663303563888465,0.01772524296386732,0.003779905678126302,400,3.25
1.02,0.980392156863,10.1,4,0.025,0.02260918103067502,0.006451983320225347,0.01768172252431255,0.003900540706889276,400,3.25
1.02,0.980392156863,10.2,4,0.025,0.02209092062855493,0.006241442466741021,0.01762038556117076,0.00405254866675236,400,3.25
1.02,0.980392156863,10.3,4,0.025,0.02166041553003706,0.006039687664316281,0.01749781379497573,0.004182517937899488,400,3.25
1.02,0.980392156863,10.4,4,0.025,0.0212509218834532,0.005856772375987694,0.01732182988905159,0.004229187308726214,400,3.25
1.02,0.980392156863,10.5,4,0.025,0.02079255703573635,0.005684476817968997,0.0171662119106289,0.004211119303503217,400,3.25
1.02,0.980392156863,10.6,4,0.025,0.02030802724844382,0.005490747923051365,0.0168870176124768,0.004214285782972507,400,3.5
1.02,0.980392156863,10.7,4,0.025,0.01982672657136635,0.005243517029469269,0.01688657948907189,0.004307420009633038,400,3.5
1.02,0.980392156863,10.8,4,0.025,0.01939291985621577,0.004942078880377126,0.01689322171630714,0.004449562925728384,400,3.5
1.02,0.980392156863,10.9,4,0.025,0.01899361406800415,0.00461629065619438,0.01683935654942884,0.004551792253638874,400,3.5
1.02,0.980392156863,11,4,0.025,0.01857231205365765,0.004308186739688471,0.01669365438513937,0.004543545594210762,400,3.5
1.02,0.980392156863,11.1,4,0.025,0.01811331276660241,0.004041679012073611,0.01646306401134513,0.004425053293277919,400,3.5
1.02,0.980392156863,11.2,4,0.025,0.0176807161555464,0.003809181049041039,0.01618064465700737,0.00426034166218991,400,3.5
1.02,0.980392156863,11.3,4,0.025,0.01728522309624378,0.00366942123501809,0.01623709124469199,0.003938240240383942,400,3.75
1.02,0.980392156863,11.4,4,0.025,0.01716364365186191,0.003473574347776985,0.01604969712729822,0.00382473402467667,400,3.75
1.02,0.980392156863,11.5,4,0.025,0.01709168646210189,0.003337073251498672,0.01584099459566959,0.003772529321532492,400,3.75
1.02,0.980392156863,11.6,4,0.025,0.01695164124787542,0.00325288404263612,0.01561361181524403,0.003708340235863118,400,3.75
1.02,0.980392156863,11.7,4,0.025,0.01673936864070043,0.003172193611834213,0.01540848621026068,0.00357419334500758,400,3.75
1.02,0.980392156863,11.8,4,0.025,0.01656550916534959,0.003065501276916085,0.01526576300367551,0.003394241535487843,400,3.75
1.02,0.980392156863,11.9,4,0.025,0.01652603232348644,0.00295248862008938,0.01517971999427128,0.003245605821813278,400,3.75
1.02,0.980392156863,12,4,0.025,0.01700724401210783,0.00278671712986463,0.01571384407513163,0.002994754297668626,400,4
1.02,0.980392156863,0,8,0.025,0.05931788826152622,0,0.02334965504120385,1.311327688828617e-18,400,0
1.02,0.980392156863,0.1,8,0.025,0.0591842659537063,2.622655377657235e-18,0.02329887715920341,0,369,0
1.02,0.980392156863,0.2,8,0.025,0.05905182418267029,2.622655377657235e-18,0.02324928264941611,1.311327688828617e-18,357,0
1.02,0.980392156863,0.3,8,0.025,0.05892140909361195,2.622655377657235e-18,0.02320068397796992,1.311327688828617e-18,353,0
1.02,0.980392156863,0.4,8,0.025,0.05879454784295845,0,0.02315350267718188,1.311327688828617e-18,351,0
1.02,0.980392156863,0.5,8,0.025,0.05867214402169758,2.622655377657235e-18,0.02310803582119487,1.311327688828617e-18,351,0
1.02,0.980392156863,0.6,8,0.025,0.05855485882888484,2.622655377657235e-18,0.02306449796298731,0,351,0
1.02,0.980392156863,0.7,8,0.025,0.05909486990822004,0.0006516222187247501,0.0222969079922703,0.0007261854509069375,349,0.125
1.02,0.980392156863,0.8,8,0.025,0.0589909398001551,0.0006528812583696365,0.02228031595000248,0.0007038645452067786,349,0.125
1.02,0.980392156863,0.9,8,0.025,0.05890493723819641,0.0006643459003524844,0.02230124836567766,0.0006471748112064526,348,0.125
1.02,0.980392156863,1,8,0.025,0.05886943172561744,0.0006865985151017797,0.02235813093867305,0.0005615533236895181,346,0.25
1.02,0.980392156863,1.1,8,0.025,0.05883291288551856,0.0007296073171866692,0.02243928750496468,0.0004522128360260939,346,0.25
1.02,0.980392156863,1.2,8,0.025,0.05882391390375669,0.0007913577989542881,0.02254223928074103,0.000324763067797049,346,0.25
1.02,0.980392156863,1.3,8,0.025,0.05884317361033714,0.0008726884505375366,0.0226614182760238,0.0001843339357099246,355,0.25
1.02,0.980392156863,1.4,8,0.025,0.05889367358286543,0.0009764627943399636,0.02278705364274813,4.018575683388332e-05,391,0.25
1.02,0.980392156863,1.5,8,0.025,0.05898038475396403,0.001107308848182778,0.02290254035598948,9.173415311962454e-05,400,0.25
1.02,0.980392156863,1.6,8,0.025,0.05910372814270657,0.001266307097821341,0.02298909837197515,0.0001939159708787192,400,0.25
1.02,0.980392156863,1.7,8,0.025,0.05925279193087539,0.001444657357552391,0.02303537678544207,0.0002569462649493645,400,0.25
1.02,0.980392156863,1.8,8,0.025,0.06019568043788486,0.001699943490503012,0.02295121170996373,0.0003073518227184451,400,0.375
1.02,0.980392156863,1.9,8,0.025,0.06037301491258167,0.001851677596012288,0.02292451192476345,0.0003020229891960288,400,0.375
1.02,0.980392156863,2,8,0.025,0.06054181725022142,0.001978418944569973,0.02286305728634658,0.0002695428715033761,400,0.375
1.02,0.980392156863,2.1,8,0.025,0.06069435859718779,0.002083712408296642,0.02275792084209349,0.0002143697911956671,400,0.375
1.02,0.980392156863,2.2,8,0.025,0.06082449418807867,0.002178205505636021,0.0226046896151072,0.0001870388156459785,400,0.375
1.02,0.980392156863,2.3,8,0.025,0.06091232342232883,0.002260597182578902,0.02241409942385346,0.0002848078855714611,400,0.375
1.02,0.980392156863,2.4,8,0.025,0.06091682311555174,0.002311384937305076,0.02221021976378661,0.0004698649062769565,400,0.375
1.02,0.980392156863,2.5,8,0.025,0.06078765087962157,0.002308595623696663,0.02201882638868955,0.0006806234054033014,400,0.375
1.02,0.980392156863,2.6,8,0.025,0.06049296302162461,0.00225460284206978,0.02185777751215951,0.0008910103294375037,400,0.375
1.02,0.980392156863,2.7,8,0.025,0.06004272910131821,0.002186025532555992,0.0217360962903475,0.001091942167028228,400,0.375
1.02,0.980392156863,2.8,8,0.025,0.06008897270128025,0.002635749384573758,0.02148553642635644,0.001212980254241397,400,0.625
1.02,0.980392156863,2.9,8,0.025,0.0579215406121838,0.003023023210181558,0.02255054856332422,0.0007973560571469409,400,0.75
1.02,0.980392156863,3,8,0.025,0.06440081099692709,0.006523194114087642,0.02189507132052746,0.001150663701477929,400,0.875
1.02,0.980392156863,3.1,8,0.025,0.06385198423968805,0.006654524252052761,0.02202789382446357,0.001253155025769703,400,0.875
1.02,0.980392156863,3.2,8,0.025,0.06252328780941072,0.006946663108053521,0.02220641208744393,0.001339182007195742,400,0.875
1.02,0.980392156863,3.3,8,0.025,0.06137944457933296,0.007054329112193279,0.02241941658304595,0.001408298109943402,400,0.875
1.02,0.980392156863,3.4,8,0.025,0.06097330964530639,0.006729021520981144,0.02265172091751703,0.00145992184734533,400,0.875
1.02,0.980392156863,3.5,8,0.025,0.0609471625010413,0.006296631469145772,0.02287403929910306,0.001492113972712123,400,0.875
1.02,0.980392156863,3.6,8,0.025,0.05383314682477459,0.009133698374729797,0.02023660165652244,0.003145373809482785,400,1
1.02,0.980392156863,3.7,8,0.025,0.05250142460191479,0.008772877889320033,0.02036864824171049,0.003102719295905731,400,1.125
1.02,0.980392156863,3.8,8,0.025,0.05141837007921791,0.00774319139470726,0.02050072751447188,0.002964338162517186,400,1.125
1.02,0.980392156863,3.9,8,0.025,0.04996686730056009,0.007025359147690628,0.02052163358043341,0.002853547614123044,400,1.125
1.02,0.980392156863,4,8,0.025,0.04820533594622771,0.006829496351361447,0.0203677283249486,0.00284468359294842,400,1.125
1.02,0.980392156863,4.1,8,0.025,0.04652919827261261,0.006888698072912634,0.02011048396180421,0.002885507133411117,400,1.125
1.02,0.980392156863,4.2,8,0.025,0.0452871961140612,0.006700133179986556,0.01987971053616405,0.002867599611695888,400,1.125
1.02,0.980392156863,4.3,8,0.025,0.04449960311667871,0.006119452523225238,0.02025526678230534,0.002761546006156954,400,1.25
1.02,0.980392156863,4.4,8,0.025,0.04415294773659305,0.005723890970962624,0.01994605235269424,0.002651143977137496,400,1.375
1.02,0.980392156863,4.5,8,0.025,0.04526245868281152,0.006598389855319874,0.02095918726573215,0.003051222695949678,400,1.5
1.02,0.980392156863,4.6,8,0.025,0.04439331390449248,0.006621333072126442,0.02073107224434054,0.003023034348131498,400,1.5
1.02,0.980392156863,4.7,8,0.025,0.04397591106590207,0.006674180521439562,0.02039513226227642,0.002939531995027601,400,1.5
1.02,0.980392156863,4.8,8,0.025,0.04408391412338772,0.006676785616389783,0.01999567134413123,0.00279872480891676,400,1.5
1.02,0.980392156863,4.9,8,0.025,0.04443099626609891,0.006678191009438104,0.01955549946588389,0.002640366964078752,400,1.5
1.02,0.980392156863,5,8,0.025,0.04465582045457393,0.006724513418794048,0.01910027509360176,0.002507100079471825,400,1.5
1.02,0.980392156863,5.1,8,0.025,0.04464398291990512,0.006773555605075657,0.01867620362838282,0.002409510319688314,400,1.5
1.02,0.980392156863,5.2,8,0.025,0.04452634747310821,0.006763366229667819,0.01833635067979758,0.00232988636241232,400,1.5
1.02,0.980392156863,5.3,8,0.025,0.04443871009170185,0.006668908213834808,0.0181242548739771,0.002244432410881746,400,1.5
1.02,0.980392156863,5.4,8,0.025,0.04201637330778051,0.007674080387202041,0.01933037587254799,0.002770900220308571,400,1.625
1.02,0.980392156863,5.5,8,0.025,0.04189816205169981,0.007420250062031092,0.01944420881210293,0.002668698836098159,400,1.625
1.02,0.980392156863,5.6,8,0.025,0.03764304022878451,0.008090665713414873,0.01915719086771069,0.002666341801102667,400,1.75
1.02,0.980392156863,5.7,8,0.025,0.03092454620219694,0.007794402338237623,0.01866820235097516,0.002454687089460417,400,1.875
1.02,0.980392156863,5.8,8,0.025,0.03139110665700083,0.0069506574330886,0.01881363471384433,0.002321876506724937,400,1.875
1.02,0.980392156863,5.9,8,0.025,0.03225932553260026,0.005911513979815692,0.01893559669124232,0.002181115412293939,400,1.875
1.02,0.980392156863,6,8,0.025,0.03257114143478551,0.005146782647464493,0.019026249292837,0.00202285415010743,400,1.875
1.02,0.980392156863,6.1,8,0.025,0.03204647837910152,0.004772335210285088,0.01904544992269449,0.001844970553819414,400,1.875
1.02,0.980392156863,6.2,8,0.025,0.03130142681539605,0.004703985711832781,0.01896991484922133,0.001655466763854857,400,1.875
1.02,0.980392156863,6.3,8,0.025,0.03110405742025203,0.004509845860042725,0.01883781068091367,0.001479207699620132,400,1.875
1.02,0.980392156863,6.4,8,0.025,0.03041413501495738,0.003404554843825175,0.01943208900271481,0.001556533527334912,400,2
1.02,0.980392156863,6.5,8,0.025,0.02721636240136659,0.004131180189995609,0.01812040787595295,0.001442359102608007,400,2.125
1.02,0.980392156863,6.6,8,0.025,0.02814780650168531,0.003867329621883026,0.01810869276885576,0.001496215828505467,400,2.125
1.02,0.980392156863,6.7,8,0.025,0.02423384983348777,0.003567244265840513,0.01995942290036995,0.003576837735037602,400,2.375
1.02,0.980392156863,6.8,8,0.025,0.02444382423366469,0.003548854149951619,0.0198630818507504,0.003713021102001982,400,2.5
1.02,0.980392156863,6.9,8,0.025,0.0244462489436082,0.0033981556530905,0.0205926085079789,0.003992488082836573,400,2.625
1.02,0.980392156863,7,8,0.025,0.02513928658819533,0.003321830093091645,0.02066835633388835,0.00401712633723802,400,2.625
1.02,0.980392156863,7.1,8,0.025,0.02596262824697161,0.003227892573655312,0.02078290207941765,0.004013476708251471,400,2.625
1.02,0.980392156863,7.2,8,0.025,0.02669841075454198,0.003055195382094902,0.0208687226546878,0.00400436426075358,400,2.625
1.02,0.980392156863,7.3,8,0.025,0.02716999994190633,0.002774630820786236,0.02097750458496697,0.003975012665590789,400,2.625
1.02,0.980392156863,7.4,8,0.025,0.02732726273457581,0.002440171839348886,0.02118318561086203,0.003872792738996917,400,2.625
1.02,0.980392156863,7.5,8,0.025,0.02721289293999747,0.002181573718027306,0.02145843686396175,0.003674311127063085,400,2.625
1.02,0.980392156863,7.6,8,0.025,0.02692852673817028,0.002072486184334105,0.02171649087090345,0.003410491306568507,400,2.625
1.02,0.980392156863,7.7,8,0.025,0.02663796995996833,0.002066110804157603,0.02190098119127275,0.003144457538103791,400,2.625
1.02,0.980392156863,7.8,8,0.025,0.02643322990181795,0.002068724039247388,0.02199116710332482,0.002934374464781402,400,2.625
1.02,0.980392156863,7.9,8,0.025,0.02624965287347725,0.002010213651908041,0.02196565145241252,0.00278830586347728,400,2.625
1.02,0.980392156863,8,8,0.025,0.02302118992596478,0.003478676032997548,0.02161769131118018,0.002656001527450519,400,2.75
1.02,0.980392156863,8.1,8,0.025,0.01958200869837159,0.003451239350372589,0.02333112959011721,0.002105047719602067,400,2.875
1.02,0.980392156863,8.2,8,0.025,0.01959652187496809,0.003074541834610571,0.0234656543037282,0.002020476962828112,400,2.875
1.02,0.980392156863,8.3,8,0.025,0.01760588907498616,0.002470132372111611,0.02205829890252263,0.001314694055283108,400,3
1.02,0.980392156863,8.4,8,0.025,0.01810906450907817,0.002071197277316421,0.02175404225420329,0.001304667072797777,400,3
1.02,0.980392156863,8.5,8,0.025,0.01864917841730372,0.001735771848022774,0.02152598126698341,0.001385080589111909,400,3.125
1.02,0.980392156863,8.6,8,0.025,0.01962744636243115,0.001495786878131021,0.02135319066489501,0.001460927645125854,400,3.125
1.02,0.980392156863,8.7,8,0.025,0.02068659933694542,0.001631954345107739,0.02101254835082604,0.001437360990484303,400,3.125
1.02,0.980392156863,8.8,8,0.025,0.02120247132211272,0.002087636351907858,0.01969018484182997,0.001502814829440299,400,3.25
1.02,0.980392156863,8.9,8,0.025,0.02199073853704116,0.002584947123006766,0.0192350032194034,0.001411310975996774,400,3.25
1.02,0.980392156863,9,8,0.025,0.0227628981883449,0.003062264741393689,0.01908873145062447,0.001398649248801003,400,3.375
1.02,0.980392156863,9.1,8,0.025,0.02328201834412269,0.003422385501237825,0.01891541727554424,0.001415870002796485,400,3.375
1.02,0.980392156863,9.2,8,0.025,0.0239853294452662,0.003633073960656766,0.01903925801421473,0.001479540297819673,400,3.5
1.02,0.980392156863,9.3,8,0.025,0.02417412605590412,0.003790691480426955,0.01881733181572397,0.001524267279410215,400,3.5
1.02,0.980392156863,9.4,8,0.025,0.02443954636399355,0.003919449419402414,0.01840819125507003,0.001559982761610373,400,3.75
1.02,0.980392156863,9.5,8,0.025,0.0241946727240336,0.003946610981206918,0.01820225373063184,0.001594931435490092,400,3.75
1.02,0.980392156863,9.6,8,0.025,0.02386425995504452,0.003933753239111196,0.01821952293240879,0.001719792926694966,400,3.75
1.02,0.980392156863,9.7,8,0.025,0.02348877942931762,0.003866663553221932,0.01826583464826351,0.00187458297588988,400,3.75
1.02,0.980392156863,9.8,8,0.025,0.02303845988444566,0.003749825437503239,0.01819232344623624,0.001993716991242264,400,3.75
1.02,0.980392156863,9.9,8,0.025,0.02247395852235482,0.003613578210763282,0.01807829025674778,0.002030707779994077,400,3.875
1.02,0.980392156863,10,8,0.025,0.02182009606130774,0.00348526838517078,0.01793092706183543,0.002055943862650096,400,3.875
1.02,0.980392156863,10.1,8,0.025,0.02115219791644282,0.003372926661402377,0.01783531269054812,0.002078696257867116,400,3.875
1.02,0.980392156863,10.2,8,0.025,0.02029791768295266,0.003273583439099836,0.01781015043659644,0.002137333248801035,400,4
1.02,0.980392156863,10.3,8,0.025,0.01974085271973365,0.003175292637902546,0.01780299718674483,0.002217411470600927,400,4
1.02,0.980392156863,10.4,8,0.025,0.01826440382072918,0.003286157271119161,0.01753247842421042,0.002198137186265493,400,4.125
1.02,0.980392156863,10.5,8,0.025,0.01783150563927217,0.003156601027696969,0.01735261997209238,0.002187211082861748,400,4.125
1.02,0.980392156863,10.6,8,0.025,0.01741131892241653,0.003023652442676764,0.01696892661891726,0.002137278501069496,400,4.25
1.02,0.980392156863,10.7,8,0.025,0.01703323367230802,0.002876848104552122,0.01673908779560301,0.002135710687381266,400,4.25
1.02,0.980392156863,10.8,8,0.025,0.01673155343362141,0.002708051324271776,0.01664440910066465,0.002186773136870799,400,4.25
1.02,0.980392156863,10.9,8,0.025,0.01648519095333735,0.002524036114117926,0.01660698350696718,0.002239174887341019,400,4.25
1.02,0.980392156863,11,8,0.025,0.01619646955571755,0.002345088948722254,0.0166250469561343,0.002258239853639481,400,4.375
1.02,0.980392156863,11.1,8,0.025,0.01598420850666316,0.002180863477274577,0.01635376798365259,0.002199391367586419,400,4.375
1.02,0.980392156863,11.2,8,0.025,0.01582687358387035,0.002038957541058841,0.01601951874140577,0.002110113256884765,400,4.375
1.02,0.980392156863,11.3,8,0.025,0.01571287003870937,0.001945182833616675,0.0159051406282327,0.001957773724228534,400,4.5
1.02,0.980392156863,11.4,8,0.025,0.01574059911932009,0.001848884991367561,0.01573805158526374,0.001900939203115191,400,4.5
1.02,0.980392156863,11.5,8,0.025,0.01577918877153294,0.001778895477593071,0.01558208089621975,0.001881391443091168,400,4.5
1.02,0.980392156863,11.6,8,0.025,0.0157632361960217,0.001725379087673292,0.01539409283983899,0.001863654887310868,400,4.5
1.02,0.980392156863,11.7,8,0.025,0.01568818333297013,0.001670388366514546,0.01519249598723229,0.001814084495515793,400,4.5
1.02,0.980392156863,11.8,8,0.025,0.01559434444513222,0.001608105912813933,0.01501973494924825,0.001738852064448333,400,4.5
1.02,0.980392156863,11.9,8,0.025,0.01553159735042804,0.001549253745995182,0.01488504313847541,0.001672830507869675,400,4.5
1.02,0.980392156863,12,8,0.025,0.01570878807583221,0.001504614173699592,0.01510431720612001,0.001565726794928494,400,4.75
