tD,tR_over_tD,time,samples,dt,odd_mean,odd_stderr,even_mean,even_stderr,max_bond_dimension,mean_cumulative_jumps
0.98,1.02040816327,0,4,0.025,0.02311391364198569,0,0.05988302947328755,0,400,0
0.98,1.02040816327,0.1,4,0.025,0.02306466172865913,0,0.05974685360796583,0,363,0
0.98,1.02040816327,0.2,4,0.025,0.02301572608319261,0,0.05961238412487931,0,345,0
0.98,1.02040816327,0.3,4,0.025,0.02296789006719476,0,0.05947982287310514,0,335,0
0.98,1.02040816327,0.4,4,0.025,0.02292146396353621,0,0.05935066521151052,0,332,0
0.98,1.02040816327,0.5,4,0.025,0.02287658756796733,0,0.05922569888097023,0,330,0
0.98,1.02040816327,0.6,4,0.025,0.0228335043974561,0,0.05910558292548094,0,330,0
0.98,1.02040816327,0.7,4,0.025,0.02398967044614118,0.001197020158837503,0.05669329567637197,0.002297517077397044,330,0.25
0.98,1.02040816327,0.8,4,0.025,0.02395193936832053,0.001197665555753213,0.05667176043286924,0.002210258347149354,330,0.25
0.98,1.02040816327,0.9,4,0.025,0.02393118952217334,0.001212296065617193,0.05678498237354695,0.001995141319594237,330,0.25
0.98,1.02040816327,1,4,0.025,0.02393284635396352,0.001245793305518946,0.0570162327707225,0.001670146908431414,330,0.25
0.98,1.02040816327,1.1,4,0.025,0.02396063048482305,0.001301597487506203,0.05734270755410407,0.001258869063516863,330,0.25
0.98,1.02040816327,1.2,4,0.025,0.02401530620450616,0.001380730936420188,0.05774299906361777,0.0007826893602840296,330,0.25
0.98,1.02040816327,1.3,4,0.025,0.0240977252355512,0.001484163325871909,0.05819612427410939,0.0002624275009816476,330,0.25
0.98,1.02040816327,1.4,4,0.025,0.02421242444812496,0.001616056555670446,0.05866856720045698,0.0002680834612125427,340,0.25
0.98,1.02040816327,1.5,4,0.025,0.02436633254946257,0.001783110737013709,0.05910307595500935,0.0007511166982875645,359,0.25
0.98,1.02040816327,1.6,4,0.025,0.02456199236929236,0.001987533026311461,0.05943048084732865,0.001116881530395932,375,0.25
0.98,1.02040816327,1.7,4,0.025,0.02478918580934943,0.002219313494294676,0.05959991558934025,0.001314514851782191,398,0.25
0.98,1.02040816327,1.8,4,0.025,0.02589106732453705,0.002314561073872052,0.05964232847036252,0.001319582498016655,400,0.5
0.98,1.02040816327,1.9,4,0.025,0.02614477234529077,0.002512696237326253,0.05949705294141298,0.001172344939518345,400,0.5
0.98,1.02040816327,2,4,0.025,0.02639420980490737,0.002674040868866397,0.05921389821204497,0.0008655719499152961,400,0.5
0.98,1.02040816327,2.1,4,0.025,0.026640733841297,0.002804161637133956,0.05877764575673242,0.0003836255310028045,400,0.5
0.98,1.02040816327,2.2,4,0.025,0.02688477409409808,0.002917113361672672,0.05817272400060729,0.0003673221421309764,400,0.5
0.98,1.02040816327,2.3,4,0.025,0.02710876746610711,0.003010317831050977,0.05741959137657184,0.001270352736621755,400,0.5
0.98,1.02040816327,2.4,4,0.025,0.02727289831513813,0.003054129936041608,0.05658810478319566,0.002341249882008141,400,0.5
0.98,1.02040816327,2.5,4,0.025,0.0273310392017894,0.003010720093913304,0.05577796133694791,0.003478349606878224,400,0.5
0.98,1.02040816327,2.6,4,0.025,0.02725759457873497,0.002867104230712813,0.05508400144061049,0.0045910716383683,400,0.5
0.98,1.02040816327,2.7,4,0.025,0.02706809013434093,0.002652007409599845,0.05456745149368114,0.005623264354825936,400,0.5
0.98,1.02040816327,2.8,4,0.025,0.02781437447390265,0.002922055320383808,0.05391689156572919,0.006392461731716021,400,0.75
0.98,1.02040816327,2.9,4,0.025,0.02652799439908615,0.002521357150586363,0.05786020542958999,0.003357069696792342,400,1
0.98,1.02040816327,3,4,0.025,0.03541699217606683,0.00673325260176041,0.05590134754580604,0.004413023555099528,400,1.25
0.98,1.02040816327,3.1,4,0.025,0.03524939971513642,0.006815747891807327,0.05643742651197744,0.004837857334816146,400,1.25
0.98,1.02040816327,3.2,4,0.025,0.03425028674337013,0.0071005034959908,0.05709415326666825,0.00520078248280264,400,1.25
0.98,1.02040816327,3.3,4,0.025,0.0334774736128729,0.007184296989990735,0.05780852292921423,0.005495832897701896,400,1.25
0.98,1.02040816327,3.4,4,0.025,0.03356911246929077,0.006772515928151973,0.058513002086135,0.005718034691216321,400,1.25
0.98,1.02040816327,3.5,4,0.025,0.03414894387478602,0.006282181390149436,0.05910871572003735,0.005883688564566123,400,1.25
0.98,1.02040816327,3.6,4,0.025,0.03427681495145023,0.00601963033987885,0.05945252763891378,0.0060544068637682,400,1.25
0.98,1.02040816327,3.7,4,0.025,0.03346873543001318,0.005682222283129282,0.05942315828021089,0.006288808912043448,400,1.25
0.98,1.02040816327,3.8,4,0.025,0.03210657504137271,0.00512615626946752,0.05901344265637973,0.006539090188754336,400,1.25
0.98,1.02040816327,3.9,4,0.025,0.03086789347357479,0.004430596806358524,0.05829936483074392,0.006663969987612435,400,1.25
0.98,1.02040816327,4,4,0.025,0.03005888115047625,0.00375726667624604,0.0573110409321259,0.006607490790975781,400,1.25
0.98,1.02040816327,4.1,4,0.025,0.02950545997242976,0.003296843027883745,0.05600988926801242,0.006487236027713682,400,1.25
0.98,1.02040816327,4.2,4,0.025,0.02887565065285272,0.002974267783826706,0.05439870468397945,0.00644639686189565,400,1.25
0.98,1.02040816327,4.3,4,0.025,0.02803227930122826,0.002624359614013242,0.05259289533819145,0.006472657917516549,400,1.25
0.98,1.02040816327,4.4,4,0.025,0.02707383601533564,0.002347884598631328,0.05073951010978585,0.006437045803234518,400,1.25
0.98,1.02040816327,4.5,4,0.025,0.02616646176887782,0.00236732503612082,0.04889580150169667,0.006287527000275408,400,1.25
0.98,1.02040816327,4.6,4,0.025,0.02542715149349151,0.002667178073874768,0.04703565514108865,0.006125530602041867,400,1.25
0.98,1.02040816327,4.7,4,0.025,0.02487860089752311,0.002995462206426784,0.04516076360002559,0.006089609299897393,400,1.25
0.98,1.02040816327,4.8,4,0.025,0.02444951413539733,0.003153596239192543,0.04336493391767085,0.006217185754029753,400,1.25
0.98,1.02040816327,4.9,4,0.025,0.02404893399753482,0.003122901689083124,0.04177864104601191,0.006446962569499402,400,1.25
0.98,1.02040816327,5,4,0.025,0.02364470666862841,0.003010483300877191,0.04046321657358597,0.006708882467229164,400,1.25
0.98,1.02040816327,5.1,4,0.025,0.02328609537589603,0.002914453887276386,0.03937682096237595,0.006971657740193811,400,1.25
0.98,1.02040816327,5.2,4,0.025,0.02304882256814567,0.002843708831389628,0.03843287162408015,0.007232516234466514,400,1.25
0.98,1.02040816327,5.3,4,0.025,0.02295418524679579,0.002746281054995435,0.03759069576068972,0.007486844770754162,400,1.25
0.98,1.02040816327,5.4,4,0.025,0.01853050781797205,0.004631960955357163,0.03801245398956615,0.007368332438571113,400,1.5
0.98,1.02040816327,5.5,4,0.025,0.01871834131216588,0.004473959930549681,0.03766653453682072,0.007511884307119593,400,1.5
0.98,1.02040816327,5.6,4,0.025,0.01905722800630474,0.004136339294366945,0.03752926756604338,0.007599992492259303,400,1.5
0.98,1.02040816327,5.7,4,0.025,0.01469863198506331,0.004883258276934475,0.03543094804473707,0.005633576346998338,400,1.75
0.98,1.02040816327,5.8,4,0.025,0.01563090548629043,0.004397136011138856,0.0353953071174967,0.005622100424654755,400,1.75
0.98,1.02040816327,5.9,4,0.025,0.01700126143511826,0.003613444387547101,0.03513108620705055,0.005422791674056512,400,1.75
0.98,1.02040816327,6,4,0.025,0.01794512792266644,0.003168245060715587,0.03461490750924977,0.005089465527728256,400,1.75
0.98,1.02040816327,6.1,4,0.025,0.01811136560915629,0.00343395732062324,0.03382366962874277,0.004696008247597716,400,1.75
0.98,1.02040816327,6.2,4,0.025,0.01792125283040275,0.004136295823213337,0.03274266205344376,0.004283492719226849,400,1.75
0.98,1.02040816327,6.3,4,0.025,0.01802037456862437,0.004510121747870961,0.03139973679000725,0.003843980908030461,400,1.75
0.98,1.02040816327,6.4,4,0.025,0.01862891867723413,0.004272775845381789,0.02989737082696243,0.00339675326389441,400,1.75
0.98,1.02040816327,6.5,4,0.025,0.01945876382037307,0.003793056885591147,0.02840427628322592,0.003044716426505351,400,1.75
0.98,1.02040816327,6.6,4,0.025,0.02011813983269264,0.00348396571310684,0.02706739592345696,0.002875739587047778,400,1.75
0.98,1.02040816327,6.7,4,0.025,0.02048289183904723,0.003389161340297817,0.02592956923920532,0.002846044723603017,400,1.75
0.98,1.02040816327,6.8,4,0.025,0.02069899180428431,0.003322780892838413,0.02493716745163342,0.002875429564155253,400,1.75
0.98,1.02040816327,6.9,4,0.025,0.01986828023013988,0.002422461599489572,0.02540325705834521,0.003216956638743651,400,2
0.98,1.02040816327,7,4,0.025,0.02024388832904202,0.002146454123621108,0.02449946480347168,0.003284673747755612,400,2
0.98,1.02040816327,7.1,4,0.025,0.02061654364024108,0.001879218862900797,0.02383110910827552,0.003283638076330342,400,2
0.98,1.02040816327,7.2,4,0.025,0.02087027408182469,0.001672609632460735,0.02350961153431308,0.003149791235957882,400,2
0.98,1.02040816327,7.3,4,0.025,0.02092783858620996,0.001519202721133035,0.023534767519269,0.002915910596397095,400,2
0.98,1.02040816327,7.4,4,0.025,0.02080316464350688,0.001431812881963698,0.02377784539357347,0.002677844035591702,400,2
0.98,1.02040816327,7.5,4,0.025,0.02060447483148926,0.001443055770153229,0.02406721104036166,0.002477495359787719,400,2
0.98,1.02040816327,7.6,4,0.025,0.02045968707591101,0.001513236601279031,0.02429340244093131,0.002286020421160456,400,2
0.98,1.02040816327,7.7,4,0.025,0.02041642856745133,0.001561430636074037,0.02444383258291438,0.002112584297546387,400,2
0.98,1.02040816327,7.8,4,0.025,0.02042686618211612,0.001569964610909144,0.02455867474185759,0.002029614201727791,400,2
0.98,1.02040816327,7.9,4,0.025,0.02042531705910854,0.001583893860027853,0.02466636075158846,0.002065959880115804,400,2
0.98,1.02040816327,8,4,0.025,0.02041250489415206,0.001648885467987307,0.02472511291035737,0.002164059854229996,400,2
0.98,1.02040816327,8.1,4,0.025,0.01722977114111784,0.004732550889810538,0.03158686266157063,0.007990201910906117,400,2.25
0.98,1.02040816327,8.2,4,0.025,0.0174557024352135,0.004520853635203988,0.03201530751193506,0.008815385684747528,400,2.25
0.98,1.02040816327,8.3,4,0.025,0.01762057869488488,0.004200200802943755,0.03175865920617887,0.009024863837699485,400,2.25
0.98,1.02040816327,8.4,4,0.025,0.01777367490716045,0.00377120203044427,0.03149906122567934,0.009166466133643563,400,2.25
0.98,1.02040816327,8.5,4,0.025,0.0174403484138816,0.003815545477524586,0.03261770461997545,0.01053542585859823,400,2.5
0.98,1.02040816327,8.6,4,0.025,0.01781022704427088,0.003283320791062245,0.03303420385230792,0.01115107424517125,400,2.5
0.98,1.02040816327,8.7,4,0.025,0.01827972737977539,0.002714537384257586,0.03306761965530438,0.01142404991786284,400,2.5
0.98,1.02040816327,8.8,4,0.025,0.01767439132764623,0.001925185023734551,0.03108876725987587,0.01142899748194734,400,2.75
0.98,1.02040816327,8.9,4,0.025,0.01799852392133524,0.001544332972113579,0.02985060910089905,0.01046563046506133,400,2.75
0.98,1.02040816327,9,4,0.025,0.01819589869552807,0.001310204012101823,0.02861772482526342,0.009452217024320505,400,2.75
0.98,1.02040816327,9.1,4,0.025,0.01831395848645185,0.001270955835776526,0.02764616924259168,0.008666813538503492,400,2.75
0.98,1.02040816327,9.2,4,0.025,0.01838081702900368,0.001356275021742053,0.02680377135528443,0.008049241556020702,400,2.75
0.98,1.02040816327,9.3,4,0.025,0.01840208968778839,0.001472365742112523,0.02589466822321971,0.007436633651197316,400,2.75
0.98,1.02040816327,9.4,4,0.025,0.01827394064411363,0.001534692866467447,0.02677260935568046,0.008548238707740737,400,3
0.98,1.02040816327,9.5,4,0.025,0.01815829224166755,0.001610217497125428,0.02538848810901554,0.007502339912461113,400,3
0.98,1.02040816327,9.6,4,0.025,0.01801283780833833,0.001698688019226616,0.02468332895247635,0.007136199616994891,400,3
0.98,1.02040816327,9.7,4,0.025,0.01784741010353202,0.001797245532842973,0.02433073366307025,0.007152304366779398,400,3
0.98,1.02040816327,9.8,4,0.025,0.01767381695350963,0.0018912940485718,0.02385780497925739,0.007081292214583968,400,3
0.98,1.02040816327,9.9,4,0.025,0.01762666963569329,0.001887769476442131,0.02325674498885036,0.006641662572719443,400,3.25
0.98,1.02040816327,10,4,0.025,0.01742758564976168,0.002021988289351425,0.02234068902744214,0.006081811805289068,400,3.25
0.98,1.02040816327,10.1,4,0.025,0.01726782498902362,0.002183456402412608,0.02146164413624265,0.005525066604805944,400,3.25
0.98,1.02040816327,10.2,4,0.025,0.01717414364731253,0.002365025547737303,0.02072224600425575,0.005106819763301855,400,3.25
0.98,1.02040816327,10.3,4,0.025,0.01713992240358978,0.002558201628783273,0.02012387629203308,0.004823758955069534,400,3.25
0.98,1.02040816327,10.4,4,0.025,0.01711618645030228,0.002764989498666708,0.01962812008001901,0.004607281172058116,400,3.25
0.98,1.02040816327,10.5,4,0.025,0.01704752834443819,0.002970273433914545,0.01920640008479303,0.004398283274867949,400,3.25
0.98,1.02040816327,10.6,4,0.025,0.01683864238135224,0.003115373038115139,0.01864724051939437,0.004151363242676072,400,3.5
0.98,1.02040816327,10.7,4,0.025,0.01669064264297164,0.003223544520377577,0.01832313862919731,0.003965910140578208,400,3.5
0.98,1.02040816327,10.8,4,0.025,0.01656532994364761,0.003270626159342516,0.01808801332334389,0.003878460945534399,400,3.5
0.98,1.02040816327,10.9,4,0.025,0.01646531421534441,0.003275369443335993,0.01795435683692145,0.003899407355563423,400,3.5
0.98,1.02040816327,11,4,0.025,0.0163290842832346,0.003250084564561094,0.01790160394185595,0.003979473122358994,400,3.5
0.98,1.02040816327,11.1,4,0.025,0.01612562596486334,0.003199436338076434,0.01786340869956025,0.00403480192743094,400,3.5
0.98,1.02040816327,11.2,4,0.025,0.01591423841697435,0.003130020889447715,0.01774769734918802,0.004013037440767319,400,3.5
0.98,1.02040816327,11.3,4,0.025,0.01581418040543425,0.003039388883764185,0.01810368428512845,0.003577736842611721,400,3.75
0.98,1.02040816327,11.4,4,0.025,0.01584271000916954,0.002944194013693141,0.01792199792563774,0.003494801011511401,400,3.75
0.98,1.02040816327,11.5,4,0.025,0.01590624211130571,0.002854498688463532,0.01774078517936798,0.003512313505274184,400,3.75
0.98,1.02040816327,11.6,4,0.025,0.01589476747285358,0.002791142326174216,0.01760590687480981,0.003579868108185709,400,3.75
0.98,1.02040816327,11.7,4,0.025,0.01581400230278028,0.002749295072351941,0.01752191914408815,0.003587434746379233,400,3.75
0.98,1.02040816327,11.8,4,0.025,0.0157667255987573,0.002702075798850872,0.01744513249998097,0.003484948884845867,400,3.75
0.98,1.02040816327,11.9,4,0.025,0.01582535634877092,0.002634603941823929,0.0173241825037934,0.003331346050694144,400,3.75
0.98,1.02040816327,12,4,0.025,0.01631187291257213,0.002454123829725598,0.01794183321368114,0.002992850281553764,400,4
0.98,1.02040816327,0,8,0.025,0.02311391364198569,1.311327688828617e-18,0.05988302947328755,0,400,0
0.98,1.02040816327,0.1,8,0.025,0.02306466172865913,0,0.05974685360796583,0,363,0
0.98,1.02040816327,0.2,8,0.025,0.02301572608319261,0,0.05961238412487931,2.622655377657235e-18,345,0
0.98,1.02040816327,0.3,8,0.025,0.02296789006719476,1.311327688828617e-18,0.05947982287310515,2.622655377657235e-18,335,0
0.98,1.02040816327,0.4,8,0.025,0.0229214639635362,1.311327688828617e-18,0.05935066521151051,2.622655377657235e-18,332,0
0.98,1.02040816327,0.5,8,0.025,0.02287658756796733,0,0.05922569888097023,0,330,0
0.98,1.02040816327,0.6,8,0.025,0.0228335043974561,0,0.05910558292548095,2.622655377657235e-18,330,0
0.98,1.02040816327,0.7,8,0.025,0.02339116036672243,0.0005985100794187514,0.05784205421507049,0.001148758538698522,330,0.125
0.98,1.02040816327,0.8,8,0.025,0.02335310659044392,0.0005988327778766065,0.05777688960644391,0.001105129173574677,330,0.125
0.98,1.02040816327,0.9,8,0.025,0.02332504148936474,0.0006061480328085964,0.05778255303334406,0.0009975706597971183,330,0.125
0.98,1.02040816327,1,8,0.025,0.02326760256793641,0.0006303412242742956,0.05795236632384609,0.0008553788579542611,330,0.25
0.98,1.02040816327,1.1,8,0.025,0.02326730901919015,0.0006582203034576787,0.05807318244878123,0.0006515887704028636,330,0.25
0.98,1.02040816327,1.2,8,0.025,0.02328213577122462,0.0006977678034406256,0.05823496739269428,0.0004177640313479115,330,0.25
0.98,1.02040816327,1.3,8,0.025,0.02331244864045838,0.0007494727013592883,0.05842623053231778,0.0001752262001242554,341,0.25
0.98,1.02040816327,1.4,8,0.025,0.02336059831101212,0.0008154381354672847,0.05862883782846228,0.0001524797233282913,377,0.25
0.98,1.02040816327,1.5,8,0.025,0.02343003723758479,0.0008990379570027436,0.05881186943639498,0.0003729720529620529,400,0.25
0.98,1.02040816327,1.6,8,0.025,0.02352190555343603,0.001001433636856255,0.0589375088263559,0.0005528981928624393,400,0.25
0.98,1.02040816327,1.7,8,0.025,0.02363055199468502,0.001117705137085862,0.05897671075874452,0.000653262764862424,400,0.25
0.98,1.02040816327,1.8,8,0.025,0.02417683675028877,0.001253079576051602,0.05894175800333767,0.0006658774209796331,400,0.375
0.98,1.02040816327,1.9,8,0.025,0.02429849200898228,0.001357572747411925,0.05879915817753885,0.0006077675317576267,400,0.375
0.98,1.02040816327,2,8,0.025,0.02441662594774215,0.00144748570753463,0.05856967729549759,0.0004936765117870421,400,0.375
0.98,1.02040816327,2.1,8,0.025,0.02453104107263617,0.001525465657759856,0.05824111669412288,0.0003755559947455125,400,0.375
0.98,1.02040816327,2.2,8,0.025,0.02464087536333038,0.001597564686611066,0.0578030927295974,0.0004528420774914872,400,0.375
0.98,1.02040816327,2.3,8,0.025,0.02473600007025493,0.001661592375043139,0.05726705889706315,0.000811248324856332,400,0.375
0.98,1.02040816327,2.4,8,0.025,0.02479532879686903,0.00170264594097015,0.0566723600126571,0.001311311440289358,400,0.375
0.98,1.02040816327,2.5,8,0.025,0.02479503670518544,0.001702302097358787,0.05607371035155297,0.001865866654345895,400,0.375
0.98,1.02040816327,2.6,8,0.025,0.02472201755424973,0.001654295938951085,0.05552202696689144,0.002421283043658639,400,0.375
0.98,1.02040816327,2.7,8,0.025,0.02458439872794025,0.001572821454143224,0.05505153609862647,0.002947387965970608,400,0.375
0.98,1.02040816327,2.8,8,0.025,0.02486073242975325,0.001786589770040666,0.05461216170377031,0.003388098786106351,400,0.625
0.98,1.02040816327,2.9,8,0.025,0.02416388002256283,0.001524884505530769,0.05637929800214979,0.002479399491074055,400,0.75
0.98,1.02040816327,3,8,0.025,0.02855175436091154,0.004083265027188681,0.05521408887566209,0.002908227841311812,400,0.875
0.98,1.02040816327,3.1,8,0.025,0.02841089726094972,0.004114757626332869,0.05532223375340811,0.003192191687429363,400,0.875
0.98,1.02040816327,3.2,8,0.025,0.02785749764929015,0.004125032070663159,0.05551788862111998,0.003446186671317726,400,0.875
0.98,1.02040816327,3.3,8,0.025,0.02742490630339213,0.004092177906073687,0.0557658948907169,0.003668140498258056,400,0.875
0.98,1.02040816327,3.4,8,0.025,0.02743625982337064,0.003965452735730126,0.05602745719079529,0.003854777503619003,400,0.875
0.98,1.02040816327,3.5,8,0.025,0.02770491407271601,0.003869029748966512,0.05624912146289091,0.004005087403935494,400,0.875
0.98,1.02040816327,3.6,8,0.025,0.025429793133142,0.004795041532005099,0.04923169711964213,0.007881333200198385,400,1
0.98,1.02040816327,3.7,8,0.025,0.02483114129148989,0.004723603655391319,0.04924406798836647,0.007843385840835718,400,1.125
0.98,1.02040816327,3.8,8,0.025,0.02456333350450428,0.004132227432363302,0.04926102577905381,0.007601328637386005,400,1.125
0.98,1.02040816327,3.9,8,0.025,0.0241475558904275,0.003658483778624748,0.04898389442631321,0.007409570432052761,400,1.125
0.98,1.02040816327,4,8,0.025,0.02361143741106925,0.00347053150295219,0.04822662262066317,0.00741149053870058,400,1.125
0.98,1.02040816327,4.1,8,0.025,0.02310895804134556,0.003452490897697246,0.04711885704152928,0.007505059733724007,400,1.125
0.98,1.02040816327,4.2,8,0.025,0.02278245204156006,0.003306166316133422,0.04595086243848349,0.007481290831898635,400,1.125
0.98,1.02040816327,4.3,8,0.025,0.02250328922238481,0.002966239821524,0.0457580549080817,0.007130695937975229,400,1.25
0.98,1.02040816327,4.4,8,0.025,0.02258687729512071,0.002528268156491272,0.04464305591560761,0.006864247395085028,400,1.375
0.98,1.02040816327,4.5,8,0.025,0.02303645446684387,0.00237110926112052,0.04531756452676621,0.007530796583034832,400,1.5
0.98,1.02040816327,4.6,8,0.025,0.02283058141574398,0.00228278353839485,0.04383243362380213,0.007386915217349722,400,1.5
0.98,1.02040816327,4.7,8,0.025,0.02276592005971238,0.002245758655969151,0.04204522999444973,0.007076068042224089,400,1.5
0.98,1.02040816327,4.8,8,0.025,0.02289545793090884,0.002158547119280869,0.04013292700303608,0.006607477616977759,400,1.5
0.98,1.02040816327,4.9,8,0.025,0.02312813325360151,0.002037539841557164,0.03822388598235154,0.006082191136395965,400,1.5
0.98,1.02040816327,5,8,0.025,0.02333004587294347,0.001956005217565456,0.03641433860224802,0.00561287417253381,400,1.5
0.98,1.02040816327,5.1,8,0.025,0.02346016247045887,0.001935944042841193,0.03480105266713444,0.005250939307636199,400,1.5
0.98,1.02040816327,5.2,8,0.025,0.02357941609305522,0.00193953975174082,0.03347314490829076,0.004988559800451092,400,1.5
0.98,1.02040816327,5.3,8,0.025,0.0237510015588585,0.001920171954275114,0.03249330250764961,0.004796667592384752,400,1.5
0.98,1.02040816327,5.4,8,0.025,0.02176226266888726,0.002818983095665134,0.03245177088700613,0.004615660455940317,400,1.625
0.98,1.02040816327,5.5,8,0.025,0.02207007947392998,0.002742675360413124,0.03228113617643392,0.004474182469570931,400,1.625
0.98,1.02040816327,5.6,8,0.025,0.02235666987101035,0.002561491988874366,0.0329546588858968,0.004349312803672466,400,1.75
0.98,1.02040816327,5.7,8,0.025,0.02040600007434929,0.003304353026013376,0.03210828527008387,0.003293496747937737,400,1.875
0.98,1.02040816327,5.8,8,0.025,0.02105039542996284,0.003087399561745292,0.03221338084614019,0.003115614043299351,400,1.875
0.98,1.02040816327,5.9,8,0.025,0.02185339376314723,0.002759318609775601,0.03221880912394164,0.002912688060073994,400,1.875
0.98,1.02040816327,6,8,0.025,0.02236248317832748,0.002594413365385215,0.0322276861029565,0.002717178566580477,400,1.875
0.98,1.02040816327,6.1,8,0.025,0.02241128513529678,0.0026908401076243,0.03220058396612251,0.002533984007265129,400,1.875
0.98,1.02040816327,6.2,8,0.025,0.02225781725571024,0.002942369524177733,0.03202298007897147,0.002357324333268625,400,1.875
0.98,1.02040816327,6.3,8,0.025,0.02226882341606745,0.003079081778620637,0.03160482615971604,0.00220216803746804,400,1.875
0.98,1.02040816327,6.4,8,0.025,0.02173729173774938,0.003162520913471267,0.0315134347344052,0.002475325552481539,400,2
0.98,1.02040816327,6.5,8,0.025,0.0209049766928231,0.003674902376356138,0.0325657844651295,0.003996166037648088,400,2.125
0.98,1.02040816327,6.6,8,0.025,0.0215350295511359,0.0034007372935368,0.03207004480578189,0.004154835658409454,400,2.125
0.98,1.02040816327,6.7,8,0.025,0.02030175559447243,0.003339588555064354,0.03383414817876573,0.005600149291765508,400,2.375
0.98,1.02040816327,6.8,8,0.025,0.02078660456779538,0.003089686756350757,0.03290284442662899,0.005607904204911423,400,2.5
0.98,1.02040816327,6.9,8,0.025,0.02078286491765297,0.002664532136526333,0.03316249623415698,0.005547360399527471,400,2.625
0.98,1.02040816327,7,8,0.025,0.02181959007567604,0.002330228043308116,0.03268987547809021,0.005549875534212839,400,2.625
0.98,1.02040816327,7.1,8,0.025,0.02318070221493697,0.002350707408332695,0.03219465263190728,0.005450413219967688,400,2.625
0.98,1.02040816327,7.2,8,0.025,0.0243796033525731,0.002766192577782566,0.03165796464379749,0.005211358539579451,400,2.625
0.98,1.02040816327,7.3,8,0.025,0.02513165783808809,0.00316178931778412,0.03113021067184054,0.004867599591424064,400,2.625
0.98,1.02040816327,7.4,8,0.025,0.02564151096611673,0.003536588217761955,0.03064100134576497,0.004485297739605134,400,2.625
0.98,1.02040816327,7.5,8,0.025,0.02618474905299698,0.004046401237695744,0.03013939383793723,0.004102815636439661,400,2.625
0.98,1.02040816327,7.6,8,0.025,0.02662937727680519,0.004495262663137495,0.02954242749505771,0.003699048637832928,400,2.625
0.98,1.02040816327,7.7,8,0.025,0.02672312001564455,0.004572733024640969,0.02884122903722925,0.003238258115414265,400,2.625
0.98,1.02040816327,7.8,8,0.025,0.02648576669168321,0.004276519814025881,0.02813367340825749,0.0027516547539999,400,2.625
0.98,1.02040816327,7.9,8,0.025,0.02610971151393467,0.003847534343269095,0.02750185728718852,0.002323405717885377,400,2.625
0.98,1.02040816327,8,8,0.025,0.02382599574738829,0.003869501959494072,0.02814100461383945,0.002312011762170779,400,2.75
0.98,1.02040816327,8.1,8,0.025,0.02192813332933877,0.004285818312564128,0.03094194610382803,0.004007674126348877,400,2.875
0.98,1.02040816327,8.2,8,0.025,0.02178335283620924,0.003854058709482728,0.03051057464642796,0.004359663145137881,400,2.875
0.98,1.02040816327,8.3,8,0.025,0.01995596609437711,0.00348870864482152,0.02926471284167729,0.004440910653492414,400,3
0.98,1.02040816327,8.4,8,0.025,0.02001678628528931,0.00300859687183754,0.0288066181047836,0.004499495771271849,400,3
0.98,1.02040816327,8.5,8,0.025,0.01989253577227039,0.002732335646743035,0.02905184091792841,0.005160852946308189,400,3.125
0.98,1.02040816327,8.6,8,0.025,0.02013146727991637,0.002282791678184471,0.0287877813918453,0.005486448389680894,400,3.125
0.98,1.02040816327,8.7,8,0.025,0.02046421632573926,0.001853945753780993,0.02819603843620716,0.005666505280081523,400,3.125
0.98,1.02040816327,8.8,8,0.025,0.02032057739359514,0.001548633355063397,0.02662008356374717,0.005612753850630312,400,3.25
0.98,1.02040816327,8.9,8,0.025,0.02065823236013281,0.00136404727879299,0.02557128128873011,0.005164869089292671,400,3.25
0.98,1.02040816327,9,8,0.025,0.02091058587745535,0.001299406597530919,0.02499140662066823,0.004683912708191672,400,3.375
0.98,1.02040816327,9.1,8,0.025,0.02106623758793504,0.001319346112734946,0.02437463623530528,0.004307215363164768,400,3.375
0.98,1.02040816327,9.2,8,0.025,0.02146255113067654,0.001421326748835776,0.02412853733918227,0.003976045476783406,400,3.5
0.98,1.02040816327,9.3,8,0.025,0.02139607933102527,0.001458926649374434,0.02358826539234887,0.00368763363325533,400,3.5
0.98,1.02040816327,9.4,8,0.025,0.02146270251411228,0.001526710753080073,0.02608893204556494,0.004790740598924648,400,3.75
0.98,1.02040816327,9.5,8,0.025,0.02119744093881491,0.001524321808567404,0.02512780552043746,0.004246692776560825,400,3.75
0.98,1.02040816327,9.6,8,0.025,0.02089330103715646,0.001529039696731453,0.02462261270377514,0.003973084037623718,400,3.75
0.98,1.02040816327,9.7,8,0.025,0.02055621540353351,0.001537604514579749,0.02444045490931579,0.003908864411916507,400,3.75
0.98,1.02040816327,9.8,8,0.025,0.02017746525007565,0.001529021265312074,0.02422634384857584,0.003854997793742536,400,3.75
0.98,1.02040816327,9.9,8,0.025,0.01982320721291971,0.001462266221809039,0.02386299982100631,0.003656881955695922,400,3.875
0.98,1.02040816327,10,8,0.025,0.01937303079440084,0.001450234220746144,0.02324430746028375,0.003396755213902614,400,3.875
0.98,1.02040816327,10.1,8,0.025,0.01894124092473935,0.001454576148692601,0.02256658679969128,0.003114522673104564,400,3.875
0.98,1.02040816327,10.2,8,0.025,0.01848614050582933,0.001449467904417915,0.02175030755011226,0.002866120508404827,400,4
0.98,1.02040816327,10.3,8,0.025,0.01814196201191277,0.001476443898252266,0.02127780573913068,0.002703769445691572,400,4
0.98,1.02040816327,10.4,8,0.025,0.01704719017079169,0.001585864465859153,0.02062777530260841,0.002574200803724929,400,4.125
0.98,1.02040816327,10.5,8,0.025,0.01688588717315188,0.001616740979523124,0.02005755509287778,0.002456364486242389,400,4.125
0.98,1.02040816327,10.6,8,0.025,0.01671256218300272,0.001623184721513441,0.01912818266673121,0.002346202977657509,400,4.25
0.98,1.02040816327,10.7,8,0.025,0.01660859856686507,0.001622488661788823,0.0183301867613483,0.00228008971628121,400,4.25
0.98,1.02040816327,10.8,8,0.025,0.01655474558063343,0.001602171132933023,0.01784457918071888,0.002190938040830959,400,4.25
0.98,1.02040816327,10.9,8,0.025,0.01655667773664551,0.001575467470055788,0.01764964994180342,0.002093407209142762,400,4.25
0.98,1.02040816327,11,8,0.025,0.01653900025737894,0.001561292755047297,0.0176793747958313,0.002062258313084942,400,4.375
0.98,1.02040816327,11.1,8,0.025,0.01650464614086061,0.001558277823003532,0.01749110471932022,0.002055584929980946,400,4.375
0.98,1.02040816327,11.2,8,0.025,0.01643738074828173,0.001549636953971616,0.01718819754587848,0.002040234421154333,400,4.375
0.98,1.02040816327,11.3,8,0.025,0.0164005788806109,0.001520753770113973,0.01714973654363722,0.001860237278582725,400,4.5
0.98,1.02040816327,11.4,8,0.025,0.01642359051608054,0.001482742210355749,0.01696075988487197,0.001782247366174859,400,4.5
0.98,1.02040816327,11.5,8,0.025,0.01646393197343332,0.001446383513627054,0.01688167123782012,0.001736202150928322,400,4.5
0.98,1.02040816327,11.6,8,0.025,0.01644509411469423,0.001419321894640489,0.01686371766438197,0.001734136855447751,400,4.5
0.98,1.02040816327,11.7,8,0.025,0.01634859599638604,0.001393452209620028,0.01683992452180641,0.001728698890047427,400,4.5
0.98,1.02040816327,11.8,8,0.025,0.01623114468713003,0.001353923037850408,0.01676844893874527,0.001680621580906281,400,4.5
0.98,1.02040816327,11.9,8,0.025,0.01615995918883232,0.001298311008159551,0.01665645945555433,0.001606071286345646,400,4.5
0.98,1.02040816327,12,8,0.025,0.0163700569896658,0.001189036315253671,0.01696350017708901,0.001468865467125037,400,4.75
0.98,1.02040816327,0,16,0.025,0.02311391364198569,8.958073510310954e-19,0.05988302947328752,5.374844106186573e-18,400,0
0.98,1.02040816327,0.1,16,0.025,0.02292336040393575,0.0001413013247233816,0.0599374344783429,0.0001905808703770748,363,0.0625
0.98,1.02040816327,0.2,16,0.025,0.02287494259309025,0.0001407834901023621,0.05980209489724811,0.0001897107723687831,345,0.0625
0.98,1.02040816327,0.3,16,0.025,0.02282755451815822,0.0001403355490365323,0.05966870471756024,0.000188881844455088,335,0.0625
0.98,1.02040816327,0.4,16,0.025,0.02278148592132732,0.0001399780422088905,0.05953872932161584,0.0001880641101053141,347,0.0625
0.98,1.02040816327,0.5,16,0.025,0.02257725525946041,0.0002049989572989281,0.05959997196382516,0.0002556772524280138,384,0.125
0.98,1.02040816327,0.6,16,0.025,0.0225350165185202,0.0002043973562622351,0.05947803238939153,0.0002544314741483955,400,0.125
0.98,1.02040816327,0.7,16,0.025,0.02163424415149783,0.00145287229627088,0.05544634861313903,0.003403589769919715,400,0.3125
0.98,1.02040816327,0.8,16,0.025,0.02162901953497391,0.001431179983956694,0.0556008045479482,0.003163050263106682,400,0.3125
0.98,1.02040816327,0.9,16,0.025,0.02167719615174464,0.00137450149288572,0.05601275509346954,0.002705439263014013,400,0.3125
0.98,1.02040816327,1,16,0.025,0.02177666125246877,0.001292660171023673,0.05625836029375272,0.002493802729871999,400,0.4375
0.98,1.02040816327,1.1,16,0.025,0.02189263117826514,0.001207509570497735,0.05607055138300471,0.002688617517404211,400,0.4375
0.98,1.02040816327,1.2,16,0.025,0.02201415326364123,0.001130707457677205,0.05578219754929724,0.003017579345239499,400,0.4375
0.98,1.02040816327,1.3,16,0.025,0.0221288561470437,0.001071270294546956,0.05578189076619661,0.003089452349791473,400,0.4375
0.98,1.02040816327,1.4,16,0.025,0.02223175117399145,0.001033779158648977,0.05614993462877028,0.002812010697960732,400,0.4375
0.98,1.02040816327,1.5,16,0.025,0.02231821934213535,0.001021536442750552,0.05662984370133841,0.00242410487783496,400,0.4375
0.98,1.02040816327,1.6,16,0.025,0.02237843195770851,0.001037339433555896,0.05693961120400371,0.002185484391110641,400,0.4375
0.98,1.02040816327,1.7,16,0.025,0.0221278332912552,0.001161539725205118,0.05742401692969959,0.002198536592721654,400,0.5
0.98,1.02040816327,1.8,16,0.025,0.02233936573766202,0.001242486358376003,0.05742696057009279,0.00216568646224821,400,0.5625
0.98,1.02040816327,1.9,16,0.025,0.02232223898854937,0.001297233346770104,0.05745004957347993,0.002048892053262826,400,0.5625
0.98,1.02040816327,2,16,0.025,0.02230977689452809,0.001335472833156079,0.05748792723791104,0.001865971150433343,400,0.5625
0.98,1.02040816327,2.1,16,0.025,0.02230873693904963,0.001355137381899984,0.05743769519124228,0.001717592649888168,400,0.5625
0.98,1.02040816327,2.2,16,0.025,0.02230705849630104,0.001366776988310642,0.05721285408828725,0.001682146982008266,400,0.5625
0.98,1.02040816327,2.3,16,0.025,0.02228588340477423,0.001379744319098631,0.05679557989263753,0.001767516297987893,400,0.5625
0.98,1.02040816327,2.4,16,0.025,0.02203722865262259,0.001373353541151157,0.058618200491834,0.003921495862584334,400,0.625
0.98,1.02040816327,2.5,16,0.025,0.02196468294080224,0.001376967951956911,0.05797987272112064,0.004066068595166042,400,0.625
0.98,1.02040816327,2.6,16,0.025,0.02140684567650711,0.001648404679307952,0.05817737671780012,0.003902373406965833,400,0.6875
0.98,1.02040816327,2.7,16,0.025,0.02139224673574767,0.00157586618241217,0.05773353825862484,0.003840946050607153,400,0.75
0.98,1.02040816327,2.8,16,0.025,0.02159876566825026,0.001597594561152383,0.05708166919523294,0.003823122936987172,400,0.875
0.98,1.02040816327,2.9,16,0.025,0.02138878294420786,0.001408764217273066,0.05756634086336416,0.003543552340267857,400,0.9375
0.98,1.02040816327,3,16,0.025,0.02377706966480627,0.002479585230154238,0.05659995237092302,0.003541254076251157,400,1
0.98,1.02040816327,3.1,16,0.025,0.02393617519343079,0.002416318058772937,0.05622010749868327,0.003459256858532867,400,1
0.98,1.02040816327,3.2,16,0.025,0.02390720289646388,0.002325528237344197,0.0557775966791821,0.003341449579487331,400,1
0.98,1.02040816327,3.3,16,0.025,0.02395209772542931,0.002234307353508383,0.0552515530077042,0.003227504669225445,400,1
0.98,1.02040816327,3.4,16,0.025,0.02392906473964299,0.002219123325174697,0.05261217615590667,0.003877280408587962,400,1.0625
0.98,1.02040816327,3.5,16,0.025,0.02433421037177802,0.002140984530464287,0.05251556484756412,0.003705699516695735,400,1.0625
0.98,1.02040816327,3.6,16,0.025,0.02346906950079162,0.002420767364066569,0.04898749801589818,0.004702316288790614,400,1.125
0.98,1.02040816327,3.7,16,0.025,0.02341718548178642,0.002346255002911266,0.04882976128592131,0.004634310943172176,400,1.1875
0.98,1.02040816327,3.8,16,0.025,0.02350930657091273,0.002044386557308904,0.0484352341470026,0.004573383832700229,400,1.1875
0.98,1.02040816327,3.9,16,0.025,0.02359182778507265,0.001814125425354681,0.04814347646727253,0.004499024042380136,400,1.25
0.98,1.02040816327,4,16,0.025,0.02357476053756507,0.001735461337893829,0.04743691460524774,0.004503781527226258,400,1.25
0.98,1.02040816327,4.1,16,0.025,0.02356536311662169,0.001762139378412532,0.04682060121912724,0.004488196717592464,400,1.25
0.98,1.02040816327,4.2,16,0.025,0.02218643573013209,0.002248968170247244,0.04931458337528766,0.005814876982133978,400,1.3125
0.98,1.02040816327,4.3,16,0.025,0.02219270890246119,0.002144409360929056,0.0493047706757653,0.005718375826872243,400,1.375
0.98,1.02040816327,4.4,16,0.025,0.02267574014680929,0.001992721687146322,0.04869726207417639,0.005701408280130808,400,1.5
0.98,1.02040816327,4.5,16,0.025,0.02303331062896666,0.001890969614474806,0.04887821261592083,0.005893146440748906,400,1.5625
0.98,1.02040816327,4.6,16,0.025,0.02304993107781377,0.001794493101836191,0.04793206851161379,0.005841863816722694,400,1.5625
0.98,1.02040816327,4.7,16,0.025,0.02310255466613923,0.001707409597582397,0.04685281363547534,0.005703231448152165,400,1.5625
0.98,1.02040816327,4.8,16,0.025,0.0231904185772823,0.00160048720862838,0.04574250419357268,0.005507967915080576,400,1.5625
0.98,1.02040816327,4.9,16,0.025,0.02325501118250076,0.001480408566742625,0.04461995889502064,0.005311832185822721,400,1.5625
0.98,1.02040816327,5,16,0.025,0.02337258092222165,0.001359850196956904,0.04353626096626582,0.005130025971181547,400,1.625
0.98,1.02040816327,5.1,16,0.025,0.02328521991703371,0.001296792110842186,0.04230878848526703,0.004980295377841076,400,1.625
0.98,1.02040816327,5.2,16,0.025,0.02341921467269802,0.001293498320303034,0.04084999203960976,0.004747831162475858,400,1.6875
0.98,1.02040816327,5.3,16,0.025,0.02336953930501569,0.001281851520601134,0.03979510018706425,0.004534609909407401,400,1.6875
0.98,1.02040816327,5.4,16,0.025,0.02226015453628493,0.001625205242287997,0.03930099029899303,0.004284080403422364,400,1.75
0.98,1.02040816327,5.5,16,0.025,0.02231879386314947,0.001586682465623769,0.03884034715067356,0.004102850128373203,400,1.75
0.98,1.02040816327,5.6,16,0.025,0.02238430558739761,0.001502021463403184,0.0388083269702553,0.003936988066501042,400,1.8125
0.98,1.02040816327,5.7,16,0.025,0.02134692641466553,0.001812352719844329,0.03793675464502178,0.003652469114450725,400,1.875
0.98,1.02040816327,5.8,16,0.025,0.02139366996772325,0.001690969067891247,0.0365397043247772,0.003825862085366637,400,1.9375
0.98,1.02040816327,5.9,16,0.025,0.02231273875811118,0.001674001357003364,0.03722517673349955,0.004255665747743386,400,2
0.98,1.02040816327,6,16,0.025,0.02349065751765068,0.001422683215244602,0.03468516583048295,0.004484727109760813,400,2.125
0.98,1.02040816327,6.1,16,0.025,0.02325003213031264,0.001406964412386413,0.0347649240773853,0.004466521090217733,400,2.125
0.98,1.02040816327,6.2,16,0.025,0.02285055151414345,0.001480506187680217,0.03467468080110308,0.004469825991450253,400,2.125
0.98,1.02040816327,6.3,16,0.025,0.02247554792468102,0.001524182311736812,0.03432104364174479,0.004392919323304879,400,2.1875
0.98,1.02040816327,6.4,16,0.025,0.02196967040351409,0.001577691277705572,0.03427654848101493,0.004379150246438199,400,2.25
0.98,1.02040816327,6.5,16,0.025,0.02129824804230387,0.001842602726760265,0.03487091381478312,0.004522226231525642,400,2.3125
0.98,1.02040816327,6.6,16,0.025,0.02131910421226785,0.001735444036997334,0.03470890029830528,0.004447277426089643,400,2.3125
0.98,1.02040816327,6.7,16,0.025,0.02041526103038992,0.001720393430242005,0.03570439374584506,0.004640396112992223,400,2.5
0.98,1.02040816327,6.8,16,0.025,0.02044880103961201,0.001618424583147053,0.0351749061722326,0.004545607705078578,400,2.5625
0.98,1.02040816327,6.9,16,0.025,0.02012827404974881,0.001448831470907097,0.03518991336884551,0.004394493403582637,400,2.6875
0.98,1.02040816327,7,16,0.025,0.02282490273487761,0.002430752455165709,0.03453800134693041,0.004310162300896963,400,2.75
0.98,1.02040816327,7.1,16,0.025,0.02334290031176729,0.00235720410664362,0.03400226479681095,0.00416300846140563,400,2.75
0.98,1.02040816327,7.2,16,0.025,0.02375800321809346,0.002384017318665244,0.03349485475788901,0.003989543639775842,400,2.75
0.98,1.02040816327,7.3,16,0.025,0.02402985962472536,0.00246737378556055,0.03301446506425453,0.003814190279831616,400,2.75
0.98,1.02040816327,7.4,16,0.025,0.02428096463153,0.002593022600124667,0.03252397005564714,0.003651937273053664,400,2.75
0.98,1.02040816327,7.5,16,0.025,0.02457325138028926,0.002768717120471903,0.03198737457079744,0.003503903315304226,400,2.75
0.98,1.02040816327,7.6,16,0.025,0.02476269082205729,0.002900248699358263,0.03141745401250846,0.003361800104721809,400,2.75
0.98,1.02040816327,7.7,16,0.025,0.02471701102947865,0.002871519347031807,0.03087441279403549,0.003219653246630222,400,2.75
0.98,1.02040816327,7.8,16,0.025,0.0243530112909964,0.002703907687349446,0.03060693167339736,0.003210487833222626,400,2.8125
0.98,1.02040816327,7.9,16,0.025,0.02410070758058098,0.002489250792900632,0.03022298280414433,0.003112895558507149,400,2.8125
0.98,1.02040816327,8,16,0.025,0.02292468050613446,0.002409017037259946,0.03045035660534646,0.003066554632484191,400,2.875
0.98,1.02040816327,8.1,16,0.025,0.02193725777277553,0.002509513099634108,0.03172538741659068,0.003392515658652825,400,2.9375
0.98,1.02040816327,8.2,16,0.025,0.02166936771336577,0.002277090825407706,0.03126211615322433,0.003452110693641722,400,3
0.98,1.02040816327,8.3,16,0.025,0.02066564864620331,0.002084332896237773,0.03059201816000538,0.00348024224971589,400,3.0625
0.98,1.02040816327,8.4,16,0.025,0.02064793254413573,0.001844747296103157,0.03064023144011168,0.003440738388678291,400,3.125
0.98,1.02040816327,8.5,16,0.025,0.02049514253046339,0.001695495654777794,0.03064585670941452,0.00364265883114899,400,3.1875
0.98,1.02040816327,8.6,16,0.025,0.02052870912913053,0.001482667789943406,0.03037911764815682,0.003759316241413017,400,3.1875
0.98,1.02040816327,8.7,16,0.025,0.02062056210675608,0.001288390785638664,0.02993013798544535,0.003837210101714858,400,3.1875
0.98,1.02040816327,8.8,16,0.025,0.02048532132325142,0.001151910748224039,0.02894265435368476,0.0038469338873694,400,3.25
0.98,1.02040816327,8.9,16,0.025,0.02061669921400857,0.001058529461887233,0.02823400072015073,0.003693078770876866,400,3.3125
0.98,1.02040816327,9,16,0.025,0.02068964227676532,0.001004025223523278,0.02761553777696691,0.003528143186305676,400,3.375
0.98,1.02040816327,9.1,16,0.025,0.02085034215070078,0.0009845694891337344,0.02682745169188614,0.00329511315442862,400,3.4375
0.98,1.02040816327,9.2,16,0.025,0.02100450928193094,0.0009820865225497646,0.02644985322411317,0.003186111503471228,400,3.5
0.98,1.02040816327,9.3,16,0.025,0.02097253270395772,0.0009410594874551247,0.02597620609632822,0.003101679542032465,400,3.5625
0.98,1.02040816327,9.4,16,0.025,0.0209625483611116,0.0009302353679805718,0.02702221811634159,0.003377961366223726,400,3.6875
0.98,1.02040816327,9.5,16,0.025,0.02077543781801348,0.0008914751929154612,0.0263312685436664,0.003190478960648888,400,3.6875
0.98,1.02040816327,9.6,16,0.025,0.02056151637748154,0.0008569773235434333,0.02588011820832103,0.003083094775315069,400,3.6875
0.98,1.02040816327,9.7,16,0.025,0.02032511694929974,0.0008283987949503395,0.02561456533789374,0.003034509115152431,400,3.6875
0.98,1.02040816327,9.8,16,0.025,0.02005950853565276,0.0008017354929807196,0.02534717785719929,0.002990945841697095,400,3.6875
0.98,1.02040816327,9.9,16,0.025,0.01864571365510495,0.00130942208243729,0.02456727314105806,0.002905040449552903,400,3.8125
0.98,1.02040816327,10,16,0.025,0.01837732613013134,0.001279537642149301,0.02414929343421409,0.002795431213799956,400,3.8125
0.98,1.02040816327,10.1,16,0.025,0.01737283075527431,0.001366554400194533,0.02350695146593603,0.002656052923087411,400,3.875
0.98,1.02040816327,10.2,16,0.025,0.01729774000842961,0.001233314979337527,0.02293307111105588,0.002516940416317883,400,3.9375
0.98,1.02040816327,10.3,16,0.025,0.01729615483908782,0.00110902546359036,0.02246799927151035,0.002394346210848382,400,3.9375
0.98,1.02040816327,10.4,16,0.025,0.01688888458193406,0.001027341437246489,0.02186602771427711,0.002302330187527634,400,4
0.98,1.02040816327,10.5,16,0.025,0.01694454451803844,0.0009675484011756061,0.02132082643823034,0.002229405185444644,400,4
0.98,1.02040816327,10.6,16,0.025,0.01704128880947277,0.0009375701093645211,0.02064594105032071,0.002162775932286039,400,4.0625
0.98,1.02040816327,10.7,16,0.025,0.01721519246928279,0.0009546826809346237,0.020064548797544,0.002084668084742586,400,4.0625
0.98,1.02040816327,10.8,16,0.025,0.017399454135778,0.001003416305394372,0.01963789734276409,0.001975646337498579,400,4.0625
0.98,1.02040816327,10.9,16,0.025,0.01754888895312168,0.001055723917285206,0.01935602536628494,0.001860779804784319,400,4.0625
0.98,1.02040816327,11,16,0.025,0.0176200372447322,0.001094389280449089,0.01920708101477597,0.001778563757427362,400,4.125
0.98,1.02040816327,11.1,16,0.025,0.01782450620594694,0.001095912060715699,0.01924766078131392,0.001710296983178577,400,4.1875
0.98,1.02040816327,11.2,16,0.025,0.0178054457576426,0.001104159589935708,0.01901629405797321,0.00167579603388791,400,4.1875
0.98,1.02040816327,11.3,16,0.025,0.01778029812854881,0.001100413637188453,0.01892356678525023,0.001586705618343575,400,4.25
0.98,1.02040816327,11.4,16,0.025,0.01778533671813146,0.001092449286764463,0.01889924547286797,0.001557631695378724,400,4.3125
0.98,1.02040816327,11.5,16,0.025,0.01794061868123496,0.001052574913181948,0.01902625762635847,0.001465845432683429,400,4.375
0.98,1.02040816327,11.6,16,0.025,0.01776424930901584,0.00101568376416067,0.01876017636133497,0.001365453383650329,400,4.4375
0.98,1.02040816327,11.7,16,0.025,0.01764377722914345,0.0009847990158291808,0.018632536720927,0.001337834457495885,400,4.4375
0.98,1.02040816327,11.8,16,0.025,0.01750036369437645,0.0009582533844643811,0.01851627875962755,0.0013126065372713,400,4.4375
0.98,1.02040816327,11.9,16,0.025,0.01736843333153334,0.0009308872362050671,0.01839211391414535,0.001290986866782443,400,4.4375
0.98,1.02040816327,12,16,0.025,0.01734110322024572,0.0008740837929084623,0.01828710036204001,0.001263207765212647,400,4.625
0.99,1.0101010101,0,4,0.025,0.03090938370284507,0,0.04987128801579447,0,400,0
0.99,1.0101010101,0.1,4,0.025,0.03084214511573044,0,0.04975821915236273,0,373,0
0.99,1.0101010101,0.2,4,0.025,0.03077509179686828,0,0.04964677875721286,0,357,0
0.99,1.0101010101,0.3,4,0.025,0.03070961990686534,0,0.04953730250898011,0,346,0
0.99,1.0101010101,0.4,4,0.025,0.03064590950834829,0,0.04943044662653236,0,343,0
0.99,1.0101010101,0.5,4,0.025,0.03058433429362419,0,0.04932711156617294,0,339,0
0.99,1.0101010101,0.6,4,0.025,0.03052532234597768,0,0.04922794737090196,0,337,0
0.99,1.0101010101,0.7,4,0.025,0.03035152597270908,0.0001176378275073685,0.04913663738217132,3.3251422035252e-06,337,0.25
0.99,1.0101010101,0.8,4,0.025,0.03029992768379584,0.0001164122757427513,0.0490493500981898,5.596363777811766e-06,337,0.25
0.99,1.0101010101,0.9,4,0.025,0.03025566229778322,0.0001118712861850153,0.04897242087425549,1.2272359567609e-05,337,0.25
0.99,1.0101010101,1,4,0.025,0.03022345340366012,9.979567240589807e-05,0.04891034067681019,2.685885960507228e-05,337,0.25
0.99,1.0101010101,1.1,4,0.025,0.03020866484872287,7.5128312344349e-05,0.04887120276510922,5.685606846929717e-05,337,0.25
0.99,1.0101010101,1.2,4,0.025,0.03021695020149375,3.230391004016044e-05,0.04886499825844097,0.0001121793406895933,343,0.25
0.99,1.0101010101,1.3,4,0.025,0.03025391775804892,3.444818829732941e-05,0.04890164314753799,0.0002028700308100411,363,0.25
0.99,1.0101010101,1.4,4,0.025,0.03032488796368565,0.0001302442375093185,0.04898930362009384,0.0003368643156379473,390,0.25
0.99,1.0101010101,1.5,4,0.025,0.03043303487181468,0.0002579296647359161,0.04913260314029417,0.0005184110812141429,400,0.25
0.99,1.0101010101,1.6,4,0.025,0.03057859675434571,0.0004175423511634992,0.04933349681898263,0.0007490019319694296,400,0.25
0.99,1.0101010101,1.7,4,0.025,0.03075998508345324,0.0006073423455430172,0.04959201892818379,0.001028482781331578,400,0.25
0.99,1.0101010101,1.8,4,0.025,0.03203975476320107,0.001108976664959697,0.04989172139716865,0.001358470781804681,400,0.5
0.99,1.0101010101,1.9,4,0.025,0.03233323508865014,0.00126041431611854,0.05025679053011632,0.001717181424993895,400,0.5
0.99,1.0101010101,2,4,0.025,0.03268003082977703,0.001457296705972083,0.05065446874438877,0.00208823944168979,400,0.5
0.99,1.0101010101,2.1,4,0.025,0.0330562350098792,0.001672711632622069,0.05106121441471968,0.002440987595550959,400,0.5
0.99,1.0101010101,2.2,4,0.025,0.03342686066061654,0.001879942848923117,0.05145320650778612,0.002740198765234191,400,0.5
0.99,1.0101010101,2.3,4,0.025,0.03375800989714355,0.00205820588345117,0.05180961188543506,0.002952672922908496,400,0.5
0.99,1.0101010101,2.4,4,0.025,0.03402670691408856,0.002194903886263743,0.05211167934596535,0.003051720026147151,400,0.5
0.99,1.0101010101,2.5,4,0.025,0.03421613817287215,0.002282299041418266,0.05234071546854625,0.003019346946724069,400,0.5
0.99,1.0101010101,2.6,4,0.025,0.03430508578248713,0.002312475520559193,0.05247930285885334,0.002849374965301657,400,0.5
0.99,1.0101010101,2.7,4,0.025,0.03426758446708628,0.002277306368322403,0.05251620244953078,0.002557805080410599,400,0.5
0.99,1.0101010101,2.8,4,0.025,0.03523785083702425,0.003100582693238941,0.05198705092208177,0.002124767026445359,400,0.75
0.99,1.0101010101,2.9,4,0.025,0.02964986880465828,0.005936415151961953,0.0430804487266398,0.007633049298187276,400,1
0.99,1.0101010101,3,4,0.025,0.0393759122455615,0.01068332829840158,0.04151449822186793,0.007456658976762645,400,1.25
0.99,1.0101010101,3.1,4,0.025,0.03972274085388796,0.01041572970621397,0.04246697316006676,0.007421079042051768,400,1.25
0.99,1.0101010101,3.2,4,0.025,0.03981698354090499,0.0102117912864582,0.043596433469616,0.007318692462756808,400,1.25
0.99,1.0101010101,3.3,4,0.025,0.03969208177136001,0.009864173026189945,0.04478101793777869,0.007182961651032703,400,1.25
0.99,1.0101010101,3.4,4,0.025,0.03939105989921993,0.009315587610673659,0.04590523535363047,0.007040943037617983,400,1.25
0.99,1.0101010101,3.5,4,0.025,0.03890912850241408,0.008675950747800001,0.04689243792847526,0.006890407713724256,400,1.25
0.99,1.0101010101,3.6,4,0.025,0.0381959030883189,0.008049572853461091,0.04769689765938978,0.006711971364951686,400,1.25
0.99,1.0101010101,3.7,4,0.025,0.0372308843925455,0.007400912125071714,0.04826175668650532,0.00649538787150587,400,1.25
0.99,1.0101010101,3.8,4,0.025,0.03606934358504967,0.006608057697352497,0.04850881973066512,0.006241550056313767,400,1.25
0.99,1.0101010101,3.9,4,0.025,0.03481279081182842,0.005605963061551997,0.04837886556086383,0.005948109681801836,400,1.25
0.99,1.0101010101,4,4,0.025,0.03356997635961863,0.004453053472647447,0.04787733005909408,0.005612149543206026,400,1.25
0.99,1.0101010101,4.1,4,0.025,0.03242727846976267,0.00328252880608942,0.04707672458847461,0.005252709381389682,400,1.25
0.99,1.0101010101,4.2,4,0.025,0.03141668522982225,0.002210202284811899,0.04607216834522816,0.004909759302040482,400,1.25
0.99,1.0101010101,4.3,4,0.025,0.03051213535825555,0.001284763831456564,0.04492863608505817,0.00461309571285745,400,1.25
0.99,1.0101010101,4.4,4,0.025,0.02965720500352692,0.0006584047169110014,0.04366191279283731,0.004367176027642597,400,1.25
0.99,1.0101010101,4.5,4,0.025,0.02882264493693071,0.0009766406085093661,0.04226905684430716,0.004179368292480587,400,1.25
0.99,1.0101010101,4.6,4,0.025,0.02805432765550276,0.001680773228301975,0.04077918956281679,0.004085915033546733,400,1.25
0.99,1.0101010101,4.7,4,0.025,0.02744039729698067,0.002244741441133164,0.03927616986446364,0.004126319246554387,400,1.25
0.99,1.0101010101,4.8,4,0.025,0.02702424609611963,0.002555306479729281,0.03787206484124685,0.004296102125886683,400,1.25
0.99,1.0101010101,4.9,4,0.025,0.0267505101612139,0.002668095785508557,0.03665441533025568,0.004544526156239923,400,1.25
0.99,1.0101010101,5,4,0.025,0.02650620606622787,0.002706345259337778,0.03565062689175863,0.004814933763175406,400,1.25
0.99,1.0101010101,5.1,4,0.025,0.02623239638508092,0.002736509686365932,0.0348350840393036,0.005073512312846769,400,1.25
0.99,1.0101010101,5.2,4,0.025,0.02597568037049043,0.002729502535153015,0.03416688795334017,0.005307827824206498,400,1.25
0.99,1.0101010101,5.3,4,0.025,0.02581902027415485,0.002636334054263288,0.03363243504571582,0.00550730231766797,400,1.25
0.99,1.0101010101,5.4,4,0.025,0.0214140718863786,0.005247558013082556,0.03472469148154431,0.005201250692188288,400,1.5
0.99,1.0101010101,5.5,4,0.025,0.02158364454117759,0.005097217674166666,0.0346438373744271,0.005224684845057896,400,1.5
0.99,1.0101010101,5.6,4,0.025,0.02191115699268332,0.00474015204506779,0.03469832830413058,0.005172788913438545,400,1.5
0.99,1.0101010101,5.7,4,0.025,0.01564482291933235,0.004752250553270172,0.03279276677037926,0.003099297019190519,400,1.75
0.99,1.0101010101,5.8,4,0.025,0.01660538687422472,0.004029399614695558,0.03282901483459816,0.002943880106378209,400,1.75
0.99,1.0101010101,5.9,4,0.025,0.01810996641179446,0.002870239278893656,0.03265110943168292,0.002652932265656604,400,1.75
0.99,1.0101010101,6,4,0.025,0.01907365501717664,0.002188841748940343,0.03224404563530511,0.002257109645392332,400,1.75
0.99,1.0101010101,6.1,4,0.025,0.01905448272176762,0.002569182143873929,0.03158643542334792,0.001829903887834473,400,1.75
0.99,1.0101010101,6.2,4,0.025,0.01860160877616942,0.003530835151663281,0.03064985213377565,0.001485581824152971,400,1.75
0.99,1.0101010101,6.3,4,0.025,0.01855773754928141,0.003962569316019425,0.02944026203369504,0.001337997286309922,400,1.75
0.99,1.0101010101,6.4,4,0.025,0.01921014831848167,0.003549789243411458,0.0280591404692232,0.00142749061622853,400,1.75
0.99,1.0101010101,6.5,4,0.025,0.02017875041952668,0.002850152054617822,0.02669252514234911,0.001692184065301699,400,1.75
0.99,1.0101010101,6.6,4,0.025,0.02095113964783534,0.002456003408274169,0.0255020578284446,0.002005424845694818,400,1.75
0.99,1.0101010101,6.7,4,0.025,0.02136887086351436,0.002375760817958808,0.02452533433747777,0.002268516329698372,400,1.75
0.99,1.0101010101,6.8,4,0.025,0.0216266740212927,0.002333405960231754,0.02368960394400954,0.002479276274023767,400,1.75
0.99,1.0101010101,6.9,4,0.025,0.02096646049148758,0.001224335917486597,0.02430236149095976,0.003056754611146221,400,2
0.99,1.0101010101,7,4,0.025,0.0214211612065886,0.001027079547738319,0.02351673836030635,0.003219691829389928,400,2
0.99,1.0101010101,7.1,4,0.025,0.02183719740696444,0.0009937383640233821,0.02295011775663507,0.003292325886350192,400,2
0.99,1.0101010101,7.2,4,0.025,0.02207683314942833,0.001075361894771869,0.0227150286583401,0.003210219586492064,400,2
0.99,1.0101010101,7.3,4,0.025,0.02206921249067852,0.001120384204683955,0.02280212673243252,0.002995545095604975,400,2
0.99,1.0101010101,7.4,4,0.025,0.02184497259163758,0.001132173672675592,0.02306969170937873,0.002728901302456376,400,2
0.99,1.0101010101,7.5,4,0.025,0.02151821442784507,0.001208137647990064,0.02333174555149239,0.002466627410034717,400,2
0.99,1.0101010101,7.6,4,0.025,0.02121989314302762,0.00136434391772256,0.02347455676600571,0.002216510135191392,400,2
0.99,1.0101010101,7.7,4,0.025,0.02101164747229143,0.001535881838033865,0.02350489602767437,0.001990318351042161,400,2
0.99,1.0101010101,7.8,4,0.025,0.0208638989006231,0.001694456370807964,0.02349220266958259,0.001825550517705722,400,2
0.99,1.0101010101,7.9,4,0.025,0.02072721212313188,0.001847331487197734,0.02348226742543457,0.001752637632291064,400,2
0.99,1.0101010101,8,4,0.025,0.02060274651668949,0.002009794708134439,0.02343458985106628,0.001758762157967313,400,2
0.99,1.0101010101,8.1,4,0.025,0.01656860792426046,0.004662023190787365,0.02925897311333393,0.006041570567847053,400,2.25
0.99,1.0101010101,8.2,4,0.025,0.01677388774286307,0.00444662814052659,0.02949271704616456,0.006782311471663869,400,2.25
0.99,1.0101010101,8.3,4,0.025,0.01695551727905968,0.004111030555857829,0.02913901267512671,0.007007019908579312,400,2.25
0.99,1.0101010101,8.4,4,0.025,0.01719373842097058,0.003667183120534987,0.02878856849235685,0.007170947838215386,400,2.25
0.99,1.0101010101,8.5,4,0.025,0.01700966802939836,0.003597379225383605,0.02956962108464213,0.008307653670670925,400,2.5
0.99,1.0101010101,8.6,4,0.025,0.01755558110704953,0.003062211856674837,0.02980907901817563,0.00884543854919952,400,2.5
0.99,1.0101010101,8.7,4,0.025,0.01819188413441681,0.002592512578859873,0.02973718695087203,0.009095382207365622,400,2.5
0.99,1.0101010101,8.8,4,0.025,0.01776760808888166,0.002097583677001151,0.02767006413134105,0.009241466031362121,400,2.75
0.99,1.0101010101,8.9,4,0.025,0.01824647635339657,0.002189494119574398,0.0265755235679744,0.008492259949616162,400,2.75
0.99,1.0101010101,9,4,0.025,0.01858157827195848,0.002435697068732391,0.02548404129067408,0.007716744667909428,400,2.75
0.99,1.0101010101,9.1,4,0.025,0.01879374126572034,0.002739520833442882,0.0246021527544712,0.007136028816502854,400,2.75
0.99,1.0101010101,9.2,4,0.025,0.01889618136392074,0.003020167187536833,0.02383951924389683,0.006696942714198173,400,2.75
0.99,1.0101010101,9.3,4,0.025,0.01891028328034858,0.003247344442931312,0.02306965428521544,0.006272685399518482,400,2.75
0.99,1.0101010101,9.4,4,0.025,0.01873362296651458,0.003332409439877594,0.02383489482425104,0.007254243030621045,400,3
0.99,1.0101010101,9.5,4,0.025,0.01856588176455411,0.003434277405743688,0.02275554775436413,0.006517272842349636,400,3
0.99,1.0101010101,9.6,4,0.025,0.01835005687194236,0.003512949870851129,0.0222319662870785,0.006332120020577081,400,3
0.99,1.0101010101,9.7,4,0.025,0.01810040485566679,0.003561648952490609,0.02196516609989841,0.00643253082797449,400,3
0.99,1.0101010101,9.8,4,0.025,0.01783686593196011,0.003582556873609551,0.02158029092990008,0.006440308741062314,400,3
0.99,1.0101010101,9.9,4,0.025,0.01764134761740141,0.003566794459916817,0.02111161257912979,0.006140951740778485,400,3.25
0.99,1.0101010101,10,4,0.025,0.01736691969496299,0.003605965070407864,0.02042182080284333,0.005740181566058625,400,3.25
0.99,1.0101010101,10.1,4,0.025,0.01714574708196007,0.003669099536511584,0.01977432625216996,0.005345899148642167,400,3.25
0.99,1.0101010101,10.2,4,0.025,0.01700091748217928,0.003754178627611746,0.01921827102350947,0.005063848339229525,400,3.25
0.99,1.0101010101,10.3,4,0.025,0.01692551829489046,0.003854262787682513,0.01874241058930835,0.00487580717837648,400,3.25
0.99,1.0101010101,10.4,4,0.025,0.01686582025299015,0.003964216058905345,0.01833249632499176,0.004710200964732272,400,3.25
0.99,1.0101010101,10.5,4,0.025,0.01675796905304738,0.004067269634763568,0.01799839546904285,0.004528301408209719,400,3.25
0.99,1.0101010101,10.6,4,0.025,0.01651249581532636,0.00411370427999972,0.01755908680263445,0.004317129570294185,400,3.5
0.99,1.0101010101,10.7,4,0.025,0.01632232582296562,0.004128233181558531,0.01735547911172674,0.00418396574507013,400,3.5
0.99,1.0101010101,10.8,4,0.025,0.01613851571815634,0.004093416066313525,0.01719799173817036,0.004145331009653321,400,3.5
0.99,1.0101010101,10.9,4,0.025,0.01595903230295911,0.004028526506315484,0.0170737594123491,0.004188551468078699,400,3.5
0.99,1.0101010101,11,4,0.025,0.01573113454862408,0.003947113843487465,0.01697867932686775,0.00425047761967375,400,3.5
0.99,1.0101010101,11.1,4,0.025,0.01544438394016012,0.003852330223629557,0.01688607535528163,0.004259749694659617,400,3.5
0.99,1.0101010101,11.2,4,0.025,0.01516750254268372,0.003747022917426102,0.01673643417672007,0.004194335675821414,400,3.5
0.99,1.0101010101,11.3,4,0.025,0.01507911744422124,0.003596243999357806,0.01704079694835932,0.003801155662399852,400,3.75
0.99,1.0101010101,11.4,4,0.025,0.01502452827325348,0.003510677704649484,0.01682502033088047,0.003721759181751798,400,3.75
0.99,1.0101010101,11.5,4,0.025,0.01499107692555911,0.003452346654721722,0.01657115763945784,0.003740570866125862,400,3.75
0.99,1.0101010101,11.6,4,0.025,0.01487793726215604,0.003416403492159238,0.01634314042277238,0.003791618183748477,400,3.75
0.99,1.0101010101,11.7,4,0.025,0.01469925220638428,0.003381743572943203,0.01617412665776581,0.003776549971949627,400,3.75
0.99,1.0101010101,11.8,4,0.025,0.01456475236432018,0.003335540931512837,0.01603542350090063,0.003672412504498746,400,3.75
0.99,1.0101010101,11.9,4,0.025,0.01455004649613562,0.003289325382712399,0.01586852038558103,0.003547208930023237,400,3.75
0.99,1.0101010101,12,4,0.025,0.01601769630372119,0.002556644818312695,0.0179236122928074,0.002873373584970877,400,4
0.99,1.0101010101,0,8,0.025,0.03090938370284507,0,0.04987128801579448,2.622655377657235e-18,400,0
0.99,1.0101010101,0.1,8,0.025,0.03084214511573044,0,0.04975821915236273,0,373,0
0.99,1.0101010101,0.2,8,0.025,0.03077509179686828,1.311327688828617e-18,0.04964677875721286,2.622655377657235e-18,357,0
0.99,1.0101010101,0.3,8,0.025,0.03070961990686535,1.311327688828617e-18,0.04953730250898011,0,346,0
0.99,1.0101010101,0.4,8,0.025,0.03064590950834829,1.311327688828617e-18,0.04943044662653236,2.622655377657235e-18,343,0
0.99,1.0101010101,0.5,8,0.025,0.0305843342936242,1.311327688828617e-18,0.04932711156617293,2.622655377657235e-18,339,0
0.99,1.0101010101,0.6,8,0.025,0.03052532234597768,0,0.04922794737090196,0,337,0
0.99,1.0101010101,0.7,8,0.025,0.03041034488646276,5.881891375368423e-05,0.04913497481106956,1.6625711017626e-06,337,0.125
0.99,1.0101010101,0.8,8,0.025,0.03035813382166721,5.820613787137566e-05,0.0490465519163009,2.798181888905883e-06,337,0.125
0.99,1.0101010101,0.9,8,0.025,0.03031159794087573,5.593564309250764e-05,0.04896628469447169,6.136179783804497e-06,337,0.125
0.99,1.0101010101,1,8,0.025,0.03024398037428385,5.416378249431261e-05,0.04897604598283761,7.83518832286633e-05,337,0.25
0.99,1.0101010101,1.1,8,0.025,0.03021669093724674,4.434571603232139e-05,0.04892191093446738,8.017433641475522e-05,337,0.25
0.99,1.0101010101,1.2,8,0.025,0.03020326644860191,3.183344108382791e-05,0.04888770762442878,8.995852280878783e-05,343,0.25
0.99,1.0101010101,1.3,8,0.025,0.0302063879332427,3.693570596453458e-05,0.04887756562585045,0.0001184538440294157,363,0.25
0.99,1.0101010101,1.4,8,0.025,0.03022870770439195,7.604851172286248e-05,0.04889441667522858,0.0001738937578447735,390,0.25
0.99,1.0101010101,1.5,8,0.025,0.03027178456663748,0.0001373459341397332,0.0489386575709691,0.0002580955362041677,400,0.25
0.99,1.0101010101,1.6,8,0.025,0.030335437736397,0.0002163772739414788,0.04900855512484158,0.0003706807780068236,400,0.25
0.99,1.0101010101,1.7,8,0.025,0.03041827763096578,0.0003113889670418644,0.04910120798493766,0.0005114202276086769,400,0.25
0.99,1.0101010101,1.8,8,0.025,0.03105058038894696,0.0006363853063085937,0.04920578382230888,0.0006803515062133568,400,0.375
0.99,1.0101010101,1.9,8,0.025,0.03118868505342071,0.0007280458357614873,0.04933169495379888,0.0008708370033790179,400,0.375
0.99,1.0101010101,2,8,0.025,0.03135113795433158,0.0008434211321404747,0.04945909857296198,0.001075308324843286,400,0.375
0.99,1.0101010101,2.1,8,0.025,0.03152489187485932,0.0009702133838868245,0.04957245681602389,0.001281670866369797,400,0.375
0.99,1.0101010101,2.2,8,0.025,0.03169095990779172,0.00109519939361056,0.04965783576855605,0.00147665408671084,400,0.375
0.99,1.0101010101,2.3,8,0.025,0.03183043651226954,0.001207804967624884,0.04970600756346155,0.001648379391999166,400,0.375
0.99,1.0101010101,2.4,8,0.025,0.03192999041235962,0.001301990159094986,0.0497113275101086,0.001788200531770235,400,0.375
0.99,1.0101010101,2.5,8,0.025,0.03198001485822338,0.0013744042753217,0.04966853913496327,0.001892297253467932,400,0.375
0.99,1.0101010101,2.6,8,0.025,0.03196959285528465,0.001421328607266047,0.0495719911102514,0.001963771596559844,400,0.375
0.99,1.0101010101,2.7,8,0.025,0.03188604204791379,0.001438833363354872,0.04941921560665574,0.002015065869426899,400,0.375
0.99,1.0101010101,2.8,8,0.025,0.03226138719821625,0.001881384296850888,0.04906078568840262,0.001999527140845084,400,0.625
0.99,1.0101010101,2.9,8,0.025,0.0293854872445086,0.00280577021685569,0.04444434765995613,0.003881936429675315,400,0.75
0.99,1.0101010101,3,8,0.025,0.03416058815694099,0.005364397014218938,0.04351446655877429,0.003915896115675374,400,0.875
0.99,1.0101010101,3.1,8,0.025,0.03424295431488672,0.005302867749739576,0.04386580717106348,0.003929651875620133,400,0.875
0.99,1.0101010101,3.2,8,0.025,0.03420012331858703,0.005254272693730984,0.04432871080200494,0.003922915823534532,400,0.875
0.99,1.0101010101,3.3,8,0.025,0.03405415937912851,0.005131131309276809,0.0448392352020178,0.003913389472603596,400,0.875
0.99,1.0101010101,3.4,8,0.025,0.03383148616560792,0.004912166560813155,0.04533529920138982,0.003910782447954366,400,0.875
0.99,1.0101010101,3.5,8,0.025,0.03353145903913485,0.004642014222518809,0.04577492113752236,0.003908209586066546,400,0.875
0.99,1.0101010101,3.6,8,0.025,0.02987856217600642,0.00563436892505335,0.04018873499632681,0.006708368503044978,400,1
0.99,1.0101010101,3.7,8,0.025,0.02921976112824155,0.005436573135907579,0.04050855127492112,0.006640786056003677,400,1.125
0.99,1.0101010101,3.8,8,0.025,0.02911585747186528,0.004753976999469033,0.04083400733418881,0.006397015044402165,400,1.125
0.99,1.0101010101,3.9,8,0.025,0.02870002184980082,0.004181152703231802,0.04085073037293589,0.006194081367684262,400,1.125
0.99,1.0101010101,4,8,0.025,0.02787267373164452,0.003865983232449665,0.0403915559198361,0.006164282077951741,400,1.125
0.99,1.0101010101,4.1,8,0.025,0.02698171908616807,0.003707893507897087,0.03962199850618321,0.006218137317288069,400,1.125
0.99,1.0101010101,4.2,8,0.025,0.02642925321863782,0.003437128005147276,0.03883674255524462,0.00616741729173864,400,1.125
0.99,1.0101010101,4.3,8,0.025,0.02617476994131569,0.003004763019763755,0.03896579363164095,0.005835541361741831,400,1.25
0.99,1.0101010101,4.4,8,0.025,0.02636589622877449,0.002565310099586485,0.03819459307522286,0.005579849256960599,400,1.375
0.99,1.0101010101,4.5,8,0.025,0.02719609034682226,0.002742810186585853,0.03899306063335442,0.006183272637096696,400,1.5
0.99,1.0101010101,4.6,8,0.025,0.0269664663076838,0.002693877234434329,0.03781209392773738,0.006072113243085939,400,1.5
0.99,1.0101010101,4.7,8,0.025,0.02686870556267123,0.002689736543530573,0.03637930081506662,0.005820304663555562,400,1.5
0.99,1.0101010101,4.8,8,0.025,0.02703349952607726,0.002649274072753489,0.03485805594104389,0.005429903293804114,400,1.5
0.99,1.0101010101,4.9,8,0.025,0.02737199424278633,0.002608561431461905,0.03334287742512852,0.004989678156221668,400,1.5
0.99,1.0101010101,5,8,0.025,0.02767791026153439,0.002623688581148327,0.03190202106924413,0.004598881514773581,400,1.5
0.99,1.0101010101,5.1,8,0.025,0.02783919299114786,0.002681190700376289,0.03062301021910216,0.004300104274606267,400,1.5
0.99,1.0101010101,5.2,8,0.025,0.02790605870042537,0.002729017903388619,0.02959941617372865,0.004081856572086597,400,1.5
0.99,1.0101010101,5.3,8,0.025,0.02798017457458154,0.002727050816538559,0.02889664553580559,0.003913888670945497,400,1.5
0.99,1.0101010101,5.4,8,0.025,0.02591179270304487,0.003715085951353496,0.0292696938835574,0.003768385197029546,400,1.625
0.99,1.0101010101,5.5,8,0.025,0.02609606725760841,0.003599944840259802,0.02927319746498654,0.003610543110071777,400,1.625
0.99,1.0101010101,5.6,8,0.025,0.02584736915045133,0.00334134277355676,0.02996846754335303,0.003429474546798937,400,1.75
0.99,1.0101010101,5.7,8,0.025,0.0228231381021905,0.003913789485658971,0.02917641654836944,0.002427236633706697,400,1.875
0.99,1.0101010101,5.8,8,0.025,0.02335203242228689,0.003499978458564919,0.02929523532843535,0.002199643257852432,400,1.875
0.99,1.0101010101,5.9,8,0.025,0.02409249435403576,0.002929189678492375,0.02933249055204044,0.001961785186498528,400,1.875
0.99,1.0101010101,6,8,0.025,0.02449198178426152,0.002571579502030491,0.02936956481173379,0.001727635593792601,400,1.875
0.99,1.0101010101,6.1,8,0.025,0.02434674508981735,0.002580224442297274,0.02936024181565234,0.001499509388615061,400,1.875
0.99,1.0101010101,6.2,8,0.025,0.02398273059892951,0.002831614779283601,0.02920281543600228,0.001291601355139518,400,1.875
0.99,1.0101010101,6.3,8,0.025,0.02386747221743493,0.002945523426325865,0.02882646479897764,0.001161518435548859,400,1.875
0.99,1.0101010101,6.4,8,0.025,0.02318648687477116,0.002798540666953791,0.02889395716768772,0.001698722299991248,400,2
0.99,1.0101010101,6.5,8,0.025,0.02184150542140876,0.003531197862728505,0.02950341697650578,0.002933157758204279,400,2.125
0.99,1.0101010101,6.6,8,0.025,0.02253097997281868,0.003257299461394626,0.0290906834677692,0.003111292677960526,400,2.125
0.99,1.0101010101,6.7,8,0.025,0.02037964898757157,0.003308410007433005,0.03334496693663577,0.005549399525638571,400,2.375
0.99,1.0101010101,6.8,8,0.025,0.02055284940968296,0.003214929803952748,0.03272603300487846,0.005512902174226709,400,2.5
0.99,1.0101010101,6.9,8,0.025,0.02019997714608996,0.002992054929521519,0.03305585155868924,0.005476472199977493,400,2.625
0.99,1.0101010101,7,8,0.025,0.02053953547259571,0.002830681064596254,0.03213590360321998,0.005311630104099345,400,2.625
0.99,1.0101010101,7.1,8,0.025,0.02104559168966619,0.002571567241847617,0.031180569324151,0.005063444409120636,400,2.625
0.99,1.0101010101,7.2,8,0.025,0.02156041853119262,0.002260808997342038,0.03058780112761737,0.004822948380096798,400,2.625
0.99,1.0101010101,7.3,8,0.025,0.02188845231263999,0.001996491199201466,0.03025547766052959,0.004557271908502418,400,2.625
0.99,1.0101010101,7.4,8,0.025,0.02198410842029026,0.00182664252076859,0.02981960352517311,0.004196963385104931,400,2.625
0.99,1.0101010101,7.5,8,0.025,0.02195222478924877,0.001731714318673695,0.02913049660667689,0.003766003776398893,400,2.625
0.99,1.0101010101,7.6,8,0.025,0.02190417083721731,0.001665360062136733,0.02830107852031153,0.003347031984943039,400,2.625
0.99,1.0101010101,7.7,8,0.025,0.02192788779031433,0.001589702049234806,0.02747030989323152,0.002940530555565545,400,2.625
0.99,1.0101010101,7.8,8,0.025,0.02202934869322498,0.001525229712359608,0.02668896176571526,0.002537919990519768,400,2.625
0.99,1.0101010101,7.9,8,0.025,0.02211367848290934,0.00150375121956338,0.02594818352079361,0.002186320243603331,400,2.625
0.99,1.0101010101,8,8,0.025,0.0202574571769636,0.00184955938244729,0.02638711559013516,0.002259956936564732,400,2.75
0.99,1.0101010101,8.1,8,0.025,0.01829419462788425,0.002749537692989884,0.02862116934900747,0.00332448888728705,400,2.875
0.99,1.0101010101,8.2,8,0.025,0.01845956712216775,0.002598062996008495,0.02810527657291629,0.003638161240603954,400,2.875
0.99,1.0101010101,8.3,8,0.025,0.01685290752414692,0.002172481155502895,0.02676011267502233,0.003671037081203403,400,3
0.99,1.0101010101,8.4,8,0.025,0.01724485149054739,0.001932182395075528,0.02631091466024353,0.00372375887416167,400,3
0.99,1.0101010101,8.5,8,0.025,0.01745331522444975,0.001862782458868774,0.02651587916573164,0.004222977530215202,400,3.125
0.99,1.0101010101,8.6,8,0.025,0.01801968988256665,0.001610621503699979,0.02635124050021929,0.004456086410419264,400,3.125
0.99,1.0101010101,8.7,8,0.025,0.01861810656339829,0.001403305968625067,0.02589047139164056,0.004571918740590039,400,3.125
0.99,1.0101010101,8.8,8,0.025,0.01866364666203831,0.001258672891557672,0.02440770807104203,0.004544053584660333,400,3.25
0.99,1.0101010101,8.9,8,0.025,0.01913788470055023,0.001323375658508135,0.02353907115640892,0.004175773016113687,400,3.25
0.99,1.0101010101,9,8,0.025,0.01956027090466478,0.001471498192257089,0.02309727069214541,0.003795701200384359,400,3.375
0.99,1.0101010101,9.1,8,0.025,0.01989549543298386,0.001654733107501004,0.02266419783867664,0.003492367830530184,400,3.375
0.99,1.0101010101,9.2,8,0.025,0.02046772830800931,0.00187504213776418,0.02259110162314025,0.003227745331995956,400,3.5
0.99,1.0101010101,9.3,8,0.025,0.02053752689768215,0.001988902333631446,0.02216931664722035,0.003023368267948727,400,3.5
0.99,1.0101010101,9.4,8,0.025,0.02070388249647575,0.00208398398651057,0.02455192491705731,0.00418887318940321,400,3.75
0.99,1.0101010101,9.5,8,0.025,0.02053976597608993,0.002107339143552342,0.02369435178311089,0.003800661765503477,400,3.75
0.99,1.0101010101,9.6,8,0.025,0.02034537472078216,0.0021257541216192,0.02321953339419918,0.003628960324103891,400,3.75
0.99,1.0101010101,9.7,8,0.025,0.02011212332401842,0.002133522160722867,0.02302143193516293,0.003627799075601523,400,3.75
0.99,1.0101010101,9.8,8,0.025,0.01981278510927705,0.002116985493544006,0.02279751929113671,0.003635947987674128,400,3.75
0.99,1.0101010101,9.9,8,0.025,0.01948053943157244,0.002067123237245043,0.02244161252152719,0.00352596887074017,400,3.875
0.99,1.0101010101,10,8,0.025,0.01907163641702228,0.00203829230867271,0.02186533611734433,0.003363475999173787,400,3.875
0.99,1.0101010101,10.1,8,0.025,0.01867906987426372,0.002018836095007112,0.02122983894269947,0.003176700822993749,400,3.875
0.99,1.0101010101,10.2,8,0.025,0.01820357256001401,0.001986166702837501,0.02052924769245751,0.00300728405599366,400,4
0.99,1.0101010101,10.3,8,0.025,0.01787142983339504,0.001992176606190539,0.0200897949773331,0.00290543255742415,400,4
0.99,1.0101010101,10.4,8,0.025,0.01669531251882512,0.002105686094165837,0.01941080659776571,0.002789572879090725,400,4.125
0.99,1.0101010101,10.5,8,0.025,0.01648806897702747,0.00210779533521273,0.01886926682533468,0.0026830812110368,400,4.125
0.99,1.0101010101,10.6,8,0.025,0.01626557844205279,0.002084840145980792,0.01798372946250167,0.002573090521713784,400,4.25
0.99,1.0101010101,10.7,8,0.025,0.01611057494807707,0.002054582800066616,0.01725327644379673,0.00251217498551477,400,4.25
0.99,1.0101010101,10.8,8,0.025,0.01599160574638781,0.002009670014787632,0.01683938277047421,0.002433640668935585,400,4.25
0.99,1.0101010101,10.9,8,0.025,0.01590604983229343,0.001964083118171325,0.01668561872323921,0.002344559121013425,400,4.25
0.99,1.0101010101,11,8,0.025,0.01580724153917962,0.001932367797913179,0.01672057985228871,0.002307298781517125,400,4.375
0.99,1.0101010101,11.1,8,0.025,0.01568935360295649,0.001914299207373067,0.01652966084965201,0.002268363092730681,400,4.375
0.99,1.0101010101,11.2,8,0.025,0.01556048444627736,0.001896434765215091,0.01625087912501157,0.002215144058275898,400,4.375
0.99,1.0101010101,11.3,8,0.025,0.01550679018188899,0.001851528084964244,0.01623490198124746,0.002034247530548482,400,4.5
0.99,1.0101010101,11.4,8,0.025,0.01546177401947085,0.001829296843313526,0.01606055720402962,0.001949282077210016,400,4.5
0.99,1.0101010101,11.5,8,0.025,0.01542478256627869,0.001814460199749207,0.01595162364884621,0.001906047409494429,400,4.5
0.99,1.0101010101,11.6,8,0.025,0.01533581683280418,0.001802319657681557,0.01588189588384605,0.001901390102343111,400,4.5
0.99,1.0101010101,11.7,8,0.025,0.01518632033266812,0.00178052251515945,0.01581770522465967,0.00188741093344263,400,4.5
0.99,1.0101010101,11.8,8,0.025,0.01502886394869328,0.001742262503783625,0.01572237873514407,0.001838249115585289,400,4.5
0.99,1.0101010101,11.9,8,0.025,0.01492674429003792,0.001697362000495824,0.01557856458719381,0.001779657770431935,400,4.5
0.99,1.0101010101,12,8,0.025,0.01567755665742212,0.001341924466761841,0.01659804040423338,0.001551398433927282,400,4.75
0.99,1.0101010101,0,16,0.025,0.03090938370284507,0,0.04987128801579446,1.791614702062191e-18,400,0
0.99,1.0101010101,0.1,16,0.025,0.03066751363812747,0.0001746314776029758,0.0499683595647994,0.000210140412436651,373,0.0625
0.99,1.0101010101,0.2,16,0.025,0.03060115458259829,0.0001739372142699834,0.04985594942023584,0.0002091706630229736,357,0.0625
0.99,1.0101010101,0.3,16,0.025,0.03053626192220688,0.0001733579846584631,0.04974553640058185,0.0002082338916017277,346,0.0625
0.99,1.0101010101,0.4,16,0.025,0.03047303292634808,0.0001728765820002095,0.04963779258299733,0.0002073459564649609,356,0.0625
0.99,1.0101010101,0.5,16,0.025,0.03021460085585432,0.0002532197595230912,0.04973985106132567,0.0002819548043659857,395,0.125
0.99,1.0101010101,0.6,16,0.025,0.03015667892219469,0.0002524452314450206,0.04963875627133791,0.0002806359865846391,400,0.125
0.99,1.0101010101,0.7,16,0.025,0.02849838582747517,0.001865145105039548,0.04679144336880108,0.002791726042957964,400,0.3125
0.99,1.0101010101,0.8,16,0.025,0.02848870477731031,0.001837140828834827,0.04691248297969904,0.002581546036613274,400,0.3125
0.99,1.0101010101,0.9,16,0.025,0.02854329958520203,0.001762955747507306,0.04723134774732522,0.002182757533893308,400,0.3125
0.99,1.0101010101,1,16,0.025,0.02869381381428305,0.001654965519189683,0.04734949250738341,0.00199930133343281,400,0.4375
0.99,1.0101010101,1.1,16,0.025,0.02882497719156375,0.001539577327942722,0.04710898454030084,0.002178914997618237,400,0.4375
0.99,1.0101010101,1.2,16,0.025,0.02895926013898982,0.001432227532462156,0.04677298982048968,0.002471254242015478,400,0.4375
0.99,1.0101010101,1.3,16,0.025,0.02908129920127503,0.00134448807758946,0.04668604155341016,0.002535782747012676,400,0.4375
0.99,1.0101010101,1.4,16,0.025,0.02918403355658646,0.001281280896240954,0.04692705771802526,0.002294432143313459,400,0.4375
0.99,1.0101010101,1.5,16,0.025,0.02926064609054478,0.001244907135367684,0.04728777420035166,0.001955085083549849,400,0.4375
0.99,1.0101010101,1.6,16,0.025,0.02929873208210068,0.001238301414270267,0.04754040288667668,0.001745696400519314,400,0.4375
0.99,1.0101010101,1.7,16,0.025,0.02893521316024905,0.001361972468354785,0.04810672717496261,0.001803913941889633,400,0.5
0.99,1.0101010101,1.8,16,0.025,0.02915965513203663,0.00145009286977273,0.04818075288834917,0.001790213426627945,400,0.5625
0.99,1.0101010101,1.9,16,0.025,0.02911392910581858,0.001501828923257648,0.04832710358425039,0.001722376736216613,400,0.5625
0.99,1.0101010101,2,16,0.025,0.02908650846857754,0.001537608660131695,0.04852286331883648,0.001616447941400086,400,0.5625
0.99,1.0101010101,2.1,16,0.025,0.02908055496899479,0.001551619754661811,0.04867928146531574,0.001549953633034806,400,0.5625
0.99,1.0101010101,2.2,16,0.025,0.02907191176902736,0.00155582593331404,0.04872104669771629,0.001567687125930002,400,0.5625
0.99,1.0101010101,2.3,16,0.025,0.02903189258751214,0.001565553937561174,0.04862265962049515,0.001654552943675909,400,0.5625
0.99,1.0101010101,2.4,16,0.025,0.02873164417906678,0.001560384144943433,0.05049809872538365,0.003426859623076017,400,0.625
0.99,1.0101010101,2.5,16,0.025,0.02863505042177615,0.001589444225623711,0.05018505602382414,0.00350547656464441,400,0.625
0.99,1.0101010101,2.6,16,0.025,0.02793824314255901,0.002012169477326792,0.05060043079565038,0.00328878827848424,400,0.6875
0.99,1.0101010101,2.7,16,0.025,0.02792682610470266,0.001956944164363399,0.05034421823965177,0.00315967442180187,400,0.75
0.99,1.0101010101,2.8,16,0.025,0.02814444812380941,0.00201547892456758,0.04980658459581567,0.003058233087754259,400,0.875
0.99,1.0101010101,2.9,16,0.025,0.02682309491774582,0.002028132319424679,0.04717669692671954,0.003456274302199711,400,0.9375
0.99,1.0101010101,3,16,0.025,0.02939898182324974,0.003123730793829362,0.04641260108539661,0.003397836788915129,400,1
0.99,1.0101010101,3.1,16,0.025,0.02967264352398476,0.00303028495929404,0.04625055485946868,0.003259801482853328,400,1
0.99,1.0101010101,3.2,16,0.025,0.02990260357396596,0.002939080097792845,0.04604989337209105,0.003079968717493607,400,1
0.99,1.0101010101,3.3,16,0.025,0.03009155037777387,0.002818432558341438,0.04577170835068654,0.002897055333495168,400,1
0.99,1.0101010101,3.4,16,0.025,0.02995415949389251,0.002737797954637652,0.04401755001408714,0.003113664884689037,400,1.0625
0.99,1.0101010101,3.5,16,0.025,0.03006489356306825,0.002551446340042604,0.04409928689540948,0.002929209195708856,400,1.0625
0.99,1.0101010101,3.6,16,0.025,0.02848371689057579,0.002841138331213057,0.04130508608030295,0.003810796453384815,400,1.125
0.99,1.0101010101,3.7,16,0.025,0.0283587561086366,0.002716583199503191,0.04134442979850321,0.003730974069263688,400,1.1875
0.99,1.0101010101,3.8,16,0.025,0.02847520011562129,0.002381648484691188,0.04119786161651934,0.003631276258354692,400,1.1875
0.99,1.0101010101,3.9,16,0.025,0.02849813582917347,0.002099636564151853,0.04112863153282126,0.003524662555525502,400,1.25
0.99,1.0101010101,4,16,0.025,0.02824607228948228,0.001953044087455864,0.04062829364599082,0.003515268411328573,400,1.25
0.99,1.0101010101,4.1,16,0.025,0.0279427761825226,0.001899590506094795,0.04017600833942559,0.003515458918005587,400,1.25
0.99,1.0101010101,4.2,16,0.025,0.02588720001658426,0.002436715157549582,0.04265961291155842,0.004874875552877887,400,1.3125
0.99,1.0101010101,4.3,16,0.025,0.02582905719953313,0.002280177828819095,0.04277918318969048,0.004789377790481082,400,1.375
0.99,1.0101010101,4.4,16,0.025,0.02653709491539619,0.002131967293624863,0.04234969356256674,0.004774270765957498,400,1.5
0.99,1.0101010101,4.5,16,0.025,0.02705617855795934,0.002094537178767063,0.04259959074319389,0.004936823577432292,400,1.5625
0.99,1.0101010101,4.6,16,0.025,0.02703511174844538,0.001980247384259618,0.04180691399255698,0.004899158583278859,400,1.5625
0.99,1.0101010101,4.7,16,0.025,0.02703965607388045,0.001886879092093131,0.0408944018201489,0.00478556364186983,400,1.5625
0.99,1.0101010101,4.8,16,0.025,0.02711011592351616,0.001796589254170591,0.0399628914580538,0.004619212463570887,400,1.5625
0.99,1.0101010101,4.9,16,0.025,0.02719721432230003,0.001724722083122836,0.03902544165137755,0.004447691708929251,400,1.5625
0.99,1.0101010101,5,16,0.025,0.02734172130444746,0.001658858853380547,0.03805955601886147,0.004295892295320651,400,1.625
0.99,1.0101010101,5.1,16,0.025,0.02725420214069212,0.001663952526214651,0.03702177006452698,0.004153462605889993,400,1.625
0.99,1.0101010101,5.2,16,0.025,0.02737863728339656,0.001746265439228549,0.03575532518490343,0.003931314248971991,400,1.6875
0.99,1.0101010101,5.3,16,0.025,0.02725565214062664,0.00176338893544079,0.03489223247858745,0.003718684916512538,400,1.6875
0.99,1.0101010101,5.4,16,0.025,0.02607603366939301,0.002148363579894965,0.03465280304190426,0.003464638828166585,400,1.75
0.99,1.0101010101,5.5,16,0.025,0.0260419962526356,0.002107568352878456,0.03431560352683397,0.003276850762504616,400,1.75
0.99,1.0101010101,5.6,16,0.025,0.02581340779778195,0.002000256282134767,0.03433083506950483,0.003100350976661154,400,1.8125
0.99,1.0101010101,5.7,16,0.025,0.02421864806790145,0.00224532252593725,0.03353797791996965,0.002829458587975863,400,1.875
0.99,1.0101010101,5.8,16,0.025,0.02423063937876723,0.00205684023663867,0.03259073205115383,0.002890890228273493,400,1.9375
0.99,1.0101010101,5.9,16,0.025,0.02517129148242842,0.002057906114220199,0.03313877368990369,0.003240116927777544,400,2
0.99,1.0101010101,6,16,0.025,0.02643451780712474,0.001736630340232345,0.03091123207595557,0.003513712973092185,400,2.125
0.99,1.0101010101,6.1,16,0.025,0.02600906729779659,0.001629015778425975,0.03097465053248515,0.003498409506344186,400,2.125
0.99,1.0101010101,6.2,16,0.025,0.02540208511169253,0.001623489133103406,0.03090340173952518,0.003495068592116372,400,2.125
0.99,1.0101010101,6.3,16,0.025,0.02491882738499642,0.001594063174512932,0.03062313783914364,0.003430464281268513,400,2.1875
0.99,1.0101010101,6.4,16,0.025,0.02424678956079459,0.001529844110399855,0.03066995995353181,0.00343113707946733,400,2.25
0.99,1.0101010101,6.5,16,0.025,0.02324321306228734,0.001893701583827092,0.03103380725200265,0.003530488152298489,400,2.3125
0.99,1.0101010101,6.6,16,0.025,0.02322365108488822,0.001775640727475348,0.03089924354509414,0.003473539130344062,400,2.3125
0.99,1.0101010101,6.7,16,0.025,0.02179675210688297,0.001830901964896339,0.0331455118088822,0.003984900316601146,400,2.5
0.99,1.0101010101,6.8,16,0.025,0.02160435858128308,0.001771281303019493,0.0327959908697773,0.003889088464571418,400,2.5625
0.99,1.0101010101,6.9,16,0.025,0.02107024479404026,0.00169156180245941,0.03285536785013989,0.003788079544825935,400,2.6875
0.99,1.0101010101,7,16,0.025,0.02345916844466301,0.002609771369970308,0.03204249864514851,0.003679382874681679,400,2.75
0.99,1.0101010101,7.1,16,0.025,0.02352626810930083,0.002453332344295033,0.03132626214009378,0.003513418578442773,400,2.75
0.99,1.0101010101,7.2,16,0.025,0.02357440002226944,0.002265467764070118,0.0308369099232832,0.003362086551877182,400,2.75
0.99,1.0101010101,7.3,16,0.025,0.02361270895508644,0.002144807176721037,0.03049879973441958,0.00322528368973184,400,2.75
0.99,1.0101010101,7.4,16,0.025,0.02364489583037826,0.002109230749602571,0.03008268352650238,0.00307710096585469,400,2.75
0.99,1.0101010101,7.5,16,0.025,0.02364763779447014,0.002093515000575979,0.02950387059289998,0.002919057455253241,400,2.75
0.99,1.0101010101,7.6,16,0.025,0.02359315480695451,0.002036539842662802,0.02886841686896625,0.002773928622768651,400,2.75
0.99,1.0101010101,7.7,16,0.025,0.02351386316854118,0.001934729765825728,0.02830245454876762,0.002641498592091096,400,2.75
0.99,1.0101010101,7.8,16,0.025,0.02328235854416354,0.001790416604508968,0.02804423882563159,0.002647044134198943,400,2.8125
0.99,1.0101010101,7.9,16,0.025,0.02324764131393342,0.001716337812762672,0.02762435400857823,0.002560223328949888,400,2.8125
0.99,1.0101010101,8,16,0.025,0.02226231391328405,0.001793528649535977,0.02777328549694332,0.002546726582285747,400,2.875
0.99,1.0101010101,8.1,16,0.025,0.02121283239444839,0.00206978526209787,0.02879617464995508,0.002774343246874795,400,2.9375
0.99,1.0101010101,8.2,16,0.025,0.02110275677908106,0.001934493906095786,0.02833395892549749,0.002830721302973926,400,3
0.99,1.0101010101,8.3,16,0.025,0.02018659178922062,0.001832735951304796,0.0276347668332886,0.002841573424734481,400,3.0625
0.99,1.0101010101,8.4,16,0.025,0.02031021052851303,0.001684109688420016,0.02766494535369755,0.002808556158766639,400,3.125
0.99,1.0101010101,8.5,16,0.025,0.02028615958719776,0.001601224362288036,0.0276806083220172,0.002962831958820686,400,3.1875
0.99,1.0101010101,8.6,16,0.025,0.02044092622128842,0.001452883357962877,0.02749742609643289,0.003048098390777807,400,3.1875
0.99,1.0101010101,8.7,16,0.025,0.02062217175676642,0.001324806629764185,0.02714875518365367,0.003102144563641913,400,3.1875
0.99,1.0101010101,8.8,16,0.025,0.02054290748564528,0.001251360424226522,0.02624714297332047,0.003118984623203934,400,3.25
0.99,1.0101010101,8.9,16,0.025,0.02073903159377632,0.001208809851768331,0.02566704658905955,0.002992945445040396,400,3.3125
0.99,1.0101010101,9,16,0.025,0.02086989690147439,0.001200177675698337,0.02518756572252098,0.002861144189534427,400,3.375
0.99,1.0101010101,9.1,16,0.025,0.02112051053377653,0.001283324791806664,0.02455347316668161,0.002642968125219981,400,3.4375
0.99,1.0101010101,9.2,16,0.025,0.0213301931871325,0.001304817930464087,0.02433103630170332,0.002553102138081705,400,3.5
0.99,1.0101010101,9.3,16,0.025,0.02132445129444706,0.001301467559935986,0.02397791137262894,0.002492241920874117,400,3.5625
0.99,1.0101010101,9.4,16,0.025,0.0213356875599219,0.001305387669227073,0.02500905890455538,0.002816043879866705,400,3.6875
0.99,1.0101010101,9.5,16,0.025,0.02117600490952673,0.001294557082688855,0.02441676212665165,0.002673895879508032,400,3.6875
0.99,1.0101010101,9.6,16,0.025,0.02099618772029721,0.001283518022957896,0.02403409852528194,0.002599088094189092,400,3.6875
0.99,1.0101010101,9.7,16,0.025,0.02078719950203092,0.001268529870603689,0.02381335296517922,0.002576173413859718,400,3.6875
0.99,1.0101010101,9.8,16,0.025,0.02053054493485039,0.00124750807344903,0.02358414658294445,0.002558028109680706,400,3.6875
0.99,1.0101010101,9.9,16,0.025,0.01908054366268955,0.001605969161920955,0.02304285375984676,0.002490253135497604,400,3.8125
0.99,1.0101010101,10,16,0.025,0.01881491086309269,0.001571526411723227,0.02266004712232528,0.002416933440309241,400,3.8125
0.99,1.0101010101,10.1,16,0.025,0.01780235782447099,0.00163945294822691,0.02214859467856671,0.002318929826700798,400,3.875
0.99,1.0101010101,10.2,16,0.025,0.01768241114897201,0.00152460905745022,0.02165243219124009,0.002218691927664405,400,3.9375
0.99,1.0101010101,10.3,16,0.025,0.01764502852421362,0.001419060461747997,0.0212284180497055,0.002130131763719266,400,3.9375
0.99,1.0101010101,10.4,16,0.025,0.01715596761156921,0.001369637388146827,0.02063990849798678,0.002053318187637086,400,4
0.99,1.0101010101,10.5,16,0.025,0.01715019633755889,0.00130370471930858,0.02013710825114332,0.001992403257016449,400,4
0.99,1.0101010101,10.6,16,0.025,0.01718290571978074,0.001259630267209937,0.01951153866965318,0.001941691473406538,400,4.0625
0.99,1.0101010101,10.7,16,0.025,0.01728870959211915,0.001250136478547788,0.01899137865310212,0.001893062279585662,400,4.0625
0.99,1.0101010101,10.8,16,0.025,0.01739556431894201,0.001265019618384883,0.01862754784582105,0.001819151598059813,400,4.0625
0.99,1.0101010101,10.9,16,0.025,0.01745688622965518,0.001287059119971567,0.01839143444061172,0.001736177909958237,400,4.0625
0.99,1.0101010101,11,16,0.025,0.01744555341482995,0.001304234304187577,0.01826879026635988,0.001677784501947827,400,4.125
0.99,1.0101010101,11.1,16,0.025,0.01756198799765054,0.00129678761240365,0.01833030209151,0.001624083644778785,400,4.1875
0.99,1.0101010101,11.2,16,0.025,0.01747504815605703,0.001298142900770296,0.01813860902779897,0.001596712904122897,400,4.1875
0.99,1.0101010101,11.3,16,0.025,0.01740766684558489,0.001282360421868037,0.01809166337270958,0.001520233679976713,400,4.25
0.99,1.0101010101,11.4,16,0.025,0.01735049651229245,0.001274458642566003,0.0180979240999349,0.001507405856114742,400,4.3125
0.99,1.0101010101,11.5,16,0.025,0.0174502699410357,0.001249626922133558,0.01823248047739923,0.001441233062287439,400,4.375
0.99,1.0101010101,11.6,16,0.025,0.01724654231514984,0.001214635798537866,0.01791898999081169,0.00135742495039081,400,4.4375
0.99,1.0101010101,11.7,16,0.025,0.01708574579491489,0.001192948376863912,0.0177901340624909,0.001340745660642282,400,4.4375
0.99,1.0101010101,11.8,16,0.025,0.01690377205815372,0.00117129744625309,0.01769243981780147,0.001324067848130764,400,4.4375
0.99,1.0101010101,11.9,16,0.025,0.01674476716223058,0.001148595955374059,0.01759347629066112,0.001314742824887218,400,4.4375
0.99,1.0101010101,12,16,0.025,0.01698554419000941,0.0009800916472729928,0.01792319019111864,0.00122090421955142,400,4.625
1,1,0,4,0.025,0.04000526542660802,0,0.03996236895799365,0,400,0
1,1,0.1,4,0.025,0.03991675845714605,0,0.03987247926697972,0,373,0
1,1,0.2,4,0.025,0.03982838192436456,0,0.03978413222521758,0,359,0
1,1,0.3,4,0.025,0.0397420208982186,0,0.03969750757507072,0,351,0
1,1,0.4,4,0.025,0.03965797899860223,0,0.03961304649632899,0,351,0
1,1,0.5,4,0.025,0.03957676080673508,0,0.03953141869900327,0,347,0
1,1,0.6,4,0.025,0.0394988313573495,0,0.03945312300830401,0,345,0
1,1,0.7,4,0.025,0.03936945382494701,5.525015118349082e-05,0.03931651275088704,6.202848507261965e-05,343,0.25
1,1,0.8,4,0.025,0.03930135332918946,5.347549873288213e-05,0.03924820232052546,5.991843025412655e-05,343,0.25
1,1,0.9,4,0.025,0.03924283775671495,4.721786016245212e-05,0.0391889504944001,5.364734734432386e-05,343,0.25
1,1,1,4,0.025,0.03919962952943358,3.152027882490603e-05,0.03914245374150333,4.039263180721786e-05,343,0.25
1,1,1.1,4,0.025,0.0391783950706318,8.921517362890652e-08,0.03911598651781682,1.336251554833606e-05,343,0.25
1,1,1.2,4,0.025,0.03918594566394699,5.376139626235218e-05,0.03911826473212878,3.612585004830401e-05,350,0.25
1,1,1.3,4,0.025,0.0392289236376967,0.0001369326847073093,0.03915789770975154,0.0001168348824075946,369,0.25
1,1,1.4,4,0.025,0.03931345867315156,0.0002554720465031569,0.03924183395483229,0.0002356716530050353,397,0.25
1,1,1.5,4,0.025,0.03944320542264927,0.0004124062154414846,0.03937409697979195,0.0003961252801225664,400,0.25
1,1,1.6,4,0.025,0.03961834937319933,0.0006076200066430695,0.03955642964505733,0.0005994928910231755,400,0.25
1,1,1.7,4,0.025,0.03983635460449896,0.000838516644414587,0.03978887951481186,0.0008456795296403197,400,0.25
1,1,1.8,4,0.025,0.04136093571848949,0.001374811388423837,0.03999137711225929,0.001160367881510807,400,0.5
1,1,1.9,4,0.025,0.04171661840211435,0.001573483194084578,0.04031695002341253,0.001475812721029273,400,0.5
1,1,2,4,0.025,0.04213607997595756,0.001819095431188482,0.04067188695335816,0.001802840886663731,400,0.5
1,1,2.1,4,0.025,0.04258780158892345,0.002079422169440793,0.04103552548161504,0.002114322736664138,400,0.5
1,1,2.2,4,0.025,0.04302810983716061,0.002323974340045981,0.04138694212474919,0.002379487334252281,400,0.5
1,1,2.3,4,0.025,0.04341536630407632,0.002529257152188447,0.04170802060852288,0.002569344983095306,400,0.5
1,1,2.4,4,0.025,0.04372071886104442,0.002681104256891985,0.04198292511958547,0.00266125547262503,400,0.5
1,1,2.5,4,0.025,0.04392188140441387,0.002770783072145354,0.04219635009026249,0.002640282024855906,400,0.5
1,1,2.6,4,0.025,0.04399087949789331,0.002789455478803134,0.04233531618279774,0.002502255244547601,400,0.5
1,1,2.7,4,0.025,0.04389493688944867,0.002728544731664691,0.04239037755991464,0.002258855593279561,400,0.5
1,1,2.8,4,0.025,0.0448438593147022,0.003605648583753466,0.04186119348065676,0.001905109301621525,400,0.75
1,1,2.9,4,0.025,0.03654119034798674,0.008543949668592456,0.03500864408020504,0.005625432306753273,400,1
1,1,3,4,0.025,0.0473466768254953,0.0136004508387223,0.03359495461286653,0.005526798666704893,400,1.25
1,1,3.1,4,0.025,0.04755685935012174,0.01334488037394731,0.03446739089961771,0.005486244627658243,400,1.25
1,1,3.2,4,0.025,0.04744939935978158,0.01316712649527534,0.03549648142448847,0.005384620731566577,400,1.25
1,1,3.3,4,0.025,0.04709179405626543,0.01279468306226141,0.03657673079555224,0.005247613173344716,400,1.25
1,1,3.4,4,0.025,0.04655253112998732,0.01214352171620857,0.03760976789685349,0.005095577813973836,400,1.25
1,1,3.5,4,0.025,0.04582906444308686,0.01135083334650393,0.03853283496138905,0.00492280278795952,400,1.25
1,1,3.6,4,0.025,0.04485158487703309,0.01056436463299412,0.03931069213129068,0.004709336307101128,400,1.25
1,1,3.7,4,0.025,0.04357853592224682,0.009760527797868269,0.03989579619073101,0.004443943081157169,400,1.25
1,1,3.8,4,0.025,0.04206644663924653,0.008797286529153443,0.0402208036652831,0.004129355681731145,400,1.25
1,1,3.9,4,0.025,0.04044080249163798,0.007603549309031577,0.04023770448788827,0.003770643609610164,400,1.25
1,1,4,4,0.025,0.03884312415114673,0.006268032212397968,0.03995548014968377,0.003374407159644911,400,1.25
1,1,4.1,4,0.025,0.03738107583261681,0.004975678691890146,0.03943442517699178,0.002967063014754985,400,1.25
1,1,4.2,4,0.025,0.03608583483611948,0.003888280422311986,0.03874897034240255,0.002593683213567326,400,1.25
1,1,4.3,4,0.025,0.03491497143383664,0.003077223289119592,0.03795025244938786,0.002288815896777043,400,1.25
1,1,4.4,4,0.025,0.0337997193111589,0.002589100621924354,0.03705164054666599,0.002061620025944326,400,1.25
1,1,4.5,4,0.025,0.03272034473825035,0.002522069640647275,0.03605136599305113,0.001932749465858931,400,1.25
1,1,4.6,4,0.025,0.03175355896987977,0.002830192355219261,0.03497019869200329,0.001958389337044337,400,1.25
1,1,4.7,4,0.025,0.03101726694524809,0.003227966976973093,0.03387031489138133,0.00216398860091841,400,1.25
1,1,4.8,4,0.025,0.03055495515534351,0.003493489221345954,0.03283720621877345,0.002490825325312159,400,1.25
1,1,4.9,4,0.025,0.03027466596746411,0.003617962899850447,0.03193738404318878,0.002851958220404014,400,1.25
1,1,5,4,0.025,0.03002349680071661,0.00369838874735373,0.03118936511562703,0.003190642605786094,400,1.25
1,1,5.1,4,0.025,0.02973490602183303,0.003784353231899522,0.03057362236818732,0.00348705629069481,400,1.25
1,1,5.2,4,0.025,0.02947854418928432,0.003839244173940952,0.03005971262902695,0.003739827083917473,400,1.25
1,1,5.3,4,0.025,0.02935550273630624,0.003816812543171416,0.02963754063460417,0.003941543721247791,400,1.25
1,1,5.4,4,0.025,0.02497257299745474,0.006647979830006202,0.03118244702275743,0.003711425097152803,400,1.5
1,1,5.5,4,0.025,0.02516324485594539,0.006533123650130228,0.03112638583130492,0.003704825675465988,400,1.5
1,1,5.6,4,0.025,0.02551151105362407,0.006198499493312183,0.03117807201716062,0.003591802527884337,400,1.5
1,1,5.7,4,0.025,0.01709631185710209,0.005140944463498602,0.02942548897128473,0.002045943232794337,400,1.75
1,1,5.8,4,0.025,0.01819536693850878,0.004264464294622714,0.02943527798164373,0.001773206669291872,400,1.75
1,1,5.9,4,0.025,0.01995005379326037,0.002842203196611889,0.02926508807163544,0.001444536667447198,400,1.75
1,1,6,4,0.025,0.02101224545602946,0.00198017570459637,0.02891247294887018,0.001054118783470565,400,1.75
1,1,6.1,4,0.025,0.0208545226074082,0.002384815424238605,0.02836493301892464,0.0006202440626534286,400,1.75
1,1,6.2,4,0.025,0.02019289312132812,0.003518888289926904,0.02759461894169608,0.0003855989450879123,400,1.75
1,1,6.3,4,0.025,0.02008382253429796,0.003966631841222736,0.02659831384503569,0.0007671750124924237,400,1.75
1,1,6.4,4,0.025,0.02086710797582932,0.003344725053333759,0.02546201803923715,0.001309817356165483,400,1.75
1,1,6.5,4,0.025,0.0220452055631398,0.00237294324683281,0.02435010976971774,0.00182108701462086,400,1.75
1,1,6.6,4,0.025,0.02297010961189918,0.001850483482883814,0.0234012364930738,0.002229852242026102,400,1.75
1,1,6.7,4,0.025,0.02345219929004947,0.001762836216516696,0.02264494682861744,0.002515640270721968,400,1.75
1,1,6.8,4,0.025,0.02374180343438776,0.001733915115517441,0.02201160000585605,0.002723729518354088,400,1.75
1,1,6.9,4,0.025,0.02320401543287299,0.0007790806844137589,0.02283147111769574,0.003439194074766396,400,2
1,1,7,4,0.025,0.0237345601579747,0.001022709709136339,0.02220729839242305,0.003567758611822641,400,2
1,1,7.1,4,0.025,0.02421649538544889,0.001463195519694413,0.02175821264743493,0.003624537301648727,400,2
1,1,7.2,4,0.025,0.02446753926179687,0.001806355245613219,0.021588900673394,0.003559325337858257,400,2
1,1,7.3,4,0.025,0.02439055958570958,0.001941571793529089,0.02169515160723014,0.00339117650575336,400,2
1,1,7.4,4,0.025,0.02402336026457957,0.001921097663970372,0.02194158739537571,0.003179194275578253,400,2
1,1,7.5,4,0.025,0.02352101070773594,0.001885537762064163,0.02215181235212268,0.002959763127381828,400,2
1,1,7.6,4,0.025,0.0230652611047197,0.001937121402454879,0.0222349880705135,0.002737388631596639,400,2
1,1,7.7,4,0.025,0.02274182589292708,0.002068840014498352,0.02222505272251703,0.002522061570479261,400,2
1,1,7.8,4,0.025,0.02250696293383536,0.002223137025290589,0.02220010878765865,0.002337092673269237,400,2
1,1,7.9,4,0.025,0.02228503626600924,0.002349500447029503,0.02218375802473441,0.002201873069534221,400,2
1,1,8,4,0.025,0.02207170318334526,0.002449856580328365,0.0221149690691694,0.002116461239890454,400,2
1,1,8.1,4,0.025,0.01712603302032155,0.004685018716379602,0.02695817940359101,0.004219407166203604,400,2.25
1,1,8.2,4,0.025,0.01732654019354506,0.004407923334124763,0.02707738341471485,0.004824228562067835,400,2.25
1,1,8.3,4,0.025,0.0175205734640618,0.00400546056575905,0.02671918935782819,0.005018260636895281,400,2.25
1,1,8.4,4,0.025,0.01780825614437158,0.00349300219989116,0.02637625171575525,0.005161716701017211,400,2.25
1,1,8.5,4,0.025,0.01775367877143863,0.003291048790208879,0.02681299391478576,0.005943734131509243,400,2.5
1,1,8.6,4,0.025,0.01845443501337439,0.002730327336209855,0.02693053928406289,0.00637970988110405,400,2.5
1,1,8.7,4,0.025,0.01927107332370869,0.002415867529121454,0.02678757243381956,0.006590750131401127,400,2.5
1,1,8.8,4,0.025,0.01902941684689474,0.002496130679666458,0.02467222082375009,0.006864573428214819,400,2.75
1,1,8.9,4,0.025,0.01967316836986242,0.003001867357361665,0.02376982788110269,0.006316010487773022,400,2.75
1,1,9,4,0.025,0.02014711464037516,0.00356245473316487,0.02288971687661116,0.005755979500917686,400,2.75
1,1,9.1,4,0.025,0.02046193974916104,0.004068573839340237,0.02217221741230032,0.005353505412534336,400,2.75
1,1,9.2,4,0.025,0.02062937493440079,0.004462244263992414,0.02154755678331632,0.005071107477612283,400,2.75
1,1,9.3,4,0.025,0.02067552536038987,0.004751008254126805,0.02094767894203852,0.00482303160648245,400,2.75
1,1,9.4,4,0.025,0.02051170410417252,0.004860344258160392,0.02155166834132825,0.005614293879928824,400,3
1,1,9.5,4,0.025,0.02033847087323931,0.004965763764842882,0.0208136252365852,0.005180629519211257,400,3
1,1,9.6,4,0.025,0.02010942762331109,0.005017186711161583,0.02050195599269277,0.005165922396556136,400,3
1,1,9.7,4,0.025,0.0198269844234634,0.005003713720640819,0.02033514362084312,0.005347679919479186,400,3
1,1,9.8,4,0.025,0.01950066117855929,0.004940285759353623,0.02004165309351153,0.005442221228614943,400,3
1,1,9.9,4,0.025,0.01921722837026399,0.004834464435525371,0.01972271477018446,0.005282786848519763,400,3.25
1,1,10,4,0.025,0.0188254382571268,0.004790029171524933,0.01924030732603824,0.00506759154316331,400,3.25
1,1,10.1,4,0.025,0.01847934296245895,0.004765203675288484,0.01881906248320047,0.004856128177266636,400,3.25
1,1,10.2,4,0.025,0.01822659238924674,0.00474933770729195,0.01845789445667407,0.00471843103488781,400,3.25
1,1,10.3,4,0.025,0.01805505585907782,0.00474211972280698,0.01811726287230252,0.004631092405428063,400,3.25
1,1,10.4,4,0.025,0.01789375207199889,0.004751159211165299,0.01778707023985494,0.004533176190836992,400,3.25
1,1,10.5,4,0.025,0.01767073338914579,0.004767128806472106,0.0175141983389779,0.004402582860463322,400,3.25
1,1,10.6,4,0.025,0.017354889796513,0.004751712175539006,0.01715760360252562,0.004255781402713689,400,3.5
1,1,10.7,4,0.025,0.0170498235025172,0.004688429907883426,0.01704665941473506,0.004192197728227782,400,3.5
1,1,10.8,4,0.025,0.01676261641921309,0.004571628144721781,0.01696719204329823,0.004211859034784768,400,3.5
1,1,10.9,4,0.025,0.01649024144147961,0.004428270414213966,0.01687802235000647,0.00427508217976214,400,3.5
1,1,11,4,0.025,0.01617562440888605,0.004281882223772862,0.01676855569785031,0.004310616422711561,400,3.5
1,1,11.1,4,0.025,0.01580673350920343,0.004138955977190707,0.01662816458973312,0.004268254505984172,400,3.5
1,1,11.2,4,0.025,0.01544805316260738,0.003997772181713296,0.01642622354837611,0.004160269147522541,400,3.5
1,1,11.3,4,0.025,0.01523268202280945,0.00384263716316529,0.01661828062968828,0.003801526263471771,400,3.75
1,1,11.4,4,0.025,0.01512714053409943,0.003724567918155394,0.01640222836364203,0.003707053625115998,400,3.75
1,1,11.5,4,0.025,0.01507113785396292,0.003638854421932074,0.01614899337464706,0.003696457148873475,400,3.75
1,1,11.6,4,0.025,0.0149525681483779,0.003580595101072226,0.01589592809083777,0.003704051238360997,400,3.75
1,1,11.7,4,0.025,0.01476150169891549,0.003525661286853147,0.01568110711715102,0.00364901115166231,400,3.75
1,1,11.8,4,0.025,0.01459386561774508,0.003463594557750298,0.01550776837663332,0.003522718166055254,400,3.75
1,1,11.9,4,0.025,0.01454198133978069,0.003411007213036457,0.01534290264250248,0.003391598193480543,400,3.75
1,1,12,4,0.025,0.01557572249713484,0.002825211698297033,0.01680856758791439,0.002769063335486196,400,4
1,1,0,8,0.025,0.04000526542660802,0,0.03996236895799365,0,400,0
1,1,0.1,8,0.025,0.03991675845714605,2.622655377657235e-18,0.03987247926697973,2.622655377657235e-18,373,0
1,1,0.2,8,0.025,0.03982838192436456,0,0.03978413222521759,2.622655377657235e-18,359,0
1,1,0.3,8,0.025,0.0397420208982186,0,0.03969750757507073,2.622655377657235e-18,351,0
1,1,0.4,8,0.025,0.03965797899860223,2.622655377657235e-18,0.03961304649632899,0,351,0
1,1,0.5,8,0.025,0.03957676080673508,0,0.03953141869900328,2.622655377657235e-18,347,0
1,1,0.6,8,0.025,0.0394988313573495,0,0.03945312300830401,0,345,0
1,1,0.7,8,0.025,0.03939707890053875,2.762507559174541e-05,0.03934752699342335,3.101424253630983e-05,343,0.125
1,1,0.8,8,0.025,0.03932809107855591,2.673774936644106e-05,0.03927816153565252,2.995921512706327e-05,343,0.125
1,1,0.9,8,0.025,0.03926644668679617,2.360893008122606e-05,0.03921577416807226,2.682367367216193e-05,343,0.125
1,1,1,8,0.025,0.03920499373777183,1.759674886487207e-05,0.03921428880812335,5.807259902925334e-05,343,0.25
1,1,1.1,8,0.025,0.03916784415259048,1.0589245154223e-05,0.0391742975871663,5.299843757961876e-05,343,0.25
1,1,1.2,8,0.025,0.03914811295969102,3.044063011451324e-05,0.03915156342161386,5.19539781976919e-05,350,0.25
1,1,1.3,8,0.025,0.03914893419460588,7.103403844163923e-05,0.03914970356442755,7.139128131298588e-05,369,0.25
1,1,1.4,8,0.025,0.03917327556554646,0.0001300987717785497,0.03917119830520841,0.0001205156938370781,397,0.25
1,1,1.5,8,0.025,0.03922297531592711,0.0002086693111514419,0.03921664591877661,0.0001964177381641915,400,0.25
1,1,1.6,8,0.025,0.0392977447904729,0.000306660061808533,0.0392848167867386,0.000297035381912441,400,0.25
1,1,1.7,8,0.025,0.03939546926157142,0.0004228899718772152,0.03937339730770737,0.0004218515423755915,400,0.25
1,1,1.8,8,0.025,0.04014655184817849,0.0007851477042636623,0.03944024260629005,0.0005765421543224194,400,0.375
1,1,1.9,8,0.025,0.04031156104447874,0.0009022911091987075,0.03955972571100098,0.0007432965513386122,400,0.375
1,1,2,8,0.025,0.04050525797541828,0.001045152298064786,0.03968235858297459,0.0009218651298184072,400,0.375
1,1,2.1,8,0.025,0.04071028254101145,0.001198770657251787,0.0397948539087353,0.001101185033153411,400,0.375
1,1,2.2,8,0.025,0.04090265955851072,0.001347815469919458,0.0398852405782786,0.001269159770390204,400,0.375
1,1,2.3,8,0.025,0.04105893095978609,0.001480236244938546,0.03994540109880729,0.001414928951138445,400,0.375
1,1,2.4,8,0.025,0.04116216917453746,0.001589296528447954,0.03997037391139581,0.00153076920036496,400,0.375
1,1,2.5,8,0.025,0.04119964263103841,0.001671327294166236,0.03995590896108473,0.001613112290624124,400,0.375
1,1,2.6,8,0.025,0.04115676839612744,0.001722361793456938,0.03989823127493634,0.00166449410511049,400,0.375
1,1,2.7,8,0.025,0.04101746704423337,0.001738614652698474,0.03979527852593524,0.001694471671334676,400,0.375
1,1,2.8,8,0.025,0.04136969986565509,0.002209014475891743,0.03945097654394205,0.001653889057416501,400,0.625
1,1,2.9,8,0.025,0.03710220851935526,0.00402903828821268,0.03590196820582536,0.002886899554023767,400,0.75
1,1,3,8,0.025,0.04237912959093631,0.006628354281695742,0.03508566121613409,0.00293623375163024,400,0.875
1,1,3.1,8,0.025,0.04235195816403675,0.006563931673425744,0.03543042944616984,0.002940527812512147,400,0.875
1,1,3.2,8,0.025,0.04216458948123484,0.006521063289666474,0.03587263149961165,0.00292832686942414,400,0.875
1,1,3.3,8,0.025,0.04185723011703483,0.006382777310128803,0.03635719890005694,0.002914114444064734,400,0.875
1,1,3.4,8,0.025,0.04147014122445999,0.006116543698112794,0.03683124504381495,0.002904962827358088,400,0.875
1,1,3.5,8,0.025,0.04100411799892136,0.005781946986598204,0.03726018631174162,0.00289331333618817,400,0.875
1,1,3.6,8,0.025,0.03609821063139194,0.00701138426813966,0.0328500928511235,0.005313851998059392,400,1
1,1,3.7,8,0.025,0.03530357845928767,0.006708992048772917,0.0331899112811222,0.005253192661585122,400,1.125
1,1,3.8,8,0.025,0.03508972227740105,0.005898173631553479,0.03353509916159714,0.005041833647759972,400,1.125
1,1,3.9,8,0.025,0.03449481019670826,0.005227406654990544,0.03362862418157563,0.004865683140882686,400,1.125
1,1,4,8,0.025,0.03340511738038975,0.004864222698987735,0.03333605370207574,0.004842247360346233,400,1.125
1,1,4.1,8,0.025,0.03224918897420555,0.004686640514998943,0.03279657937130946,0.004895214824209656,400,1.125
1,1,4.2,8,0.025,0.03151345105774248,0.004381960359205335,0.03225295799740301,0.004860119294072907,400,1.125
1,1,4.3,8,0.025,0.03119869722025697,0.003878057058564798,0.03252867771997861,0.004590847402521355,400,1.25
1,1,4.4,8,0.025,0.03130430193410308,0.003414861572025284,0.03200664821376649,0.004385511798965624,400,1.375
1,1,4.5,8,0.025,0.03239490277853845,0.003876719371888141,0.03288932467024756,0.00491278323383971,400,1.5
1,1,4.6,8,0.025,0.03204879041256419,0.003839304339367529,0.03203577974002896,0.004837615472971253,400,1.5
1,1,4.7,8,0.025,0.03188358490905718,0.003849895425326426,0.03097607964489337,0.004652151956617702,400,1.5
1,1,4.8,8,0.025,0.03205183152943002,0.003830205661368726,0.0298380937221723,0.004355698987752728,400,1.5
1,1,4.9,8,0.025,0.03242864504140433,0.003817815418282814,0.02869323340845823,0.004021240106749877,400,1.5
1,1,5,8,0.025,0.03275209408066476,0.003861226258830921,0.02759343103675388,0.003729699379280624,400,1.5
1,1,5.1,8,0.025,0.03288799593605971,0.003937548031393149,0.02661201588375015,0.003511859261694617,400,1.5
1,1,5.2,8,0.025,0.03290220386564981,0.003992859883857773,0.02582994819760059,0.00335156613103137,400,1.5
1,1,5.3,8,0.025,0.0329140246312505,0.003989231235027034,0.02530456365288512,0.00321782410902035,400,1.5
1,1,5.4,8,0.025,0.03075270042850376,0.004973644317653137,0.02598190998310343,0.003187379088881576,400,1.625
1,1,5.5,8,0.025,0.03081500402768016,0.004824515307804236,0.02603898321085088,0.003034630787093021,400,1.625
1,1,5.6,8,0.025,0.02998055821846585,0.00459831595464556,0.02663898271614913,0.002832733214449135,400,1.75
1,1,5.7,8,0.025,0.02574336096538728,0.004932835222153749,0.02588144443477108,0.00208368156357305,400,1.875
1,1,5.8,8,0.025,0.02619490121203703,0.00436349599812213,0.02596635538124652,0.001863528562900261,400,1.875
1,1,5.9,8,0.025,0.02691874256880177,0.00360912734878731,0.0259997099875132,0.001643323211085675,400,1.875
1,1,6,8,0.025,0.02724007598984145,0.0030909224162361,0.02604157286917781,0.001417542769571607,400,1.875
1,1,6.1,8,0.025,0.02691818568507147,0.002977734471557692,0.02604200630444621,0.001184369361592739,400,1.875
1,1,6.2,8,0.025,0.02636539243508787,0.003166087226270019,0.02592149815539219,0.0009627510832457711,400,1.875
1,1,6.3,8,0.025,0.02615904169935582,0.003215349462795128,0.0256350234157142,0.0008278769867401669,400,1.875
1,1,6.4,8,0.025,0.02538821219962361,0.002737053162364781,0.02590942191476496,0.001394711770691046,400,2
1,1,6.5,8,0.025,0.02345190135996074,0.003620357243457091,0.02597619941715983,0.001955161647757623,400,2.125
1,1,6.6,8,0.025,0.02422003346895664,0.003354879527316131,0.02569727823803486,0.002121758241729585,400,2.125
1,1,6.7,8,0.025,0.02158728649643449,0.003202062754942849,0.02950958673660583,0.004387606421092966,400,2.375
1,1,6.8,8,0.025,0.02177989133585743,0.003129160957287691,0.03121048593111288,0.005515553604562237,400,2.5
1,1,6.9,8,0.025,0.02173821875911899,0.002783113170403818,0.03146228583203958,0.005360617366811498,400,2.625
1,1,7,8,0.025,0.02239690387560127,0.002479253521619627,0.03063582813706443,0.005118599407577668,400,2.625
1,1,7.1,8,0.025,0.02318097137677425,0.00212610343430074,0.02983926864862291,0.004851568161928009,400,2.625
1,1,7.2,8,0.025,0.0239059806453812,0.001775732263468249,0.02929932996519428,0.004616162967513645,400,2.625
1,1,7.3,8,0.025,0.02438936606021795,0.001496012640574195,0.02888882942794854,0.004340785116327891,400,2.625
1,1,7.4,8,0.025,0.02456601465090691,0.001323504660584507,0.02836141054111488,0.003961685640233811,400,2.625
1,1,7.5,8,0.025,0.02449273635942041,0.001262493306611383,0.02767525812828513,0.003545156323665602,400,2.625
1,1,7.6,8,0.025,0.02427342624698768,0.001279268188730219,0.02697234612654367,0.003181552192944137,400,2.625
1,1,7.7,8,0.025,0.02406138880490536,0.001326319674379055,0.02635497209159672,0.002860417265065163,400,2.625
1,1,7.8,8,0.025,0.0239487277830501,0.001383949588222679,0.0258000400751702,0.002555786147467382,400,2.625
1,1,7.9,8,0.025,0.02386703016402843,0.00143715513001333,0.02522505543466539,0.002271356653864505,400,2.625
1,1,8,8,0.025,0.02185927587514262,0.002053052518860494,0.02566888160504933,0.002277395631475819,400,2.75
1,1,8.1,8,0.025,0.01931084811182736,0.002848841724324654,0.02748555646136024,0.002487325427198352,400,2.875
1,1,8.2,8,0.025,0.01934241195145178,0.00262377950119984,0.02701283849516172,0.002683805065069267,400,2.875
1,1,8.3,8,0.025,0.01754523691314529,0.002169789429751002,0.02562921521574069,0.002608153662299327,400,3
1,1,8.4,8,0.025,0.01790766928484132,0.001870464384555601,0.02525175197455163,0.002648344987945129,400,3
1,1,8.5,8,0.025,0.01813220571535267,0.001712439476155956,0.02531066739979509,0.00298638624776795,400,3.125
1,1,8.6,8,0.025,0.01871792887056114,0.001413619354345057,0.02506551529610128,0.003177701998836206,400,3.125
1,1,8.7,8,0.025,0.01933553945250899,0.001240190980491871,0.02453153676389392,0.00327343467014047,400,3.125
1,1,8.8,8,0.025,0.01938875817740227,0.001288489283882137,0.02300130920431438,0.003318765714317008,400,3.25
1,1,8.9,8,0.025,0.01985218771611361,0.001542693141881112,0.02222840295130519,0.003048492505377772,400,3.25
1,1,9,8,0.025,0.02026557596077269,0.001846257813656549,0.02183762736010837,0.002787477260447726,400,3.375
1,1,9.1,8,0.025,0.02059228011582316,0.002129289804630645,0.02146324588259282,0.002590057711470221,400,3.375
1,1,9.2,8,0.025,0.02115743798563081,0.002370563310829517,0.02141951311703027,0.002426579917278556,400,3.5
1,1,9.3,8,0.025,0.02121767756465485,0.0025256695839529,0.02102092588261574,0.002329041291085317,400,3.5
1,1,9.4,8,0.025,0.0213654519940696,0.002627299886156803,0.02327459003638904,0.003594658120351351,400,3.75
1,1,9.5,8,0.025,0.02116197729207174,0.002680370195851093,0.02260443045721481,0.003324480675880722,400,3.75
1,1,9.6,8,0.025,0.02092712712784478,0.002712611274079602,0.02226075273773067,0.003206611082159006,400,3.75
1,1,9.7,8,0.025,0.02065538332767442,0.002712289815981177,0.02211017229145657,0.00323393547905817,400,3.75
1,1,9.8,8,0.025,0.02032090987294412,0.002672693527422752,0.02190985343572645,0.003284524275778513,400,3.75
1,1,9.9,8,0.025,0.01995712978518315,0.002597199403976007,0.0216229943596856,0.003235790525926582,400,3.875
1,1,10,8,0.025,0.01950162275765287,0.002545805992217321,0.0211807494918952,0.003139108180506609,400,3.875
1,1,10.1,8,0.025,0.01904433763954287,0.002509076392219043,0.02070928362524512,0.003003383465986469,400,3.875
1,1,10.2,8,0.025,0.01847367249458689,0.002462212239469411,0.02020005954177682,0.002874116287241545,400,4
1,1,10.3,8,0.025,0.01809106759581101,0.002440324499538148,0.01984413432852209,0.002801804383570913,400,4
1,1,10.4,8,0.025,0.01679919661779194,0.00255867329912148,0.01914750763951501,0.002693346379857433,400,4.125
1,1,10.5,8,0.025,0.01655713548468206,0.002518241946931756,0.01865124759587485,0.002595359364867135,400,4.125
1,1,10.6,8,0.025,0.0163230957077331,0.00245937895491386,0.01783223287749899,0.002496087844446094,400,4.25
1,1,10.7,8,0.025,0.01613230086071787,0.002386976831828141,0.01718286089784232,0.002453409906864216,400,4.25
1,1,10.8,8,0.025,0.01598366982247104,0.002299331876902252,0.01684060756794146,0.002391788434851653,400,4.25
1,1,10.9,8,0.025,0.01587465735303779,0.002210601447274718,0.0167245266697996,0.002308812743581102,400,4.25
1,1,11,8,0.025,0.01575048103287251,0.002137748269427699,0.01674534648771395,0.002260918177274283,400,4.375
1,1,11.1,8,0.025,0.01561103629844181,0.002086763339492117,0.01653262052682618,0.002203028448170833,400,4.375
1,1,11.2,8,0.025,0.01545701447443783,0.002047850481222403,0.01623186292055011,0.002134799141495923,400,4.375
1,1,11.3,8,0.025,0.01535438463673779,0.002002984823983283,0.01616440514060359,0.00196230676873243,400,4.5
1,1,11.4,8,0.025,0.01530202034625946,0.001969209652352589,0.01599214534195524,0.001876917974496998,400,4.5
1,1,11.5,8,0.025,0.01527543318124019,0.001942534843602448,0.01588091318234827,0.001830502331638409,400,4.5
1,1,11.6,8,0.025,0.01520144333027361,0.001917832418783899,0.01578816905651482,0.00181913931530105,400,4.5
1,1,11.7,8,0.025,0.01505408819275124,0.001883984463893271,0.01568183080140033,0.001800423223408986,400,4.5
1,1,11.8,8,0.025,0.01487939314288901,0.001838063398650076,0.01555259689854145,0.001752048521490989,400,4.5
1,1,11.9,8,0.025,0.01475285547417846,0.001792132369337367,0.01540867211174405,0.001696936557416156,400,4.5
1,1,12,8,0.025,0.01527368962044888,0.001504600705870985,0.01617562201137837,0.00142025786583545,400,4.75
1,1,0,16,0.025,0.04000526542660802,0,0.03996236895799365,0,400,0
1,1,0.1,16,0.025,0.03971764973438913,0.0001991087227569116,0.04008740109942679,0.0002149218324470812,373,0.0625
1,1,0.2,16,0.025,0.03963010349353797,0.0001982784308265915,0.0399980424588152,0.0002139102335976121,359,0.0625
1,1,0.3,16,0.025,0.0395444494700854,0.0001975714281332143,0.03991043704466947,0.0002129294695987442,351,0.0625
1,1,0.4,16,0.025,0.03946098979768803,0.0001969892009142048,0.03982506213868794,0.0002120156423589389,360,0.0625
1,1,0.5,16,0.025,0.03915423826268913,0.0002894373714610387,0.03995356168607107,0.0002883785846624294,400,0.125
1,1,0.6,16,0.025,0.03907762445833098,0.0002885028953645249,0.03987334481894732,0.0002870662232475147,400,0.125
1,1,0.7,16,0.025,0.03692795091224802,0.002406756316836233,0.03760937599358671,0.002199711542100664,400,0.3125
1,1,0.8,16,0.025,0.03691273972573104,0.002371638420949949,0.03771593274332571,0.002023664854302035,400,0.3125
1,1,0.9,16,0.025,0.03697769089205744,0.002279015083257784,0.03798917946583757,0.001689873939552561,400,0.3125
1,1,1,16,0.025,0.03719378468119038,0.002146007864728154,0.03805265227768494,0.00152969359524976,400,0.4375
1,1,1.1,16,0.025,0.03735256655595832,0.002002490250470194,0.03785566242352498,0.001680183231550426,400,0.4375
1,1,1.2,16,0.025,0.03751373510011763,0.001869977599901196,0.03757842149311141,0.001925894342098817,400,0.4375
1,1,1.3,16,0.025,0.0376572138196987,0.001763442044226461,0.03751001800746914,0.001981937378095299,400,0.4375
1,1,1.4,16,0.025,0.03777355764130696,0.001688676084949996,0.03771655505879978,0.001782799053637883,400,0.4375
1,1,1.5,16,0.025,0.03785490958875646,0.00164718008195192,0.03802436145748674,0.001501878008047607,400,0.4375
1,1,1.6,16,0.025,0.03788684004655558,0.001641480565048767,0.03824396991933772,0.001329203579597261,400,0.4375
1,1,1.7,16,0.025,0.0374373240981035,0.001775996737741351,0.03883280463320916,0.001429290681497305,400,0.5
1,1,1.8,16,0.025,0.03768302134564113,0.001883513365714681,0.03888825258232254,0.001418490773847165,400,0.5625
1,1,1.9,16,0.025,0.03760475540967136,0.001950443365633305,0.03901990054099767,0.001367072141634276,400,0.5625
1,1,2,16,0.025,0.03754676830219353,0.00199532361637206,0.03919298323205702,0.001288346725658019,400,0.5625
1,1,2.1,16,0.025,0.03751311411574729,0.002009745263172589,0.0393356194581333,0.001242563003930794,400,0.5625
1,1,2.2,16,0.025,0.03747336038885953,0.002010043961683649,0.03938631783836048,0.001262030248031458,400,0.5625
1,1,2.3,16,0.025,0.03739045489269115,0.002018665012200058,0.03932320795456835,0.001332522874610225,400,0.5625
1,1,2.4,16,0.025,0.03702422203769733,0.002021908677348612,0.04087957726146199,0.002806776290357865,400,0.625
1,1,2.5,16,0.025,0.03685950589987495,0.002061670189278129,0.04063253366562133,0.002857100272740776,400,0.625
1,1,2.6,16,0.025,0.03593815149379567,0.002602271527078922,0.04104731493500024,0.002678213618370322,400,0.6875
1,1,2.7,16,0.025,0.03590277136665234,0.002526549392409802,0.04062367197734695,0.002609615842658136,400,0.75
1,1,2.8,16,0.025,0.03602216033299548,0.002596971607557815,0.04018808862467627,0.00252353312299699,400,0.875
1,1,2.9,16,0.025,0.03394285691391826,0.002793026382995019,0.03818190210761911,0.002769099579516337,400,0.9375
1,1,3,16,0.025,0.03673989522949813,0.003910278180070312,0.03756617219016119,0.002723846350995933,400,1
1,1,3.1,16,0.025,0.03694758809142924,0.0038063962278264,0.03750563389042714,0.002597969842798481,400,1
1,1,3.2,16,0.025,0.03709097086282991,0.00371002897299315,0.03741705559424344,0.002432533461648854,400,1
1,1,3.3,16,0.025,0.03717322266947137,0.003581037689651013,0.03726004280331569,0.002259408672955361,400,1
1,1,3.4,16,0.025,0.03695144001981793,0.003468921173269551,0.03632049196783333,0.002221154864187782,400,1.0625
1,1,3.5,16,0.025,0.03695001642919453,0.003260301209220931,0.0364743483272021,0.002073197565356716,400,1.0625
1,1,3.6,16,0.025,0.03471035405882893,0.00362894181460701,0.03428935006821193,0.00293506233130548,400,1.125
1,1,3.7,16,0.025,0.03448115522907747,0.003465093255521847,0.03439280613783275,0.002864119562995564,400,1.1875
1,1,3.8,16,0.025,0.03448899299312765,0.003089090768957058,0.03437038336141489,0.00274675907455161,400,1.1875
1,1,3.9,16,0.025,0.03435308262178446,0.002771669635140706,0.03442525689062974,0.002630035610480761,400,1.25
1,1,4,16,0.025,0.03385518226684336,0.002615012753696215,0.03407894065913386,0.002619751967995087,400,1.25
1,1,4.1,16,0.025,0.03330001802341703,0.002551723226030021,0.03374151073929162,0.002644400705382797,400,1.25
1,1,4.2,16,0.025,0.03051836991129562,0.003077927767850039,0.03608051373682435,0.003984434471702087,400,1.3125
1,1,4.3,16,0.025,0.03038026144800558,0.002877249781856158,0.03624904075113514,0.003917012368698986,400,1.375
1,1,4.4,16,0.025,0.03125879172999638,0.002727419964953526,0.03596482839000222,0.00390617520074001,400,1.5
1,1,4.5,16,0.025,0.03187998707915271,0.002771243207777978,0.03628168647304527,0.004030185402058226,400,1.5625
1,1,4.6,16,0.025,0.03176439820026453,0.002654612441482582,0.0356716223580461,0.003999643936357307,400,1.5625
1,1,4.7,16,0.025,0.0317054192622364,0.002569101072278848,0.03494981231741824,0.003907141157580313,400,1.5625
1,1,4.8,16,0.025,0.031763966626746,0.002496580166321075,0.03420517355255506,0.003769649663881876,400,1.5625
1,1,4.9,16,0.025,0.03186447045240796,0.00245383203109118,0.03345330173685854,0.003624968227215638,400,1.5625
1,1,5,16,0.025,0.03205003407997473,0.002408656170925856,0.03290242127346141,0.003453131400593427,400,1.625
1,1,5.1,16,0.025,0.0319298749710983,0.002444871161960622,0.03207648253646733,0.003318682962488154,400,1.625
1,1,5.2,16,0.025,0.03200570146058448,0.002566920526174126,0.03102626822805174,0.003117577986446838,400,1.6875
1,1,5.3,16,0.025,0.03180656379126474,0.002600113342215685,0.03031807472525297,0.002915919558672,400,1.6875
1,1,5.4,16,0.025,0.03054581386408394,0.002981004265514692,0.03026528012945257,0.002691272309455429,400,1.75
1,1,5.5,16,0.025,0.03043269936683445,0.002940364938149571,0.02997062731884455,0.002515645602983695,400,1.75
1,1,5.6,16,0.025,0.02990305482812284,0.002857048236065057,0.02996422044236994,0.002341530415773661,400,1.8125
1,1,5.7,16,0.025,0.02769266354195602,0.003021012524789235,0.02924209237689001,0.002109809739507138,400,1.875
1,1,5.8,16,0.025,0.02768907960527805,0.002797460873812168,0.02873969047373622,0.002041389360987007,400,1.9375
1,1,5.9,16,0.025,0.02869460196475324,0.002823116852315384,0.02911780998167277,0.002298241277617599,400,2
1,1,6,16,0.025,0.03011234559832638,0.002500616981162726,0.02719046153979683,0.00264797975946247,400,2.125
1,1,6.1,16,0.025,0.02954639651517581,0.002317547169210028,0.02722282019744801,0.002639885621500156,400,2.125
1,1,6.2,16,0.025,0.02875451804799899,0.002218331436131788,0.0271879540351412,0.002629674529781051,400,2.125
1,1,6.3,16,0.025,0.02815913403390582,0.002116860841782489,0.02703340765039272,0.002575560035135127,400,2.1875
1,1,6.4,16,0.025,0.02730751886617035,0.001915489012095913,0.02722715903488158,0.002578453886127525,400,2.25
1,1,6.5,16,0.025,0.02590980451399431,0.002288079674191437,0.02733466944945132,0.002592286372092802,400,2.3125
1,1,6.6,16,0.025,0.02586383532535559,0.00215750756212244,0.02726738111938172,0.002546335277198339,400,2.3125
1,1,6.7,16,0.025,0.02413724622146693,0.002139816535203439,0.02931507759785484,0.003027797731175177,400,2.5
1,1,6.8,16,0.025,0.02384882899082343,0.002051909050330912,0.03017928509451418,0.003378249454913651,400,2.5625
1,1,6.9,16,0.025,0.02332581633602292,0.00193443296297999,0.03028913529021852,0.00325361358654027,400,2.6875
1,1,7,16,0.025,0.02444777999891554,0.001853920698601143,0.02944876206008552,0.003157788591385056,400,2.75
1,1,7.1,16,0.025,0.02459912395728983,0.001682886538219061,0.02884621778608196,0.002996412699818649,400,2.75
1,1,7.2,16,0.025,0.02473469756139987,0.001518171245038771,0.02839035529137635,0.002861157048207873,400,2.75
1,1,7.3,16,0.025,0.02477704442298179,0.001401025345023186,0.02802447791742833,0.002728889659628131,400,2.75
1,1,7.4,16,0.025,0.02469379478026431,0.001347092158574301,0.02759080617034384,0.002571330585405052,400,2.75
1,1,7.5,16,0.025,0.02450413233080844,0.001346522365317064,0.02704396771214494,0.002410067798189978,400,2.75
1,1,7.6,16,0.025,0.02426159373154245,0.001380714841306093,0.02647951315080043,0.00227607503772231,400,2.75
1,1,7.7,16,0.025,0.02406097791932231,0.001434040124994147,0.02599477674695789,0.00216381998202516,400,2.75
1,1,7.8,16,0.025,0.02375624404930167,0.00135597163459977,0.02581146947872869,0.002169497892963994,400,2.8125
1,1,7.9,16,0.025,0.02370601184787861,0.0014136983289992,0.02544443299518623,0.002086935853572552,400,2.8125
1,1,8,16,0.025,0.02269851858917135,0.001626777802308502,0.02559450260102588,0.002082547874643948,400,2.875
1,1,8.1,16,0.025,0.02140755132798294,0.001970941596091055,0.02642765846986413,0.002153883801980774,400,2.9375
1,1,8.2,16,0.025,0.0213283987617157,0.001887619827034102,0.02601931010826923,0.002183125349980416,400,3
1,1,8.3,16,0.025,0.02040609897241799,0.001842246383017856,0.02531176355611472,0.002145789313449776,400,3.0625
1,1,8.4,16,0.025,0.02061994377815385,0.001744893043420768,0.02534142337830084,0.002112027937558659,400,3.125
1,1,8.5,16,0.025,0.02070550821683902,0.00169381746087999,0.02533311412237444,0.002217571285307092,400,3.1875
1,1,8.6,16,0.025,0.02096391860269253,0.001595531102775529,0.02517806519811661,0.002288756055760639,400,3.1875
1,1,8.7,16,0.025,0.02123347635319888,0.001531380275215756,0.02487485166469425,0.002333912365419918,400,3.1875
1,1,8.8,16,0.025,0.02122230169828763,0.001537670696241114,0.02404263763952095,0.002369258683734736,400,3.25
1,1,8.9,16,0.025,0.02149536474397867,0.001565619729518985,0.0236008279049683,0.002281624234068857,400,3.3125
1,1,9,16,0.025,0.02168220223158608,0.001626618947116769,0.02325491223765926,0.002196667927481056,400,3.375
1,1,9.1,16,0.025,0.02200515818322602,0.001807156240735207,0.02275363129481269,0.002026450277283051,400,3.4375
1,1,9.2,16,0.025,0.02224460887033481,0.001856998107260351,0.02264556497024583,0.001975457293626573,400,3.5
1,1,9.3,16,0.025,0.02223647918944074,0.001888988177184063,0.02239215234628725,0.001951765268691243,400,3.5625
1,1,9.4,16,0.025,0.02222121015170803,0.001914539850861499,0.02344745225272238,0.002324910377025464,400,3.6875
1,1,9.5,16,0.025,0.02201336633624154,0.001932095061137882,0.0230157052330603,0.002217530912714436,400,3.6875
1,1,9.6,16,0.025,0.02178181253328259,0.001937724243721111,0.02272824702392827,0.002158877595313512,400,3.6875
1,1,9.7,16,0.025,0.02151889174904114,0.001924085075842929,0.02252364816568857,0.002147654906582578,400,3.6875
1,1,9.8,16,0.025,0.02120349353808821,0.001892595039403312,0.02227962842340331,0.002145459060933958,400,3.6875
1,1,9.9,16,0.025,0.01966872256230667,0.002115093405262024,0.02195110480985536,0.002104299269883322,400,3.8125
1,1,10,16,0.025,0.01934556883147861,0.002058827953003356,0.02160799345576331,0.002051168913296175,400,3.8125
1,1,10.1,16,0.025,0.01824761869138875,0.002081920710489681,0.02123747005637827,0.001978198493645284,400,3.875
1,1,10.2,16,0.025,0.01802974730161403,0.001960092405017136,0.02078297191670786,0.001894858486637328,400,3.9375
1,1,10.3,16,0.025,0.0179204549033039,0.001839569105007591,0.02034370681190388,0.001821913211327071,400,3.9375
1,1,10.4,16,0.025,0.01734673741481451,0.001778079414538778,0.01971319831184013,0.001746285122156765,400,4
1,1,10.5,16,0.025,0.01732181464029051,0.001683843796051695,0.01923472220175028,0.001686992004808535,400,4
1,1,10.6,16,0.025,0.01736069497266528,0.00161299094784603,0.01866766719622345,0.001639863374784915,400,4.0625
1,1,10.7,16,0.025,0.01745517127533218,0.001569663070144823,0.01821876899825923,0.001609285010943433,400,4.0625
1,1,10.8,16,0.025,0.0175361415499137,0.001542733595736405,0.01792039745173208,0.001562281728878479,400,4.0625
1,1,10.9,16,0.025,0.01755611359819985,0.001518795212246693,0.01773645500010996,0.00150816172709466,400,4.0625
1,1,11,16,0.025,0.01749140676898197,0.001493543816936944,0.01764861073998262,0.001476912034280332,400,4.125
1,1,11.1,16,0.025,0.01755897195276044,0.001451767186721178,0.01777829005226144,0.001444705620213404,400,4.1875
1,1,11.2,16,0.025,0.01744015060924924,0.001436705024563052,0.01762656893486163,0.001435205298251269,400,4.1875
1,1,11.3,16,0.025,0.01734733063865742,0.001423080593625677,0.01759512337511183,0.001386376002085009,400,4.25
1,1,11.4,16,0.025,0.01728412998638373,0.001414222197771321,0.01762372373011487,0.00139898637828972,400,4.3125
1,1,11.5,16,0.025,0.01734894383824253,0.001368199593321951,0.01753925923512322,0.00139185412128188,400,4.375
1,1,11.6,16,0.025,0.01715353221642417,0.001321938805395758,0.01720070254122677,0.001329550465880185,400,4.4375
1,1,11.7,16,0.025,0.01697382062979051,0.001293947887826189,0.01706697716667452,0.001322906090004862,400,4.4375
1,1,11.8,16,0.025,0.01677558146366892,0.001272346551002395,0.01696526444918537,0.001311709988356407,400,4.4375
1,1,11.9,16,0.025,0.01661443877375793,0.001256957352032491,0.01688498391558483,0.001308041599852342,400,4.4375
1,1,12,16,0.025,0.01707301903512892,0.001137032366174867,0.01727662474787602,0.001211007233335338,400,4.625
1.01,0.990099009901,0,4,0.025,0.0497335529492554,0,0.03093052807696135,0,400,0
1.01,0.990099009901,0.1,4,0.025,0.04962233961354516,0,0.0308618941848925,0,372,0
1.01,0.990099009901,0.2,4,0.025,0.04951145384969276,0,0.03079472706891811,0,357,0
1.01,0.990099009901,0.3,4,0.025,0.04940293311752589,0,0.03072897258944761,0,352,0
1.01,0.990099009901,0.4,4,0.025,0.04929707698662308,0,0.03066487724509131,0,350,0
1.01,0.990099009901,0.5,4,0.025,0.04919493643951816,0,0.03060303366946279,0,350,0
1.01,0.990099009901,0.6,4,0.025,0.04909697966347397,0,0.03054376842660875,0,349,0
1.01,0.990099009901,0.7,4,0.025,0.04901395333817764,1.024050301453965e-05,0.03036477706418367,0.0001226386243734822,347,0.25
1.01,0.990099009901,0.8,4,0.025,0.04892823547584491,1.247421868957876e-05,0.03031354842411418,0.0001208279261716095,347,0.25
1.01,0.990099009901,0.9,4,0.025,0.04885446993436471,2.031112471615436e-05,0.0302700261044235,0.0001152569997100502,347,0.25
1.01,0.990099009901,1,4,0.025,0.04879935577128443,3.952809725921332e-05,0.03023718505777167,0.0001036734751163164,347,0.25
1.01,0.990099009901,1.1,4,0.025,0.04877068283237144,7.744484118622774e-05,0.03022134483462089,8.012930127823496e-05,347,0.25
1.01,0.990099009901,1.2,4,0.025,0.0487764204244818,0.0001420529686446768,0.03022976057916067,3.732458830671935e-05,350,0.25
1.01,0.990099009901,1.3,4,0.025,0.048824340427272,0.000241270246419862,0.03026958881348875,3.211092793504056e-05,369,0.25
1.01,0.990099009901,1.4,4,0.025,0.04892130145582232,0.000381795312679312,0.03034666780208536,0.0001338670612557298,399,0.25
1.01,0.990099009901,1.5,4,0.025,0.04907143709591364,0.0005669655680071804,0.03046439386972839,0.0002708481673305745,400,0.25
1.01,0.990099009901,1.6,4,0.025,0.04927446582827835,0.0007960679404980815,0.03062427140771461,0.0004441642730372824,400,0.25
1.01,0.990099009901,1.7,4,0.025,0.04952671483381738,0.001065574061343139,0.03082633798645632,0.0006537445274519575,400,0.25
1.01,0.990099009901,1.8,4,0.025,0.05126919472310995,0.001627662692621482,0.03093164074547331,0.0009520759460394174,400,0.5
1.01,0.990099009901,1.9,4,0.025,0.05168398526604276,0.001870807485358788,0.03121247606823853,0.00121895578973553,400,0.5
1.01,0.990099009901,2,4,0.025,0.05217209450677107,0.002161069443856746,0.03151860593776734,0.00149644329780078,400,0.5
1.01,0.990099009901,2.1,4,0.025,0.05269380827539537,0.002461409566763521,0.03183280335779937,0.001761561358024675,400,0.5
1.01,0.990099009901,2.2,4,0.025,0.05319661546410412,0.002737739728339883,0.03213749671840617,0.001988136247518978,400,0.5
1.01,0.990099009901,2.3,4,0.025,0.05363114885806851,0.00296406404808947,0.03241754943896909,0.002151609547832247,400,0.5
1.01,0.990099009901,2.4,4,0.025,0.05396302120580339,0.003125177961621958,0.0326602049185156,0.002233456665953442,400,0.5
1.01,0.990099009901,2.5,4,0.025,0.05416434415398467,0.003211945793106961,0.03285309464428562,0.002221603980048038,400,0.5
1.01,0.990099009901,2.6,4,0.025,0.05420101405570509,0.003215457818107474,0.03298771963791096,0.002114360866032218,400,0.5
1.01,0.990099009901,2.7,4,0.025,0.05403386132779147,0.003127786529855847,0.03305664422401489,0.001920106095380314,400,0.5
1.01,0.990099009901,2.8,4,0.025,0.05487043854384471,0.004000355523028576,0.03261099888498565,0.001652686725753309,400,0.75
1.01,0.990099009901,2.9,4,0.025,0.04383475299085696,0.01122648293840758,0.0276346673222741,0.003872761907455321,400,1
1.01,0.990099009901,3,4,0.025,0.0554974059135385,0.01650550727203569,0.02645536455630964,0.003869259783169614,400,1.25
1.01,0.990099009901,3.1,4,0.025,0.05556691975701537,0.01627746325301794,0.02725790547603045,0.003821560242258336,400,1.25
1.01,0.990099009901,3.2,4,0.025,0.05525040334580807,0.01614736754230096,0.02819873535657308,0.003722544773940798,400,1.25
1.01,0.990099009901,3.3,4,0.025,0.05465687435329873,0.0157731756395719,0.02918721033357977,0.003591406691034815,400,1.25
1.01,0.990099009901,3.4,4,0.025,0.05388438156797844,0.01504240972176187,0.03014048145477763,0.003440413114436361,400,1.25
1.01,0.990099009901,3.5,4,0.025,0.05292823465722175,0.01411965002318073,0.03100972373225286,0.003259529914594717,400,1.25
1.01,0.990099009901,3.6,4,0.025,0.05169237995751606,0.01319548240249338,0.03176816574543181,0.003028952936931051,400,1.25
1.01,0.990099009901,3.7,4,0.025,0.05011343225731592,0.01225722062682437,0.03237584098144074,0.002737291664527262,400,1.25
1.01,0.990099009901,3.8,4,0.025,0.04825432929815546,0.01114535800042376,0.03277749241719052,0.002386527696754806,400,1.25
1.01,0.990099009901,3.9,4,0.025,0.04626894176182557,0.009787736601842815,0.03293605078436674,0.001985013253748862,400,1.25
1.01,0.990099009901,4,4,0.025,0.04433103166228974,0.008305690888840261,0.03286157438253846,0.001544090969861702,400,1.25
1.01,0.990099009901,4.1,4,0.025,0.04256634529294132,0.006928511013320146,0.03260440251923225,0.001086681831208092,400,1.25
1.01,0.990099009901,4.2,4,0.025,0.04100171162953741,0.005838479815839129,0.03222152005515261,0.000654000721782142,400,1.25
1.01,0.990099009901,4.3,4,0.025,0.03957749265530816,0.005083170159293693,0.03175150302893982,0.0003268581328323625,400,1.25
1.01,0.990099009901,4.4,4,0.025,0.0382127285999524,0.004643465856707435,0.03120400660209824,0.0003765179672321918,400,1.25
1.01,0.990099009901,4.5,4,0.025,0.03689687331853252,0.004529134439891994,0.03057627464670914,0.0007212293136969538,400,1.25
1.01,0.990099009901,4.6,4,0.025,0.03573997923951882,0.00470278430642236,0.02988031738313052,0.001140191362352685,400,1.25
1.01,0.990099009901,4.7,4,0.025,0.03489253324639183,0.004983283059784275,0.02915640403222197,0.001580221680850693,400,1.25
1.01,0.990099009901,4.8,4,0.025,0.0343965354908264,0.005190045578376502,0.02846354812907196,0.00200262598753258,400,1.25
1.01,0.990099009901,4.9,4,0.025,0.03412110542548454,0.005301805499430987,0.02784961605183433,0.002379928006714764,400,1.25
1.01,0.990099009901,5,4,0.025,0.03387182450600099,0.005392684203381912,0.02733020848105354,0.002698506069648352,400,1.25
1.01,0.990099009901,5.1,4,0.025,0.03357570496279293,0.005495159662567108,0.026891486945558,0.002958956124371031,400,1.25
1.01,0.990099009901,5.2,4,0.025,0.0333258527801156,0.005569823990144246,0.02651031531367517,0.003164708217332717,400,1.25
1.01,0.990099009901,5.3,4,0.025,0.03323925915808434,0.005576386234887325,0.02618410224503247,0.003310081184529887,400,1.25
1.01,0.990099009901,5.4,4,0.025,0.02878903442213445,0.00844257966004037,0.02816192911566149,0.003458842355243601,400,1.5
1.01,0.990099009901,5.5,4,0.025,0.02899596319049093,0.008353810674226868,0.02812742466112207,0.003408347532231214,400,1.5
1.01,0.990099009901,5.6,4,0.025,0.02935846610120299,0.008036503726029575,0.02817191769478822,0.003248080555603173,400,1.5
1.01,0.990099009901,5.7,4,0.025,0.01863922749438367,0.005721982216229014,0.02664277429488329,0.00290018645761109,400,1.75
1.01,0.990099009901,5.8,4,0.025,0.01988535750543093,0.004703896526426721,0.02663037835750214,0.002669696008851971,400,1.75
1.01,0.990099009901,5.9,4,0.025,0.02190636892164349,0.003083863582934559,0.02647850909250057,0.00247679846463064,400,1.75
1.01,0.990099009901,6,4,0.025,0.02308422761097741,0.002128419469530885,0.02618549209230037,0.002320597126998308,400,1.75
1.01,0.990099009901,6.1,4,0.025,0.02280267900299376,0.002485575611097616,0.02573918788422881,0.002205971810743146,400,1.75
1.01,0.990099009901,6.2,4,0.025,0.02194302739890375,0.003708478796013832,0.02511164535481195,0.002174291947542053,400,1.75
1.01,0.990099009901,6.3,4,0.025,0.02178203134077268,0.00414020965911165,0.02429929878785092,0.002278570016055078,400,1.75
1.01,0.990099009901,6.4,4,0.025,0.0227129493769511,0.003304556804940197,0.02338222835199334,0.002518222203356453,400,1.75
1.01,0.990099009901,6.5,4,0.025,0.0241173218774841,0.002075153594697548,0.02250247194039361,0.002816933426841587,400,1.75
1.01,0.990099009901,6.6,4,0.025,0.02520883249170005,0.001476637919767937,0.02177215707008482,0.003080048129263548,400,1.75
1.01,0.990099009901,6.7,4,0.025,0.02576483390679627,0.001441251984847216,0.02120728501178179,0.00326248952833984,400,1.75
1.01,0.990099009901,6.8,4,0.025,0.02609086724193859,0.001486244848520381,0.02074121928545237,0.003387803554717209,400,1.75
1.01,0.990099009901,6.9,4,0.025,0.0256897616510353,0.001199140241560627,0.02176129247190817,0.004112967995249125,400,2
1.01,0.990099009901,7,4,0.025,0.02629545316072496,0.001765038302319308,0.02127787879269589,0.004171585084033569,400,2
1.01,0.990099009901,7.1,4,0.025,0.02683079479534614,0.002394863686458937,0.0209298927507259,0.004178151721251171,400,2
1.01,0.990099009901,7.2,4,0.025,0.02707392459980656,0.002834093688813992,0.02080535744549857,0.004095428480431195,400,2
1.01,0.990099009901,7.3,4,0.025,0.02690817235733359,0.002996824752996297,0.02090791693835104,0.00394336194212171,400,2
1.01,0.990099009901,7.4,4,0.025,0.02638592005431189,0.002945404418169313,0.02112143722387225,0.003767170857476951,400,2
1.01,0.990099009901,7.5,4,0.025,0.02570880489900523,0.002832577302066552,0.02128325011068394,0.003583427889774069,400,2
1.01,0.990099009901,7.6,4,0.025,0.02510510433905195,0.002799956178874271,0.02131180940884938,0.00338378802549547,400,2
1.01,0.990099009901,7.7,4,0.025,0.02467402561698807,0.002883377591752934,0.02125280004416031,0.00317630202003143,400,2
1.01,0.990099009901,7.8,4,0.025,0.02435054830053624,0.003015773724999628,0.02119398334442246,0.002988422005085875,400,2
1.01,0.990099009901,7.9,4,0.025,0.02403277043448095,0.00310631059229956,0.02115504400432127,0.002840830046296658,400,2
1.01,0.990099009901,8,4,0.025,0.02371716404025105,0.003145468215691086,0.02106418558511345,0.002728202837020146,400,2
1.01,0.990099009901,8.1,4,0.025,0.01783510727900965,0.004760888875450177,0.02499007967356106,0.002642233344714159,400,2.25
1.01,0.990099009901,8.2,4,0.025,0.018026400565291,0.004428090285532751,0.02501299293825877,0.003083223215719853,400,2.25
1.01,0.990099009901,8.3,4,0.025,0.01824146010969872,0.003978533462223142,0.02466445841377648,0.003231710910657578,400,2.25
1.01,0.990099009901,8.4,4,0.025,0.01859395639912206,0.003426581600690334,0.0243459040535043,0.003343786349843241,400,2.25
1.01,0.990099009901,8.5,4,0.025,0.0186978953792875,0.003121326738629371,0.02443291435022466,0.003746483089652123,400,2.5
1.01,0.990099009901,8.6,4,0.025,0.01955531405225484,0.002645337973539376,0.02444890932699205,0.004080678222220558,400,2.5
1.01,0.990099009901,8.7,4,0.025,0.02054789967632648,0.002670799224323577,0.02424820043681028,0.004253817875544959,400,2.5
1.01,0.990099009901,8.8,4,0.025,0.02053558252487553,0.003313650549548275,0.022123881118123,0.004635251990129308,400,2.75
1.01,0.990099009901,8.9,4,0.025,0.0213515465603966,0.00411985078626533,0.02141630316641665,0.004276860798513397,400,2.75
1.01,0.990099009901,9,4,0.025,0.02197072214874836,0.004893623029041216,0.0207415817558166,0.003927295525511303,400,2.75
1.01,0.990099009901,9.1,4,0.025,0.02238604819594595,0.005542566191688517,0.02017470662552462,0.003700849057560952,400,2.75
1.01,0.990099009901,9.2,4,0.025,0.02260853522491621,0.006022083952050039,0.019669777953155,0.00356821059188441,400,2.75
1.01,0.990099009901,9.3,4,0.025,0.02267782435436541,0.006356485294574235,0.01921865476498031,0.003483607061978713,400,2.75
1.01,0.990099009901,9.4,4,0.025,0.02253086838901409,0.006497745376736645,0.0196129189577495,0.004056853674912297,400,3
1.01,0.990099009901,9.5,4,0.025,0.02233335076174268,0.006602137330198716,0.01917084533112991,0.003912763105150114,400,3
1.01,0.990099009901,9.6,4,0.025,0.02205632765683607,0.006628546174370084,0.01902818834922349,0.004056123010207216,400,3
1.01,0.990099009901,9.7,4,0.025,0.02170200765248858,0.006557012718126811,0.01893868745840087,0.004311306062674316,400,3
1.01,0.990099009901,9.8,4,0.025,0.02128696627684733,0.006408968129378381,0.01872729336691689,0.004487135985175628,400,3
1.01,0.990099009901,9.9,4,0.025,0.02084938503350922,0.006229666991613488,0.01854508479488471,0.00446281174986249,400,3.25
1.01,0.990099009901,10,4,0.025,0.02034782337627093,0.006083610680593983,0.01826288813325948,0.004422692609744141,400,3.25
1.01,0.990099009901,10.1,4,0.025,0.019875901839621,0.005956233486271893,0.01803829124116094,0.004391921380560786,400,3.25
1.01,0.990099009901,10.2,4,0.025,0.01948929247520323,0.005838154165912247,0.01783064325093638,0.004407671683780522,400,3.25
1.01,0.990099009901,10.3,4,0.025,0.01919399112244272,0.005728247722689379,0.01760029239087012,0.004431422457002601,400,3.25
1.01,0.990099009901,10.4,4,0.025,0.0189270389027932,0.005633044695448198,0.01735117077646998,0.004403890758161636,400,3.25
1.01,0.990099009901,10.5,4,0.025,0.01860826167924415,0.00554412103397319,0.01714486901524593,0.0043283089064942,400,3.25
1.01,0.990099009901,10.6,4,0.025,0.01820767505617672,0.005430990806337485,0.0168169939644746,0.004252682600999066,400,3.5
1.01,0.990099009901,10.7,4,0.025,0.01780752446018901,0.005273844715269867,0.01677510002824246,0.00426735214942087,400,3.5
1.01,0.990099009901,10.8,4,0.025,0.01743052420989025,0.005067601538025941,0.01674915038530115,0.004348105698022934,400,3.5
1.01,0.990099009901,10.9,4,0.025,0.01707670872812913,0.00483793558626702,0.01667962615461943,0.004431047800396789,400,3.5
1.01,0.990099009901,11,4,0.025,0.01669028074494228,0.004615304439575683,0.01654252694798952,0.004445913604903746,400,3.5
1.01,0.990099009901,11.1,4,0.025,0.0162579835853456,0.004413857503896726,0.01634301284311897,0.004366958508717505,400,3.5
1.01,0.990099009901,11.2,4,0.025,0.01584557214774037,0.004228275489599603,0.01608968487535726,0.004230664775677187,400,3.5
1.01,0.990099009901,11.3,4,0.025,0.0155111154572576,0.004080057764890976,0.01613264841527194,0.003937342598961733,400,3.75
1.01,0.990099009901,11.4,4,0.025,0.01538169137523367,0.003929412129749071,0.01591222521839013,0.003840851133344817,400,3.75
1.01,0.990099009901,11.5,4,0.025,0.01528936634864518,0.003829300793101876,0.01565274112940522,0.003819742145516829,400,3.75
1.01,0.990099009901,11.6,4,0.025,0.01511546166409755,0.003770261170892365,0.01538624217956292,0.003798674748102969,400,3.75
1.01,0.990099009901,11.7,4,0.025,0.01486653706211583,0.00371306303900735,0.01516235375779153,0.003704784585387884,400,3.75
1.01,0.990099009901,11.8,4,0.025,0.01466296155004254,0.003640012916070529,0.01499996663637842,0.003550935658513853,400,3.75
1.01,0.990099009901,11.9,4,0.025,0.01460018437081191,0.003573511850812739,0.01487002587794721,0.003415260169501201,400,3.75
1.01,0.990099009901,12,4,0.025,0.01563710201023987,0.002988604733728767,0.01656967902546728,0.002827151678609387,400,4
1.01,0.990099009901,0,8,0.025,0.0497335529492554,0,0.03093052807696134,1.311327688828617e-18,400,0
1.01,0.990099009901,0.1,8,0.025,0.04962233961354517,2.622655377657235e-18,0.0308618941848925,1.311327688828617e-18,372,0
1.01,0.990099009901,0.2,8,0.025,0.04951145384969275,2.622655377657235e-18,0.03079472706891811,1.311327688828617e-18,357,0
1.01,0.990099009901,0.3,8,0.025,0.04940293311752589,0,0.03072897258944762,2.622655377657235e-18,352,0
1.01,0.990099009901,0.4,8,0.025,0.04929707698662307,2.622655377657235e-18,0.03066487724509131,0,350,0
1.01,0.990099009901,0.5,8,0.025,0.04919493643951816,0,0.03060303366946279,0,350,0
1.01,0.990099009901,0.6,8,0.025,0.04909697966347398,2.622655377657235e-18,0.03054376842660875,1.311327688828617e-18,349,0
1.01,0.990099009901,0.7,8,0.025,0.04900883308667036,5.120251507269822e-06,0.03042609637637041,6.131931218674107e-05,347,0.125
1.01,0.990099009901,0.8,8,0.025,0.04892199836650013,6.237109344789382e-06,0.03037396238719998,6.041396308580472e-05,347,0.125
1.01,0.990099009901,0.9,8,0.025,0.04884431437200663,1.015556235807718e-05,0.03032765460427852,5.762849985502509e-05,347,0.125
1.01,0.990099009901,1,8,0.025,0.04878978588175269,2.090390863425692e-05,0.03031349171887233,6.040063107691577e-05,347,0.25
1.01,0.990099009901,1.1,8,0.025,0.04874192612955522,3.85808914235552e-05,0.03028585030356152,4.9822735062483e-05,347,0.25
1.01,0.990099009901,1.2,8,0.025,0.04871496984400794,7.030030511904361e-05,0.03027264998547321,3.26253763934084e-05,350,0.25
1.01,0.990099009901,1.3,8,0.025,0.04871262259753829,0.0001196870800577836,0.03027689479941516,2.638882072964765e-05,369,0.25
1.01,0.990099009901,1.4,8,0.025,0.04873821411201069,0.0001899392656804311,0.03030079698596991,6.723789807281782e-05,399,0.25
1.01,0.990099009901,1.5,8,0.025,0.04879382233526738,0.0002827041589658129,0.03034501205787016,0.0001340757986739693,400,0.25
1.01,0.990099009901,1.6,8,0.025,0.04887882891249833,0.0003976986104329276,0.03040873248011306,0.0002212421953339593,400,0.25
1.01,0.990099009901,1.7,8,0.025,0.04899016294592727,0.0005333378845412629,0.03049021032112278,0.0003283222813282601,400,0.25
1.01,0.990099009901,1.8,8,0.025,0.04984651740806838,0.0009257541760588318,0.03051833733775924,0.0004685789919470933,400,0.375
1.01,0.990099009901,1.9,8,0.025,0.05003683973696146,0.001066949138559836,0.03062767057402902,0.0006090587730424531,400,0.375
1.01,0.990099009901,2,8,0.025,0.05025950224077534,0.001235313124317924,0.03074111879978767,0.000759302749033796,400,0.375
1.01,0.990099009901,2.1,8,0.025,0.05049235452483755,0.001413410346397029,0.03084789909073229,0.0009096592676229633,400,0.375
1.01,0.990099009901,2.2,8,0.025,0.05070637584300375,0.001583901591772418,0.03093810734566853,0.001049466568219998,400,0.375
1.01,0.990099009901,2.3,8,0.025,0.05087358532158021,0.001733408746922855,0.0310049281982311,0.001169130389568976,400,0.375
1.01,0.990099009901,2.4,8,0.025,0.05097370814156019,0.001854825391220703,0.03104431814356874,0.00126200242451332,400,0.375
1.01,0.990099009901,2.5,8,0.025,0.05099069343563298,0.001944554713443179,0.03105271953963227,0.001324859933440689,400,0.375
1.01,0.990099009901,2.6,8,0.025,0.05090668891271538,0.001998961124368249,0.03102805840412607,0.001360108258033765,400,0.375
1.01,0.990099009901,2.7,8,0.025,0.05070233859175926,0.00201514149216726,0.03096877410505598,0.001374737698864572,400,0.375
1.01,0.990099009901,2.8,8,0.025,0.05098444817804573,0.002485848675915388,0.03067630857319492,0.001328457178631066,400,0.625
1.01,0.990099009901,2.9,8,0.025,0.04531260483699535,0.0053106232656795,0.02810157916727614,0.002015423797823882,400,0.75
1.01,0.990099009901,3,8,0.025,0.05097637843753236,0.007909505199725955,0.02743602123484796,0.002082516806673783,400,0.875
1.01,0.990099009901,3.1,8,0.025,0.05083356180477752,0.007855672694863555,0.02777569338489314,0.002079310618342328,400,0.875
1.01,0.990099009901,3.2,8,0.025,0.05049368413205398,0.007835878432124105,0.02819975894634445,0.002066562716656728,400,0.875
1.01,0.990099009901,3.3,8,0.025,0.05001909806419694,0.007701458295129664,0.02866127005654564,0.00205608622556695,400,0.875
1.01,0.990099009901,3.4,8,0.025,0.04946593000547043,0.007407610335096081,0.0291159003828658,0.002051490019301612,400,0.875
1.01,0.990099009901,3.5,8,0.025,0.04883426513685175,0.007028349036110694,0.02953670654583537,0.002044200768994748,400,0.875
1.01,0.990099009901,3.6,8,0.025,0.04259640513577148,0.008501239195451328,0.02620257376852585,0.004108457358598868,400,1
1.01,0.990099009901,3.7,8,0.025,0.04166570927014802,0.008107090917165879,0.02656221677622844,0.004066191324986959,400,1.125
1.01,0.990099009901,3.8,8,0.025,0.04134099004125986,0.007187623719070477,0.0269285265401645,0.003900526816533603,400,1.125
1.01,0.990099009901,3.9,8,0.025,0.04056755920959073,0.006443058761475583,0.02709724219496264,0.003766771473977768,400,1.125
1.01,0.990099009901,4,8,0.025,0.0392181804571434,0.006055336703437116,0.02696281081395197,0.003765286790297044,400,1.125
1.01,0.990099009901,4.1,8,0.025,0.03780226038201342,0.005878013727048797,0.02664057949761874,0.003831206527319169,400,1.125
1.01,0.990099009901,4.2,8,0.025,0.03688936958066025,0.005561831275540962,0.02632617620266619,0.003824969919056105,400,1.125
1.01,0.990099009901,4.3,8,0.025,0.03653552970348894,0.005012214428863687,0.02672129199024885,0.003637406842074252,400,1.25
1.01,0.990099009901,4.4,8,0.025,0.03654983361898666,0.004549122861291053,0.026444050313905,0.003498588928194838,400,1.375
1.01,0.990099009901,4.5,8,0.025,0.03790388130809332,0.005279462623925928,0.02740058902858388,0.003923283350285682,400,1.5
1.01,0.990099009901,4.6,8,0.025,0.03743727270574439,0.005260004811163762,0.02685582100899394,0.003892545540684449,400,1.5
1.01,0.990099009901,4.7,8,0.025,0.03720482608919532,0.005282719501208321,0.02614403065725398,0.003783062236601534,400,1.5
1.01,0.990099009901,4.8,8,0.025,0.03737959061321545,0.005271552302438387,0.02535967696913491,0.003592434468182282,400,1.5
1.01,0.990099009901,4.9,8,0.025,0.03779674748141209,0.005267711770952283,0.02455296505727709,0.00337741732602179,400,1.5
1.01,0.990099009901,5,8,0.025,0.03813658421178955,0.005316768766101975,0.0237634120334467,0.003197437198371173,400,1.5
1.01,0.990099009901,5.1,8,0.025,0.03824388580812638,0.005390074248116689,0.02305142340669131,0.003068085392735031,400,1.5
1.01,0.990099009901,5.2,8,0.025,0.03820182432434439,0.005432349167555924,0.02248593757031359,0.002967818625174882,400,1.5
1.01,0.990099009901,5.3,8,0.025,0.03814619981992445,0.005408744394694467,0.02211955585735211,0.002867951603714222,400,1.5
1.01,0.990099009901,5.4,8,0.025,0.03583962740723307,0.006380507770383994,0.02308468675570246,0.003017848723237793,400,1.625
1.01,0.990099009901,5.5,8,0.025,0.0357686941263436,0.006196559484714255,0.02319002702413788,0.002880408504628506,400,1.625
1.01,0.990099009901,5.6,8,0.025,0.03431786022251933,0.00604530772197446,0.02367690117573754,0.002684819822279133,400,1.75
1.01,0.990099009901,5.7,8,0.025,0.02878157052856897,0.006130389977595433,0.02299412566336645,0.002298051576936172,400,1.875
1.01,0.990099009901,5.8,8,0.025,0.02915383227235357,0.005433871311602806,0.02305140752742624,0.002128999298047382,400,1.875
1.01,0.990099009901,5.9,8,0.025,0.02986563760968642,0.004543929163634099,0.02308881137779345,0.001962467464477197,400,1.875
1.01,0.990099009901,6,8,0.025,0.03011674615344172,0.003914550135174956,0.02314306301933493,0.001783449429436754,400,1.875
1.01,0.990099009901,6.1,8,0.025,0.02962698720377764,0.00369715839291822,0.0231575339692799,0.001596188824896628,400,1.875
1.01,0.990099009901,6.2,8,0.025,0.02889360645608505,0.003802696317422493,0.0230716549361953,0.001421106924245601,400,1.875
1.01,0.990099009901,6.3,8,0.025,0.02860775281741996,0.003774063430804168,0.02286818999396283,0.001302293656803334,400,1.875
1.01,0.990099009901,6.4,8,0.025,0.02780098640561274,0.002977774338289851,0.02330924023231023,0.001537293450659911,400,2
1.01,0.990099009901,6.5,8,0.025,0.02522306916681665,0.00386257964459565,0.02269957769131726,0.001450767585293077,400,2.125
1.01,0.990099009901,6.6,8,0.025,0.02608416300030011,0.003622088452286084,0.02255359128321482,0.001567615049614687,400,2.125
1.01,0.990099009901,6.7,8,0.025,0.02296552789606607,0.003244415671093469,0.02584247731417252,0.003490391263839742,400,2.375
1.01,0.990099009901,6.8,8,0.025,0.02317092629698834,0.003208164322895825,0.02709410734356104,0.003935211266611569,400,2.5
1.01,0.990099009901,6.9,8,0.025,0.02317018265141043,0.002954869087605306,0.02755785784385007,0.003923686290099148,400,2.625
1.01,0.990099009901,7,8,0.025,0.02383970345938669,0.002763154353588168,0.02703515189020405,0.003867594419301146,400,2.625
1.01,0.990099009901,7.1,8,0.025,0.02461683676684834,0.002545934242763319,0.02653999131983848,0.00378157770055957,400,2.625
1.01,0.990099009901,7.2,8,0.025,0.02529525949359347,0.00230927923969586,0.02622485986377161,0.003664728161875307,400,2.625
1.01,0.990099009901,7.3,8,0.025,0.0256862698600464,0.002084902649938086,0.0260043162313576,0.003504498972836902,400,2.625
1.01,0.990099009901,7.4,8,0.025,0.02573029063888588,0.001913999460017515,0.02570938705347495,0.003307905502599552,400,2.625
1.01,0.990099009901,7.5,8,0.025,0.02550682628758563,0.001832028289073505,0.02530759817467988,0.003111510623485431,400,2.625
1.01,0.990099009901,7.6,8,0.025,0.02515492515373238,0.001834745788091466,0.02489422101063031,0.002924284336472985,400,2.625
1.01,0.990099009901,7.7,8,0.025,0.02484715949719295,0.00187213154168955,0.02454181202012163,0.002726493504722481,400,2.625
1.01,0.990099009901,7.8,8,0.025,0.02466329276574091,0.001903219272792726,0.02422992668474441,0.002531825290857205,400,2.625
1.01,0.990099009901,7.9,8,0.025,0.02451344065355546,0.001908586167147731,0.02387737865471089,0.002360672289120045,400,2.625
1.01,0.990099009901,8,8,0.025,0.02238381908348721,0.002434526795431683,0.02442887861300327,0.00244483550027105,400,2.75
1.01,0.990099009901,8.1,8,0.025,0.01934479109816974,0.00290095840877536,0.02596468802860162,0.002076692517836584,400,2.875
1.01,0.990099009901,8.2,8,0.025,0.01936829853526433,0.002651562409511124,0.02560612071167322,0.002148795412735989,400,2.875
1.01,0.990099009901,8.3,8,0.025,0.01749492494250956,0.002149888637547508,0.02416553631035461,0.001858792989131648,400,3
1.01,0.990099009901,8.4,8,0.025,0.01792038851313417,0.001859321671572301,0.02388078887255652,0.00187371222630091,400,3
1.01,0.990099009901,8.5,8,0.025,0.01824283724964629,0.001664813372823563,0.02382809049465365,0.002024495581670831,400,3.125
1.01,0.990099009901,8.6,8,0.025,0.01892027936939383,0.001437565063741009,0.02356670446231096,0.002147324501673716,400,3.125
1.01,0.990099009901,8.7,8,0.025,0.0196389632954332,0.001454340588520652,0.02301434608546095,0.002196493907282485,400,3.125
1.01,0.990099009901,8.8,8,0.025,0.01981905630899734,0.001726405352686913,0.02148282501269517,0.002285408882349461,400,3.25
1.01,0.990099009901,8.9,8,0.025,0.02037726968892078,0.002124417501495403,0.0208147732475738,0.002103099873420326,400,3.25
1.01,0.990099009901,9,8,0.025,0.02088901489250625,0.002517904693666423,0.02049457462443533,0.001960661934924039,400,3.375
1.01,0.990099009901,9.1,8,0.025,0.0212772009095277,0.00285234147304695,0.02020416917470102,0.001866477054178186,400,3.375
1.01,0.990099009901,9.2,8,0.025,0.02186268897917559,0.003094075258361271,0.02021452828672454,0.001811250074815452,400,3.5
1.01,0.990099009901,9.3,8,0.025,0.02194980509679529,0.003266255048486225,0.01988854771093066,0.001807416037093867,400,3.5
1.01,0.990099009901,9.4,8,0.025,0.02214335639494404,0.003370613770963462,0.0220408987643585,0.003226081612503621,400,3.75
1.01,0.990099009901,9.5,8,0.025,0.02194797953704127,0.00342567123728078,0.0215350070777907,0.003037576664378313,400,3.75
1.01,0.990099009901,9.6,8,0.025,0.02171018435882671,0.003446650084812674,0.02129513431921858,0.00295274421703374,400,3.75
1.01,0.990099009901,9.7,8,0.025,0.02142186873724018,0.003418621111228387,0.02120027978419169,0.002998117401294919,400,3.75
1.01,0.990099009901,9.8,8,0.025,0.02105617973780448,0.003342079572397899,0.02105734411144718,0.003080644102447828,400,3.75
1.01,0.990099009901,9.9,8,0.025,0.02061975988738319,0.003238974831649562,0.02085530081368295,0.003083366076229399,400,3.875
1.01,0.990099009901,10,8,0.025,0.02010721178718869,0.003148745548867901,0.02052739084698858,0.003042194929900619,400,3.875
1.01,0.990099009901,10.1,8,0.025,0.01958433141720445,0.003073645510673184,0.02016526758652408,0.00295494882234944,400,3.875
1.01,0.990099009901,10.2,8,0.025,0.01891061248205704,0.002995214689254529,0.01979760920061777,0.00287081911262386,400,4
1.01,0.990099009901,10.3,8,0.025,0.01847672702647943,0.002933729964917555,0.01951828131740494,0.002830915171225073,400,4
1.01,0.990099009901,10.4,8,0.025,0.01714003380030588,0.003021903991714364,0.01896645525487298,0.002744855723105564,400,4.125
1.01,0.990099009901,10.5,8,0.025,0.01684010088695126,0.002937883069127153,0.01863329341876462,0.002669962088186324,400,4.125
1.01,0.990099009901,10.6,8,0.025,0.01651207262114487,0.002848231673097547,0.01809761629351612,0.002563017925534127,400,4.25
1.01,0.990099009901,10.7,8,0.025,0.01619035381716492,0.002750142763559207,0.01768168284175127,0.002467045528313234,400,4.25
1.01,0.990099009901,10.8,8,0.025,0.01590107230096986,0.002632047781095249,0.01738219657992951,0.002406346985960231,400,4.25
1.01,0.990099009901,10.9,8,0.025,0.01565007733620557,0.0024989265935843,0.01717417011095761,0.002369365281042108,400,4.25
1.01,0.990099009901,11,8,0.025,0.01537927637419077,0.002365590317329839,0.01709954118185061,0.002336106902235069,400,4.375
1.01,0.990099009901,11.1,8,0.025,0.01514540724301427,0.002246309989140679,0.01679220849351194,0.002261410999363983,400,4.375
1.01,0.990099009901,11.2,8,0.025,0.01494870407533554,0.002145848593795377,0.01643747979067534,0.002166384784399495,400,4.375
1.01,0.990099009901,11.3,8,0.025,0.01480513786718269,0.002073761328854039,0.01627366071100084,0.002006904449905846,400,4.5
1.01,0.990099009901,11.4,8,0.025,0.0147763987107083,0.002008885371426469,0.01604748287833012,0.001936276741646499,400,4.5
1.01,0.990099009901,11.5,8,0.025,0.01477164717043409,0.001963699469722436,0.01584313918456049,0.001909009981180735,400,4.5
1.01,0.990099009901,11.6,8,0.025,0.01471835574276497,0.001931197974502102,0.01563267044623368,0.001894400047803324,400,4.5
1.01,0.990099009901,11.7,8,0.025,0.01460844532493778,0.001897594361124288,0.01542527739226935,0.001853675383093937,400,4.5
1.01,0.990099009901,11.8,8,0.025,0.01449432659711838,0.001858910001851714,0.01524090521537471,0.001785513047188019,400,4.5
1.01,0.990099009901,11.9,8,0.025,0.01443975120316226,0.001825064380394808,0.01507863654493995,0.001721884356774742,400,4.5
1.01,0.990099009901,12,8,0.025,0.01504272313788875,0.001557167689144925,0.01594152488145022,0.001447566981914039,400,4.75
1.01,0.990099009901,0,16,0.025,0.0497335529492554,0,0.03093052807696134,8.958073510310954e-19,400,0
1.01,0.990099009901,0.1,16,0.025,0.04941429762386119,0.000208041989683955,0.03106462805285516,0.0002027338679626682,372,0.0625
1.01,0.990099009901,0.2,16,0.025,0.04930430527322437,0.0002071485764683946,0.03099647786807517,0.0002017507991570544,357,0.0625
1.01,0.990099009901,0.3,16,0.025,0.0491965426919547,0.0002063904255711745,0.03092977855542124,0.0002008059659736215,352,0.0625
1.01,0.990099009901,0.4,16,0.025,0.0490913152104777,0.0002057617761453785,0.03086481713141676,0.0001999398863254422,363,0.0625
1.01,0.990099009901,0.5,16,0.025,0.04875093954244959,0.0003042883114650332,0.0310012502419962,0.0002720337117767786,400,0.125
1.01,0.990099009901,0.6,16,0.025,0.04865440993145853,0.0003032697955997774,0.03094019967213723,0.0002708141538885177,400,0.125
1.01,0.990099009901,0.7,16,0.025,0.04597065213013173,0.002983435969850714,0.02920629589477015,0.001658903228202122,400,0.3125
1.01,0.990099009901,0.8,16,0.025,0.04594951803230293,0.002940438955959158,0.02929697885410624,0.001516656036702124,400,0.3125
1.01,0.990099009901,0.9,16,0.025,0.04602556482258304,0.002827444936584286,0.02952349623232522,0.001247384012058596,400,0.3125
1.01,0.990099009901,1,16,0.025,0.04630430328322018,0.002667907726776957,0.02953847017833154,0.001110573105287728,400,0.4375
1.01,0.990099009901,1.1,16,0.025,0.04649197383054939,0.002493502748155725,0.02938291525899663,0.00123219430253241,400,0.4375
1.01,0.990099009901,1.2,16,0.025,0.04668051680216799,0.002333495186154597,0.02916204712339682,0.001431686927050622,400,0.4375
1.01,0.990099009901,1.3,16,0.025,0.046844819420951,0.002206663065129222,0.02911033274981378,0.001478903123106878,400,0.4375
1.01,0.990099009901,1.4,16,0.025,0.04697301908853078,0.002119661515813132,0.02928155547382708,0.001320533386617288,400,0.4375
1.01,0.990099009901,1.5,16,0.025,0.04705622698092527,0.002072815177988536,0.02953578687794835,0.001096185321373552,400,0.4375
1.01,0.990099009901,1.6,16,0.025,0.0470780919545021,0.002067888524241373,0.02972070641198188,0.0009589505218929271,400,0.4375
1.01,0.990099009901,1.7,16,0.025,0.04656847086384772,0.002202819698589424,0.03028886043354335,0.001091035137919048,400,0.5
1.01,0.990099009901,1.8,16,0.025,0.046822736393208,0.002328672761840862,0.03032455988576123,0.001083700422231404,400,0.5625
1.01,0.990099009901,1.9,16,0.025,0.04670440323742297,0.002410972530739174,0.03044023465584712,0.001047164271009699,400,0.5625
1.01,0.990099009901,2,16,0.025,0.04660769261269139,0.002464140727115991,0.03059004710243802,0.0009928163266099527,400,0.5625
1.01,0.990099009901,2.1,16,0.025,0.04653769753475667,0.002476912260982404,0.03071802786783633,0.0009651183913862791,400,0.5625
1.01,0.990099009901,2.2,16,0.025,0.04645747047471608,0.002470759693568764,0.03077582107194558,0.0009853752801193601,400,0.5625
1.01,0.990099009901,2.3,16,0.025,0.0463209763745438,0.002476569340091832,0.03074550971213193,0.001040530889374435,400,0.5625
1.01,0.990099009901,2.4,16,0.025,0.04589833964015792,0.002489732678021109,0.03192684416751242,0.002154284408895051,400,0.625
1.01,0.990099009901,2.5,16,0.025,0.04565176280210798,0.002540847645615729,0.03174383263262996,0.002179672610160474,400,0.625
1.01,0.990099009901,2.6,16,0.025,0.04447582903855837,0.003216129566350128,0.03215088138716537,0.002042922721009787,400,0.6875
1.01,0.990099009901,2.7,16,0.025,0.04435476546031257,0.003139244821406151,0.03183269418286059,0.001985934654748763,400,0.75
1.01,0.990099009901,2.8,16,0.025,0.04437535587012409,0.003204722773506995,0.03151122761225421,0.001915298277594418,400,0.875
1.01,0.990099009901,2.9,16,0.025,0.04155477005572323,0.003600187387737145,0.03008024424647564,0.00205218488707054,400,0.9375
1.01,0.990099009901,3,16,0.025,0.04453034984137223,0.004713673320108026,0.02963177726746597,0.002020326313852742,400,1
1.01,0.990099009901,3.1,16,0.025,0.04467826314402566,0.004603835172349537,0.02967275816101512,0.001907393975578387,400,1
1.01,0.990099009901,3.2,16,0.025,0.04474395931399781,0.004508351310695332,0.02969477797420592,0.001760095314151946,400,1
1.01,0.990099009901,3.3,16,0.025,0.04473817580894556,0.004376134450038584,0.02965672762302429,0.00160230565799877,400,1
1.01,0.990099009901,3.4,16,0.025,0.04447851595365421,0.004236079714687982,0.0295154895180544,0.001461114191173989,400,1.0625
1.01,0.990099009901,3.5,16,0.025,0.0443890564893119,0.004012567532697082,0.02974272476453322,0.001379762828352468,400,1.0625
1.01,0.990099009901,3.6,16,0.025,0.04145861901476373,0.004478333350246083,0.0281169148302161,0.002235384016199366,400,1.125
1.01,0.990099009901,3.7,16,0.025,0.04111547642985498,0.004287490362452823,0.02828363702360014,0.002182538172600916,400,1.1875
1.01,0.990099009901,3.8,16,0.025,0.04100019753573989,0.003883306397271024,0.02838149521174776,0.002073369665021293,400,1.1875
1.01,0.990099009901,3.9,16,0.025,0.04132971580261555,0.003464903678879364,0.02821758350945783,0.002006168651877341,400,1.25
1.01,0.990099009901,4,16,0.025,0.04060810801829941,0.003324233927949725,0.02804768171157603,0.001995362296876681,400,1.25
1.01,0.990099009901,4.1,16,0.025,0.03982188451176424,0.003288696351853825,0.02785142198872415,0.002023753990805869,400,1.25
1.01,0.990099009901,4.2,16,0.025,0.0362311417036397,0.003871665562555617,0.03002337841339875,0.003228637764072927,400,1.3125
1.01,0.990099009901,4.3,16,0.025,0.03592600444854945,0.003653711558112555,0.03025249601084809,0.00316779198709748,400,1.375
1.01,0.990099009901,4.4,16,0.025,0.03689355838620152,0.00350291104238161,0.03011849489675952,0.003155616854294698,400,1.5
1.01,0.990099009901,4.5,16,0.025,0.03760498948387781,0.003630643925203218,0.03048060402172146,0.003236984761034356,400,1.5625
1.01,0.990099009901,4.6,16,0.025,0.03739658755629158,0.003521594281966896,0.03001385963517319,0.003214553229879619,400,1.5625
1.01,0.990099009901,4.7,16,0.025,0.03723477340395127,0.003446039081932308,0.02943952316057544,0.003144265559117133,400,1.5625
1.01,0.990099009901,4.8,16,0.025,0.03718871312515509,0.003385785008931634,0.02884162014453102,0.003036453148589429,400,1.5625
1.01,0.990099009901,4.9,16,0.025,0.03719807405966764,0.003359983350728897,0.02823369075383959,0.002919730387604503,400,1.5625
1.01,0.990099009901,5,16,0.025,0.03730876205676829,0.003328260159507991,0.02769405963175692,0.002794192137927587,400,1.625
1.01,0.990099009901,5.1,16,0.025,0.03710698749188392,0.003376584386565373,0.02701732312784042,0.002678192454703546,400,1.625
1.01,0.990099009901,5.2,16,0.025,0.03708245495768642,0.003510388309846687,0.02615186045065748,0.002515604446784794,400,1.6875
1.01,0.990099009901,5.3,16,0.025,0.03675592291081224,0.003552724580063886,0.02558718039583277,0.002337487011238144,400,1.6875
1.01,0.990099009901,5.4,16,0.025,0.03531973096891534,0.003937011795231368,0.02572981640119886,0.002187084815655946,400,1.75
1.01,0.990099009901,5.5,16,0.025,0.0350521133574449,0.003899583858608845,0.02548354841924186,0.00202464578380195,400,1.75
1.01,0.990099009901,5.6,16,0.025,0.03415217011086744,0.003853679359682248,0.02544020050749637,0.001860812448952388,400,1.8125
1.01,0.990099009901,5.7,16,0.025,0.03124653521742537,0.003937583475643357,0.02480727040438106,0.001684251953714647,400,1.875
1.01,0.990099009901,5.8,16,0.025,0.03119524873736994,0.003683901340765949,0.02474277704844535,0.001491666799744594,400,1.9375
1.01,0.990099009901,5.9,16,0.025,0.03224359209176336,0.003730222217591396,0.02497901219346758,0.00161785046211009,400,2
1.01,0.990099009901,6,16,0.025,0.03380280211049333,0.00342990703517067,0.02335624377393896,0.002002980416099376,400,2.125
1.01,0.990099009901,6.1,16,0.025,0.03305878595270316,0.003187043404949091,0.02336790880933003,0.001978550546676651,400,2.125
1.01,0.990099009901,6.2,16,0.025,0.03205240080747176,0.00301466170521886,0.02337580364741377,0.001944734169747816,400,2.125
1.01,0.990099009901,6.3,16,0.025,0.03134929432110658,0.002868018102494853,0.02335313786449128,0.001887307953700584,400,2.1875
1.01,0.990099009901,6.4,16,0.025,0.03037211451148506,0.002568706372390043,0.02368132253267019,0.001872748823819327,400,2.25
1.01,0.990099009901,6.5,16,0.025,0.02857067216319011,0.0028940290788706,0.02346285261441307,0.001798608572935334,400,2.3125
1.01,0.990099009901,6.6,16,0.025,0.02848314646873154,0.002759457882707858,0.02345610099189322,0.001753692748610407,400,2.3125
1.01,0.990099009901,6.7,16,0.025,0.02641708953350205,0.002677212237580745,0.02526473653334609,0.002224581836806039,400,2.5
1.01,0.990099009901,6.8,16,0.025,0.02601503707546042,0.002573243984677054,0.02594172298900633,0.002352608700347416,400,2.5625
1.01,0.990099009901,6.9,16,0.025,0.02541148286794733,0.002494480765275314,0.02614583456977321,0.002314739539603373,400,2.6875
1.01,0.990099009901,7,16,0.025,0.02628119475354611,0.002346633018480375,0.02557807288268175,0.002296389498721836,400,2.75
1.01,0.990099009901,7.1,16,0.025,0.02640911148225053,0.002247417065348015,0.02519363254637164,0.002225392698380742,400,2.75
1.01,0.990099009901,7.2,16,0.025,0.02652577432048921,0.002145585826041319,0.02491220465666949,0.002156882853489503,400,2.75
1.01,0.990099009901,7.3,16,0.025,0.02653701346582345,0.002066707697397266,0.02469880600749812,0.002085492003390256,400,2.75
1.01,0.990099009901,7.4,16,0.025,0.02640401466914647,0.002033647808565026,0.02443884037113395,0.002007106411570842,400,2.75
1.01,0.990099009901,7.5,16,0.025,0.0261570577627841,0.00204953900891983,0.02409743310843081,0.001930743048513093,400,2.75
1.01,0.990099009901,7.6,16,0.025,0.02587888903818245,0.002099205779444746,0.02374451720983113,0.001858686943396015,400,2.75
1.01,0.990099009901,7.7,16,0.025,0.0256817083279352,0.00215939728201097,0.02345355902921378,0.001783359753098808,400,2.75
1.01,0.990099009901,7.8,16,0.025,0.02538967226329576,0.002062700857860477,0.02343020678061309,0.001780531826528813,400,2.8125
1.01,0.990099009901,7.9,16,0.025,0.02534879162968668,0.002100522187768732,0.02321519656013821,0.001716404262439596,400,2.8125
1.01,0.990099009901,8,16,0.025,0.02429431046969822,0.00228959201700516,0.02345799438475585,0.001750275878313226,400,2.875
1.01,0.990099009901,8.1,16,0.025,0.02274427046187026,0.002535012691635967,0.02419047025571484,0.001680060452645485,400,2.9375
1.01,0.990099009901,8.2,16,0.025,0.02266306783484386,0.002463040880867363,0.02388283982427954,0.001683299918621287,400,3
1.01,0.990099009901,8.3,16,0.025,0.02167283304665294,0.002446592134359383,0.02316469195763807,0.001559529886530984,400,3.0625
1.01,0.990099009901,8.4,16,0.025,0.02188502510642615,0.002349719290439549,0.02319341852330085,0.001524243383622944,400,3.125
1.01,0.990099009901,8.5,16,0.025,0.02197939266244502,0.002279389548914347,0.02315112702386813,0.001576290034810713,400,3.1875
1.01,0.990099009901,8.6,16,0.025,0.02223245197440741,0.002187441618247981,0.0230151813489412,0.001624989284382037,400,3.1875
1.01,0.990099009901,8.7,16,0.025,0.02249307815658114,0.002139858562010646,0.02273395067033158,0.001652033618334821,400,3.1875
1.01,0.990099009901,8.8,16,0.025,0.0224881676412789,0.002167188294599194,0.02193774405757759,0.001693446490810796,400,3.25
1.01,0.990099009901,8.9,16,0.025,0.0227761726352594,0.002206913223888194,0.02155683645335954,0.001643987404159537,400,3.3125
1.01,0.990099009901,9,16,0.025,0.02296390173413181,0.002276987736311545,0.0213094578805541,0.001606066099967456,400,3.375
1.01,0.990099009901,9.1,16,0.025,0.02326911639919682,0.002479847982841251,0.02092582556395516,0.001500137388803727,400,3.4375
1.01,0.990099009901,9.2,16,0.025,0.02345379924562247,0.002524307794515908,0.02090773947268894,0.001495585169086486,400,3.5
1.01,0.990099009901,9.3,16,0.025,0.02339185950355496,0.002559046705577577,0.02076854310051668,0.001505611206884328,400,3.5625
1.01,0.990099009901,9.4,16,0.025,0.02336445400404901,0.002577475080182627,0.02183878344957068,0.001970212518947799,400,3.6875
1.01,0.990099009901,9.5,16,0.025,0.02313900177975534,0.002587406208130822,0.02155184695724214,0.001890830511931692,400,3.6875
1.01,0.990099009901,9.6,16,0.025,0.02288020119026055,0.002581633055186263,0.02136564616964475,0.001848233806730261,400,3.6875
1.01,0.990099009901,9.7,16,0.025,0.02256681651138448,0.002552428161752857,0.02122451066657964,0.001851722329701978,400,3.6875
1.01,0.990099009901,9.8,16,0.025,0.02218706507131053,0.002501542741307391,0.02103984664903033,0.001866384147154969,400,3.6875
1.01,0.990099009901,9.9,16,0.025,0.02054749376125413,0.00264713963139108,0.02097350031545121,0.001881919729457313,400,3.8125
1.01,0.990099009901,10,16,0.025,0.02018550414672119,0.002566672255059375,0.02069833550759099,0.001851466963034609,400,3.8125
1.01,0.990099009901,10.1,16,0.025,0.01902306250957604,0.002557954478345391,0.02047152298133281,0.001817997524608571,400,3.875
1.01,0.990099009901,10.2,16,0.025,0.01872301499139045,0.002428476449159681,0.0200871787138429,0.00176449795530031,400,3.9375
1.01,0.990099009901,10.3,16,0.025,0.01854565164196152,0.002294866539048254,0.01969701442337856,0.001713619831071555,400,3.9375
1.01,0.990099009901,10.4,16,0.025,0.01790805517677112,0.00221473855746063,0.01916163966099539,0.001644523658438573,400,4
1.01,0.990099009901,10.5,16,0.025,0.01781765468436987,0.002089388538988793,0.01878531448808643,0.001590944660521608,400,4
1.01,0.990099009901,10.6,16,0.025,0.01777425833030762,0.001988794772352377,0.01836712019256053,0.001538345438538419,400,4.0625
1.01,0.990099009901,10.7,16,0.025,0.01776798325293872,0.001916744731922235,0.01803584680401268,0.001494711547600805,400,4.0625
1.01,0.990099009901,10.8,16,0.025,0.0177457502338516,0.001859039718547595,0.01776762574153423,0.001464009498043068,400,4.0625
1.01,0.990099009901,10.9,16,0.025,0.01766495452516165,0.00179969830334629,0.01755743910658725,0.00144512017018721,400,4.0625
1.01,0.990099009901,11,16,0.025,0.01749547671959744,0.001735358511703648,0.01744275763747388,0.001434963019584643,400,4.125
1.01,0.990099009901,11.1,16,0.025,0.01747920333284694,0.001651306976720933,0.01759640791704604,0.001407395006549949,400,4.1875
1.01,0.990099009901,11.2,16,0.025,0.01730478661428933,0.001599537299466418,0.01741403575594969,0.001396720332597057,400,4.1875
1.01,0.990099009901,11.3,16,0.025,0.01716836480481859,0.001566489352803029,0.01733187227835216,0.001363719891943811,400,4.25
1.01,0.990099009901,11.4,16,0.025,0.01709985009398328,0.001537255115795015,0.01733260203286497,0.001388067212993633,400,4.3125
1.01,0.990099009901,11.5,16,0.025,0.01719033610903138,0.001481041536850641,0.01723462911083599,0.001391851365678755,400,4.375
1.01,0.990099009901,11.6,16,0.025,0.01701727817041424,0.001429937195818828,0.01682306946573115,0.001349116260657146,400,4.4375
1.01,0.990099009901,11.7,16,0.025,0.01684319279194223,0.001395906609129398,0.01665366551755722,0.001336942128521152,400,4.4375
1.01,0.990099009901,11.8,16,0.025,0.01666042506131042,0.001367703147303881,0.01653557868943537,0.00131778036358352,400,4.4375
1.01,0.990099009901,11.9,16,0.025,0.01652241938993852,0.001349096484460739,0.01646041926581322,0.001309959285005884,400,4.4375
1.01,0.990099009901,12,16,0.025,0.01704084852691399,0.001240971192724079,0.01694245085785451,0.001210261619945635,400,4.625
1.02,0.980392156863,0,4,0.025,0.05931788826152622,0,0.02334965504120385,0,400,0
1.02,0.980392156863,0.1,4,0.025,0.05918426595370631,0,0.02329887715920341,0,369,0
1.02,0.980392156863,0.2,4,0.025,0.05905182418267028,0,0.0232492826494161,0,357,0
1.02,0.980392156863,0.3,4,0.025,0.05892140909361195,0,0.02320068397796992,0,353,0
1.02,0.980392156863,0.4,4,0.025,0.05879454784295845,0,0.02315350267718188,0,351,0
1.02,0.980392156863,0.5,4,0.025,0.05867214402169758,0,0.02310803582119487,0,351,0
1.02,0.980392156863,0.6,4,0.025,0.05855485882888485,0,0.02306449796298731,0,351,0
1.02,0.980392156863,0.7,4,0.025,0.05974649212694479,0.001303244437449501,0.02157072254136336,0.001452370901813875,349,0.25
1.02,0.980392156863,0.8,4,0.025,0.05964382105852473,0.001305762516739273,0.02157645140479571,0.001407729090413558,349,0.25
1.02,0.980392156863,0.9,4,0.025,0.0595692831385489,0.001328691800704969,0.02165407355447121,0.001294349622412905,348,0.25
1.02,0.980392156863,1,4,0.025,0.05953201288519958,0.001379953093436756,0.02179413269551929,0.001122275018688711,346,0.25
1.02,0.980392156863,1.1,4,0.025,0.05953880079737583,0.001465970557499927,0.02198467704634715,0.0009036065488490515,346,0.25
1.02,0.980392156863,1.2,4,0.025,0.05959202297762328,0.001589442129400025,0.02221522426661927,0.0006487509687960018,346,0.25
1.02,0.980392156863,1.3,4,0.025,0.05969336366813882,0.00175200367202063,0.02247540254947573,0.0003680831104908916,346,0.25
1.02,0.980392156863,1.4,4,0.025,0.05984887860417316,0.00195931168731911,0.02274663079627649,8.02902905779326e-05,344,0.25
1.02,0.980392156863,1.5,4,0.025,0.06006857531890425,0.002220488431279203,0.02299712724149364,0.0001823733087189042,352,0.25
1.02,0.980392156863,1.6,4,0.025,0.06035467783119697,0.00253744818821903,0.02319161617453137,0.0003843327129495963,368,0.25
1.02,0.980392156863,1.7,4,0.025,0.06068863417522004,0.002892170087761451,0.02331015652092204,0.0005058165791349978,390,0.25
1.02,0.980392156863,1.8,4,0.025,0.06261116000039973,0.003097749349263755,0.02317480546244457,0.0006335708983435305,400,0.5
1.02,0.980392156863,1.9,4,0.025,0.06300836897260635,0.003371721955234957,0.02316349568494528,0.0006097422484249052,400,0.5
1.02,0.980392156863,2,4,0.025,0.06339943442582215,0.003579197456241519,0.02309467122705536,0.0005169793508251631,400,0.5
1.02,0.980392156863,2.1,4,0.025,0.06377453662919216,0.003728212928044313,0.02295346817034929,0.0003383445038247981,400,0.5
1.02,0.980392156863,2.2,4,0.025,0.06412805196955354,0.003842912975132952,0.02273251402353784,0.0001039149506770832,400,0.5
1.02,0.980392156863,2.3,4,0.025,0.06442811854658728,0.003922410470337016,0.02245206542970158,0.0003595089242736463,400,0.5
1.02,0.980392156863,2.4,4,0.025,0.06460071915726172,0.003927614851743531,0.02215691488855744,0.0007901501243214898,400,0.5
1.02,0.980392156863,2.5,4,0.025,0.06455079020562635,0.003815618593144976,0.02189476669962783,0.001239582616286983,400,0.5
1.02,0.980392156863,2.6,4,0.025,0.06421678397193382,0.003595940272075898,0.02169808760604016,0.001674275550918413,400,0.5
1.02,0.980392156863,2.7,4,0.025,0.06361783465514149,0.003347129386690502,0.02158151767316906,0.002082364801605749,400,0.5
1.02,0.980392156863,2.8,4,0.025,0.06401743768064924,0.004245144072250895,0.02120168850342129,0.002285195499826457,400,0.75
1.02,0.980392156863,2.9,4,0.025,0.06006672004413056,0.005781894116758682,0.02344558525266097,0.0006609659934067672,400,1
1.02,0.980392156863,3,4,0.025,0.07344418492593195,0.01162914703432891,0.02223179381282345,0.001924274313530406,400,1.25
1.02,0.980392156863,3.1,4,0.025,0.07279247397809024,0.01188263841331554,0.02257223854203667,0.002087997713576365,400,1.25
1.02,0.980392156863,3.2,4,0.025,0.07059443008428851,0.01286810814521447,0.02297985408888073,0.002210033589237345,400,1.25
1.02,0.980392156863,3.3,4,0.025,0.06876096899380539,0.01323553116498185,0.02343448293407404,0.002287581485651447,400,1.25
1.02,0.980392156863,3.4,4,0.025,0.06838093469017213,0.01221089980689289,0.02391006729817198,0.002318649869139949,400,1.25
1.02,0.980392156863,3.5,4,0.025,0.06873336255582883,0.01067228770715758,0.02435178087228732,0.002306179710529255,400,1.25
1.02,0.980392156863,3.6,4,0.025,0.06812376347427604,0.009726162773866545,0.02467617408253797,0.002270171067818541,400,1.25
1.02,0.980392156863,3.7,4,0.025,0.06571234737215326,0.009245886549838411,0.02481534238213785,0.00224168996477228,400,1.25
1.02,0.980392156863,3.8,4,0.025,0.06222186884891601,0.008758551007651027,0.02477713039100101,0.002222448608620332,400,1.25
1.02,0.980392156863,3.9,4,0.025,0.05888392958622557,0.007955581737654337,0.02463002352480742,0.002161806758930062,400,1.25
1.02,0.980392156863,4,4,0.025,0.0562975164520058,0.006901299791160466,0.02442018566393632,0.002025789746432693,400,1.25
1.02,0.980392156863,4.1,4,0.025,0.05422131014953584,0.006059470994992114,0.0241430897294239,0.001851082298269464,400,1.25
1.02,0.980392156863,4.2,4,0.025,0.0520789089783581,0.005646460994862713,0.02378951568405164,0.001696408943480731,400,1.25
1.02,0.980392156863,4.3,4,0.025,0.04959328015181391,0.005511811307705716,0.02339154895443321,0.001562510248400421,400,1.25
1.02,0.980392156863,4.4,4,0.025,0.04694677557212509,0.005579682164728073,0.02300409303210971,0.001395088250890701,400,1.25
1.02,0.980392156863,4.5,4,0.025,0.04451881998017156,0.005838045933619766,0.02265746801347632,0.001176693289846499,400,1.25
1.02,0.980392156863,4.6,4,0.025,0.04262767661201865,0.00621895276785518,0.02234540271344482,0.000998689046705765,400,1.25
1.02,0.980392156863,4.7,4,0.025,0.04135929205803362,0.006577847896223375,0.02204787234201383,0.00100818749601421,400,1.25
1.02,0.980392156863,4.8,4,0.025,0.04053129808010357,0.006794847957575597,0.02176048973113165,0.001202136313324869,400,1.25
1.02,0.980392156863,4.9,4,0.025,0.03987181255659462,0.006903474097467334,0.02149677286784295,0.001454001380381001,400,1.25
1.02,0.980392156863,5,4,0.025,0.03924393488637769,0.007007944130208496,0.02126724673746735,0.001687279616898726,400,1.25
1.02,0.980392156863,5.1,4,0.025,0.03872058351810896,0.007124313343656599,0.0210659904770599,0.001881459782474956,400,1.25
1.02,0.980392156863,5.2,4,0.025,0.03846144958131829,0.007188611857335357,0.02087465296954841,0.002031751664454941,400,1.25
1.02,0.980392156863,5.3,4,0.025,0.03851965810265929,0.007159375407510579,0.02069194191526777,0.002126311724145303,400,1.25
1.02,0.980392156863,5.4,4,0.025,0.03406060621628319,0.01033591551817416,0.02308064061110801,0.003721440788791587,400,1.5
1.02,0.980392156863,5.5,4,0.025,0.03439947324411876,0.0102247446852422,0.02307192369610457,0.0036886742577616,400,1.5
1.02,0.980392156863,5.6,4,0.025,0.03488765630875998,0.009854555806345306,0.02308744091060558,0.003581420691161286,400,1.5
1.02,0.980392156863,5.7,4,0.025,0.02201340457855414,0.007343034839153184,0.02177432227975878,0.003577734811638001,400,1.75
1.02,0.980392156863,5.8,4,0.025,0.02351638215386823,0.006239030551082343,0.02170114109754691,0.003415884478614807,400,1.75
1.02,0.980392156863,5.9,4,0.025,0.02588366364945321,0.004496081484431332,0.02152498951505643,0.003274861876414301,400,1.75
1.02,0.980392156863,6,4,0.025,0.02723637066171409,0.00346232663561413,0.02123764343818133,0.003136685383352405,400,1.75
1.02,0.980392156863,6.1,4,0.025,0.02688673242110006,0.003661821647277935,0.02081562173647852,0.002981771299764232,400,1.75
1.02,0.980392156863,6.2,4,0.025,0.02586240475573708,0.004768636867830359,0.02024626521880509,0.002816741742623668,400,1.75
1.02,0.980392156863,6.3,4,0.025,0.02562191835640764,0.005061328517333579,0.01955487190576571,0.002683097446068932,400,1.75
1.02,0.980392156863,6.4,4,0.025,0.02660797332060994,0.003906728574878388,0.01882673699312927,0.002639734022081655,400,1.75
1.02,0.980392156863,6.5,4,0.025,0.0281153324120585,0.002207580752501421,0.01817456655905804,0.002699402098468063,400,1.75
1.02,0.980392156863,6.6,4,0.025,0.0292541005474049,0.001029809225599898,0.0176679175327676,0.002807520270303389,400,1.75
1.02,0.980392156863,6.7,4,0.025,0.02977204547742419,0.0005247559039341666,0.0173015165041863,0.002909011968458323,400,1.75
1.02,0.980392156863,6.8,4,0.025,0.03001231928425038,0.0002421620918486373,0.01702098710709812,0.002999387758332822,400,1.75
1.02,0.980392156863,6.9,4,0.025,0.02957712080536442,0.0009660886157896078,0.01829542961448003,0.004284601990643923,400,2
1.02,0.980392156863,7,4,0.025,0.03018074309070345,0.00177024198560781,0.0180316145130332,0.004287095576138058,400,2
1.02,0.980392156863,7.1,4,0.025,0.03079975923954038,0.00253319802086279,0.01790068988671355,0.004270705633332421,400,2
1.02,0.980392156863,7.2,4,0.025,0.03114838174235403,0.002971625018735293,0.01795847460190566,0.004233058012279783,400,2
1.02,0.980392156863,7.3,4,0.025,0.03100213573828782,0.00304051418233342,0.01818938273265459,0.004201599914155067,400,2
1.02,0.980392156863,7.4,4,0.025,0.03036459771804888,0.002848090037774742,0.01849371657948233,0.004186730825081266,400,2
1.02,0.980392156863,7.5,4,0.025,0.02951645402479138,0.002571874522804379,0.01874932785366375,0.004152399430288362,400,2
1.02,0.980392156863,7.6,4,0.025,0.02880722260012517,0.002372047031641251,0.01890886516024426,0.004060651944731663,400,2
1.02,0.980392156863,7.7,4,0.025,0.02837628964572631,0.002307013656211549,0.01901887646735234,0.00392988399529852,400,2
1.02,0.980392156863,7.8,4,0.025,0.02809085322869594,0.002313870653197176,0.01913160203113716,0.003809514627266924,400,2
1.02,0.980392156863,7.9,4,0.025,0.0277497983748134,0.002288203061887366,0.01923322842564494,0.003719448989320533,400,2
1.02,0.980392156863,8,4,0.025,0.02732085385409626,0.002234467144268931,0.01924922110651133,0.003632043402199804,400,2
1.02,0.980392156863,8.1,4,0.025,0.02048510557859404,0.004645389762902277,0.02247970862011834,0.002597140694792892,400,2.25
1.02,0.980392156863,8.2,4,0.025,0.02059194673166881,0.004153047851939007,0.02253116822762816,0.00265176383463693,400,2.25
1.02,0.980392156863,8.3,4,0.025,0.02075003014971424,0.003533697692059109,0.02230172620198148,0.002597093816876675,400,2.25
1.02,0.980392156863,8.4,4,0.025,0.02107174971192097,0.002749115958110635,0.02210590745277007,0.002547245764018003,400,2.25
1.02,0.980392156863,8.5,4,0.025,0.02124576021710578,0.002192389328807488,0.0219819019289632,0.002528972794068652,400,2.5
1.02,0.980392156863,8.6,4,0.025,0.02219171447796732,0.001390513118959214,0.02200989088189777,0.002626964225771839,400,2.5
1.02,0.980392156863,8.7,4,0.025,0.02331322483376918,0.001761132163676697,0.02185029439335628,0.002653899006384711,400,2.5
1.02,0.980392156863,8.8,4,0.025,0.02349769065848699,0.003267486998899039,0.01979325812477077,0.002966084858100944,400,2.75
1.02,0.980392156863,8.9,4,0.025,0.02443274043789075,0.004411161016865968,0.01931397843650141,0.002758242527461909,400,2.75
1.02,0.980392156863,9,4,0.025,0.02515760900244564,0.005429534719552347,0.01886866736853656,0.0025792948582176,400,2.75
1.02,0.980392156863,9.1,4,0.025,0.02566377801558248,0.006237014015925899,0.01848525720227861,0.00247673678259123,400,2.75
1.02,0.980392156863,9.2,4,0.025,0.02595449007247016,0.006801901336920151,0.01813591401362891,0.002431689185447005,400,2.75
1.02,0.980392156863,9.3,4,0.025,0.02606487934425278,0.007176877351919395,0.0178549290986451,0.002446457059506905,400,2.75
1.02,0.980392156863,9.4,4,0.025,0.02596143216652052,0.00736054797142948,0.01806996130310903,0.002784244284981939,400,3
1.02,0.980392156863,9.5,4,0.025,0.02575521388084947,0.007460377788423996,0.01791157838151264,0.002851991522427066,400,3
1.02,0.980392156863,9.6,4,0.025,0.02545385997251619,0.007458589263286373,0.01794213688741702,0.003090934634772924,400,3
1.02,0.980392156863,9.7,4,0.025,0.02504200269522687,0.007333241084514422,0.01795349445688288,0.003379602972833743,400,3
1.02,0.980392156863,9.8,4,0.025,0.02451660570274047,0.007117364904868143,0.01785505721415266,0.003603181365831517,400,3
1.02,0.980392156863,9.9,4,0.025,0.02389214107131305,0.006882875052054852,0.01781654144093308,0.003679224067434762,400,3.25
1.02,0.980392156863,10,4,0.025,0.02322800777548201,0.006663303563888465,0.01772524296386732,0.003779905678126302,400,3.25
1.02,0.980392156863,10.1,4,0.025,0.02260918103067502,0.006451983320225347,0.01768172252431255,0.003900540706889276,400,3.25
1.02,0.980392156863,10.2,4,0.025,0.02209092062855493,0.006241442466741021,0.01762038556117076,0.00405254866675236,400,3.25
1.02,0.980392156863,10.3,4,0.025,0.02166041553003706,0.006039687664316281,0.01749781379497573,0.004182517937899488,400,3.25
1.02,0.980392156863,10.4,4,0.025,0.0212509218834532,0.005856772375987694,0.01732182988905159,0.004229187308726214,400,3.25
1.02,0.980392156863,10.5,4,0.025,0.02079255703573635,0.005684476817968997,0.0171662119106289,0.004211119303503217,400,3.25
1.02,0.980392156863,10.6,4,0.025,0.02030802724844382,0.005490747923051365,0.0168870176124768,0.004214285782972507,400,3.5
1.02,0.980392156863,10.7,4,0.025,0.01982672657136635,0.005243517029469269,0.01688657948907189,0.004307420009633038,400,3.5
1.02,0.980392156863,10.8,4,0.025,0.01939291985621577,0.004942078880377126,0.01689322171630714,0.004449562925728384,400,3.5
1.02,0.980392156863,10.9,4,0.025,0.01899361406800415,0.00461629065619438,0.01683935654942884,0.004551792253638874,400,3.5
1.02,0.980392156863,11,4,0.025,0.01857231205365765,0.004308186739688471,0.01669365438513937,0.004543545594210762,400,3.5
1.02,0.980392156863,11.1,4,0.025,0.01811331276660241,0.004041679012073611,0.01646306401134513,0.004425053293277919,400,3.5
1.02,0.980392156863,11.2,4,0.025,0.0176807161555464,0.003809181049041039,0.01618064465700737,0.00426034166218991,400,3.5
1.02,0.980392156863,11.3,4,0.025,0.01728522309624378,0.00366942123501809,0.01623709124469199,0.003938240240383942,400,3.75
1.02,0.980392156863,11.4,4,0.025,0.01716364365186191,0.003473574347776985,0.01604969712729822,0.00382473402467667,400,3.75
1.02,0.980392156863,11.5,4,0.025,0.01709168646210189,0.003337073251498672,0.01584099459566959,0.003772529321532492,400,3.75
1.02,0.980392156863,11.6,4,0.025,0.01695164124787542,0.00325288404263612,0.01561361181524403,0.003708340235863118,400,3.75
1.02,0.980392156863,11.7,4,0.025,0.01673936864070043,0.003172193611834213,0.01540848621026068,0.00357419334500758,400,3.75
1.02,0.980392156863,11.8,4,0.025,0.01656550916534959,0.003065501276916085,0.01526576300367551,0.003394241535487843,400,3.75
1.02,0.980392156863,11.9,4,0.025,0.01652603232348644,0.00295248862008938,0.01517971999427128,0.003245605821813278,400,3.75
1.02,0.980392156863,12,4,0.025,0.01700724401210783,0.00278671712986463,0.01571384407513163,0.002994754297668626,400,4
1.02,0.980392156863,0,8,0.025,0.05931788826152622,0,0.02334965504120385,1.311327688828617e-18,400,0
1.02,0.980392156863,0.1,8,0.025,0.0591842659537063,2.622655377657235e-18,0.02329887715920341,0,369,0
1.02,0.980392156863,0.2,8,0.025,0.05905182418267029,2.622655377657235e-18,0.02324928264941611,1.311327688828617e-18,357,0
1.02,0.980392156863,0.3,8,0.025,0.05892140909361195,2.622655377657235e-18,0.02320068397796992,1.311327688828617e-18,353,0
1.02,0.980392156863,0.4,8,0.025,0.05879454784295845,0,0.02315350267718188,1.311327688828617e-18,351,0
1.02,0.980392156863,0.5,8,0.025,0.05867214402169758,2.622655377657235e-18,0.02310803582119487,1.311327688828617e-18,351,0
1.02,0.980392156863,0.6,8,0.025,0.05855485882888484,2.622655377657235e-18,0.02306449796298731,0,351,0
1.02,0.980392156863,0.7,8,0.025,0.05909486990822004,0.0006516222187247501,0.0222969079922703,0.0007261854509069375,349,0.125
1.02,0.980392156863,0.8,8,0.025,0.0589909398001551,0.0006528812583696365,0.02228031595000248,0.0007038645452067786,349,0.125
1.02,0.980392156863,0.9,8,0.025,0.05890493723819641,0.0006643459003524844,0.02230124836567766,0.0006471748112064526,348,0.125
1.02,0.980392156863,1,8,0.025,0.05886943172561744,0.0006865985151017797,0.02235813093867305,0.0005615533236895181,346,0.25
1.02,0.980392156863,1.1,8,0.025,0.05883291288551856,0.0007296073171866692,0.02243928750496468,0.0004522128360260939,346,0.25
1.02,0.980392156863,1.2,8,0.025,0.05882391390375669,0.0007913577989542881,0.02254223928074103,0.000324763067797049,346,0.25
1.02,0.980392156863,1.3,8,0.025,0.05884317361033714,0.0008726884505375366,0.0226614182760238,0.0001843339357099246,355,0.25
1.02,0.980392156863,1.4,8,0.025,0.05889367358286543,0.0009764627943399636,0.02278705364274813,4.018575683388332e-05,391,0.25
1.02,0.980392156863,1.5,8,0.025,0.05898038475396403,0.001107308848182778,0.02290254035598948,9.173415311962454e-05,400,0.25
1.02,0.980392156863,1.6,8,0.025,0.05910372814270657,0.001266307097821341,0.02298909837197515,0.0001939159708787192,400,0.25
1.02,0.980392156863,1.7,8,0.025,0.05925279193087539,0.001444657357552391,0.02303537678544207,0.0002569462649493645,400,0.25
1.02,0.980392156863,1.8,8,0.025,0.06019568043788486,0.001699943490503012,0.02295121170996373,0.0003073518227184451,400,0.375
1.02,0.980392156863,1.9,8,0.025,0.06037301491258167,0.001851677596012288,0.02292451192476345,0.0003020229891960288,400,0.375
1.02,0.980392156863,2,8,0.025,0.06054181725022142,0.001978418944569973,0.02286305728634658,0.0002695428715033761,400,0.375
1.02,0.980392156863,2.1,8,0.025,0.06069435859718779,0.002083712408296642,0.02275792084209349,0.0002143697911956671,400,0.375
1.02,0.980392156863,2.2,8,0.025,0.06082449418807867,0.002178205505636021,0.0226046896151072,0.0001870388156459785,400,0.375
1.02,0.980392156863,2.3,8,0.025,0.06091232342232883,0.002260597182578902,0.02241409942385346,0.0002848078855714611,400,0.375
1.02,0.980392156863,2.4,8,0.025,0.06091682311555174,0.002311384937305076,0.02221021976378661,0.0004698649062769565,400,0.375
1.02,0.980392156863,2.5,8,0.025,0.06078765087962157,0.002308595623696663,0.02201882638868955,0.0006806234054033014,400,0.375
1.02,0.980392156863,2.6,8,0.025,0.06049296302162461,0.00225460284206978,0.02185777751215951,0.0008910103294375037,400,0.375
1.02,0.980392156863,2.7,8,0.025,0.06004272910131821,0.002186025532555992,0.0217360962903475,0.001091942167028228,400,0.375
1.02,0.980392156863,2.8,8,0.025,0.06008897270128025,0.002635749384573758,0.02148553642635644,0.001212980254241397,400,0.625
1.02,0.980392156863,2.9,8,0.025,0.0579215406121838,0.003023023210181558,0.02255054856332422,0.0007973560571469409,400,0.75
1.02,0.980392156863,3,8,0.025,0.06440081099692709,0.006523194114087642,0.02189507132052746,0.001150663701477929,400,0.875
1.02,0.980392156863,3.1,8,0.025,0.06385198423968805,0.006654524252052761,0.02202789382446357,0.001253155025769703,400,0.875
1.02,0.980392156863,3.2,8,0.025,0.06252328780941072,0.006946663108053521,0.02220641208744393,0.001339182007195742,400,0.875
1.02,0.980392156863,3.3,8,0.025,0.06137944457933296,0.007054329112193279,0.02241941658304595,0.001408298109943402,400,0.875
1.02,0.980392156863,3.4,8,0.025,0.06097330964530639,0.006729021520981144,0.02265172091751703,0.00145992184734533,400,0.875
1.02,0.980392156863,3.5,8,0.025,0.0609471625010413,0.006296631469145772,0.02287403929910306,0.001492113972712123,400,0.875
1.02,0.980392156863,3.6,8,0.025,0.05383314682477459,0.009133698374729797,0.02023660165652244,0.003145373809482785,400,1
1.02,0.980392156863,3.7,8,0.025,0.05250142460191479,0.008772877889320033,0.02036864824171049,0.003102719295905731,400,1.125
1.02,0.980392156863,3.8,8,0.025,0.05141837007921791,0.00774319139470726,0.02050072751447188,0.002964338162517186,400,1.125
1.02,0.980392156863,3.9,8,0.025,0.04996686730056009,0.007025359147690628,0.02052163358043341,0.002853547614123044,400,1.125
1.02,0.980392156863,4,8,0.025,0.04820533594622771,0.006829496351361447,0.0203677283249486,0.00284468359294842,400,1.125
1.02,0.980392156863,4.1,8,0.025,0.04652919827261261,0.006888698072912634,0.02011048396180421,0.002885507133411117,400,1.125
1.02,0.980392156863,4.2,8,0.025,0.0452871961140612,0.006700133179986556,0.01987971053616405,0.002867599611695888,400,1.125
1.02,0.980392156863,4.3,8,0.025,0.04449960311667871,0.006119452523225238,0.02025526678230534,0.002761546006156954,400,1.25
1.02,0.980392156863,4.4,8,0.025,0.04415294773659305,0.005723890970962624,0.01994605235269424,0.002651143977137496,400,1.375
1.02,0.980392156863,4.5,8,0.025,0.04526245868281152,0.006598389855319874,0.02095918726573215,0.003051222695949678,400,1.5
1.02,0.980392156863,4.6,8,0.025,0.04439331390449248,0.006621333072126442,0.02073107224434054,0.003023034348131498,400,1.5
1.02,0.980392156863,4.7,8,0.025,0.04397591106590207,0.006674180521439562,0.02039513226227642,0.002939531995027601,400,1.5
1.02,0.980392156863,4.8,8,0.025,0.04408391412338772,0.006676785616389783,0.01999567134413123,0.00279872480891676,400,1.5
1.02,0.980392156863,4.9,8,0.025,0.04443099626609891,0.006678191009438104,0.01955549946588389,0.002640366964078752,400,1.5
1.02,0.980392156863,5,8,0.025,0.04465582045457393,0.006724513418794048,0.01910027509360176,0.002507100079471825,400,1.5
1.02,0.980392156863,5.1,8,0.025,0.04464398291990512,0.006773555605075657,0.01867620362838282,0.002409510319688314,400,1.5
1.02,0.980392156863,5.2,8,0.025,0.04452634747310821,0.006763366229667819,0.01833635067979758,0.00232988636241232,400,1.5
1.02,0.980392156863,5.3,8,0.025,0.04443871009170185,0.006668908213834808,0.0181242548739771,0.002244432410881746,400,1.5
1.02,0.980392156863,5.4,8,0.025,0.04201637330778051,0.007674080387202041,0.01933037587254799,0.002770900220308571,400,1.625
1.02,0.980392156863,5.5,8,0.025,0.04189816205169981,0.007420250062031092,0.01944420881210293,0.002668698836098159,400,1.625
1.02,0.980392156863,5.6,8,0.025,0.03764304022878451,0.008090665713414873,0.01915719086771069,0.002666341801102667,400,1.75
1.02,0.980392156863,5.7,8,0.025,0.03092454620219694,0.007794402338237623,0.01866820235097516,0.002454687089460417,400,1.875
1.02,0.980392156863,5.8,8,0.025,0.03139110665700083,0.0069506574330886,0.01881363471384433,0.002321876506724937,400,1.875
1.02,0.980392156863,5.9,8,0.025,0.03225932553260026,0.005911513979815692,0.01893559669124232,0.002181115412293939,400,1.875
1.02,0.980392156863,6,8,0.025,0.03257114143478551,0.005146782647464493,0.019026249292837,0.00202285415010743,400,1.875
1.02,0.980392156863,6.1,8,0.025,0.03204647837910152,0.004772335210285088,0.01904544992269449,0.001844970553819414,400,1.875
1.02,0.980392156863,6.2,8,0.025,0.03130142681539605,0.004703985711832781,0.01896991484922133,0.001655466763854857,400,1.875
1.02,0.980392156863,6.3,8,0.025,0.03110405742025203,0.004509845860042725,0.01883781068091367,0.001479207699620132,400,1.875
1.02,0.980392156863,6.4,8,0.025,0.03041413501495738,0.003404554843825175,0.01943208900271481,0.001556533527334912,400,2
1.02,0.980392156863,6.5,8,0.025,0.02721636240136659,0.004131180189995609,0.01812040787595295,0.001442359102608007,400,2.125
1.02,0.980392156863,6.6,8,0.025,0.02814780650168531,0.003867329621883026,0.01810869276885576,0.001496215828505467,400,2.125
1.02,0.980392156863,6.7,8,0.025,0.02423384983348777,0.003567244265840513,0.01995942290036995,0.003576837735037602,400,2.375
1.02,0.980392156863,6.8,8,0.025,0.02444382423366469,0.003548854149951619,0.0198630818507504,0.003713021102001982,400,2.5
1.02,0.980392156863,6.9,8,0.025,0.0244462489436082,0.0033981556530905,0.0205926085079789,0.003992488082836573,400,2.625
1.02,0.980392156863,7,8,0.025,0.02513928658819533,0.003321830093091645,0.02066835633388835,0.00401712633723802,400,2.625
1.02,0.980392156863,7.1,8,0.025,0.02596262824697161,0.003227892573655312,0.02078290207941765,0.004013476708251471,400,2.625
1.02,0.980392156863,7.2,8,0.025,0.02669841075454198,0.003055195382094902,0.0208687226546878,0.00400436426075358,400,2.625
1.02,0.980392156863,7.3,8,0.025,0.02716999994190633,0.002774630820786236,0.02097750458496697,0.003975012665590789,400,2.625
1.02,0.980392156863,7.4,8,0.025,0.02732726273457581,0.002440171839348886,0.02118318561086203,0.003872792738996917,400,2.625
1.02,0.980392156863,7.5,8,0.025,0.02721289293999747,0.002181573718027306,0.02145843686396175,0.003674311127063085,400,2.625
1.02,0.980392156863,7.6,8,0.025,0.02692852673817028,0.002072486184334105,0.02171649087090345,0.003410491306568507,400,2.625
1.02,0.980392156863,7.7,8,0.025,0.02663796995996833,0.002066110804157603,0.02190098119127275,0.003144457538103791,400,2.625
1.02,0.980392156863,7.8,8,0.025,0.02643322990181795,0.002068724039247388,0.02199116710332482,0.002934374464781402,400,2.625
1.02,0.980392156863,7.9,8,0.025,0.02624965287347725,0.002010213651908041,0.02196565145241252,0.00278830586347728,400,2.625
1.02,0.980392156863,8,8,0.025,0.02302118992596478,0.003478676032997548,0.02161769131118018,0.002656001527450519,400,2.75
1.02,0.980392156863,8.1,8,0.025,0.01958200869837159,0.003451239350372589,0.02333112959011721,0.002105047719602067,400,2.875
1.02,0.980392156863,8.2,8,0.025,0.01959652187496809,0.003074541834610571,0.0234656543037282,0.002020476962828112,400,2.875
1.02,0.980392156863,8.3,8,0.025,0.01760588907498616,0.002470132372111611,0.02205829890252263,0.001314694055283108,400,3
1.02,0.980392156863,8.4,8,0.025,0.01810906450907817,0.002071197277316421,0.02175404225420329,0.001304667072797777,400,3
1.02,0.980392156863,8.5,8,0.025,0.01864917841730372,0.001735771848022774,0.02152598126698341,0.001385080589111909,400,3.125
1.02,0.980392156863,8.6,8,0.025,0.01962744636243115,0.001495786878131021,0.02135319066489501,0.001460927645125854,400,3.125
1.02,0.980392156863,8.7,8,0.025,0.02068659933694542,0.001631954345107739,0.02101254835082604,0.001437360990484303,400,3.125
1.02,0.980392156863,8.8,8,0.025,0.02120247132211272,0.002087636351907858,0.01969018484182997,0.001502814829440299,400,3.25
1.02,0.980392156863,8.9,8,0.025,0.02199073853704116,0.002584947123006766,0.0192350032194034,0.001411310975996774,400,3.25
1.02,0.980392156863,9,8,0.025,0.0227628981883449,0.003062264741393689,0.01908873145062447,0.001398649248801003,400,3.375
1.02,0.980392156863,9.1,8,0.025,0.02328201834412269,0.003422385501237825,0.01891541727554424,0.001415870002796485,400,3.375
1.02,0.980392156863,9.2,8,0.025,0.0239853294452662,0.003633073960656766,0.01903925801421473,0.001479540297819673,400,3.5
1.02,0.980392156863,9.3,8,0.025,0.02417412605590412,0.003790691480426955,0.01881733181572397,0.001524267279410215,400,3.5
1.02,0.980392156863,9.4,8,0.025,0.02443954636399355,0.003919449419402414,0.01840819125507003,0.001559982761610373,400,3.75
1.02,0.980392156863,9.5,8,0.025,0.0241946727240336,0.003946610981206918,0.01820225373063184,0.001594931435490092,400,3.75
1.02,0.980392156863,9.6,8,0.025,0.02386425995504452,0.003933753239111196,0.01821952293240879,0.001719792926694966,400,3.75
1.02,0.980392156863,9.7,8,0.025,0.02348877942931762,0.003866663553221932,0.01826583464826351,0.00187458297588988,400,3.75
1.02,0.980392156863,9.8,8,0.025,0.02303845988444566,0.003749825437503239,0.01819232344623624,0.001993716991242264,400,3.75
1.02,0.980392156863,9.9,8,0.025,0.02247395852235482,0.003613578210763282,0.01807829025674778,0.002030707779994077,400,3.875
1.02,0.980392156863,10,8,0.025,0.02182009606130774,0.00348526838517078,0.01793092706183543,0.002055943862650096,400,3.875
1.02,0.980392156863,10.1,8,0.025,0.02115219791644282,0.003372926661402377,0.01783531269054812,0.002078696257867116,400,3.875
1.02,0.980392156863,10.2,8,0.025,0.02029791768295266,0.003273583439099836,0.01781015043659644,0.002137333248801035,400,4
1.02,0.980392156863,10.3,8,0.025,0.01974085271973365,0.003175292637902546,0.01780299718674483,0.002217411470600927,400,4
1.02,0.980392156863,10.4,8,0.025,0.01826440382072918,0.003286157271119161,0.01753247842421042,0.002198137186265493,400,4.125
1.02,0.980392156863,10.5,8,0.025,0.01783150563927217,0.003156601027696969,0.01735261997209238,0.002187211082861748,400,4.125
1.02,0.980392156863,10.6,8,0.025,0.01741131892241653,0.003023652442676764,0.01696892661891726,0.002137278501069496,400,4.25
1.02,0.980392156863,10.7,8,0.025,0.01703323367230802,0.002876848104552122,0.01673908779560301,0.002135710687381266,400,4.25
1.02,0.980392156863,10.8,8,0.025,0.01673155343362141,0.002708051324271776,0.01664440910066465,0.002186773136870799,400,4.25
1.02,0.980392156863,10.9,8,0.025,0.01648519095333735,0.002524036114117926,0.01660698350696718,0.002239174887341019,400,4.25
1.02,0.980392156863,11,8,0.025,0.01619646955571755,0.002345088948722254,0.0166250469561343,0.002258239853639481,400,4.375
1.02,0.980392156863,11.1,8,0.025,0.01598420850666316,0.002180863477274577,0.01635376798365259,0.002199391367586419,400,4.375
1.02,0.980392156863,11.2,8,0.025,0.01582687358387035,0.002038957541058841,0.01601951874140577,0.002110113256884765,400,4.375
1.02,0.980392156863,11.3,8,0.025,0.01571287003870937,0.001945182833616675,0.0159051406282327,0.001957773724228534,400,4.5
1.02,0.980392156863,11.4,8,0.025,0.01574059911932009,0.001848884991367561,0.01573805158526374,0.001900939203115191,400,4.5
1.02,0.980392156863,11.5,8,0.025,0.01577918877153294,0.001778895477593071,0.01558208089621975,0.001881391443091168,400,4.5
1.02,0.980392156863,11.6,8,0.025,0.0157632361960217,0.001725379087673292,0.01539409283983899,0.001863654887310868,400,4.5
1.02,0.980392156863,11.7,8,0.025,0.01568818333297013,0.001670388366514546,0.01519249598723229,0.001814084495515793,400,4.5
1.02,0.980392156863,11.8,8,0.025,0.01559434444513222,0.001608105912813933,0.01501973494924825,0.001738852064448333,400,4.5
1.02,0.980392156863,11.9,8,0.025,0.01553159735042804,0.001549253745995182,0.01488504313847541,0.001672830507869675,400,4.5
1.02,0.980392156863,12,8,0.025,0.01570878807583221,0.001504614173699592,0.01510431720612001,0.001565726794928494,400,4.75
1.02,0.980392156863,0,16,0.025,0.0593178882615262,5.374844106186573e-18,0.02334965504120385,8.958073510310954e-19,400,0
1.02,0.980392156863,0.1,16,0.025,0.05898381613546885,0.0002004498182374545,0.02347651797073887,0.0001776408115354512,369,0.0625
1.02,0.980392156863,0.2,16,0.025,0.05885223272734103,0.0001995914553292676,0.02342603584435202,0.0001767531949359131,357,0.0625
1.02,0.980392156863,0.3,16,0.025,0.05872256279428116,0.0001988462993308066,0.02337659770596213,0.000175913727992211,353,0.0625
1.02,0.980392156863,0.4,16,0.025,0.05859632271351924,0.0001982251294392052,0.02332864962760936,0.0001751469504274867,365,0.0625
1.02,0.980392156863,0.5,16,0.025,0.05824032505072357,0.0002961766003237715,0.02345698822789931,0.000238379881835124,400,0.125
1.02,0.980392156863,0.6,16,0.025,0.05812444184179101,0.0002951687081445447,0.02341187407220372,0.0002373030715615613,400,0.125
1.02,0.980392156863,0.7,16,0.025,0.055212885254722,0.003584736319307141,0.02180331227799604,0.001241651927662787,400,0.3125
1.02,0.980392156863,0.8,16,0.025,0.0551862821782739,0.003533784507215898,0.02188880664259976,0.001132995943541083,400,0.3125
1.02,0.980392156863,0.9,16,0.025,0.05527726824040942,0.003401023391777732,0.02209839873151936,0.0009275204687489761,400,0.3125
1.02,0.980392156863,1,16,0.025,0.05561280959026793,0.003215983915641797,0.02211914989594871,0.0008057756019161489,400,0.4375
1.02,0.980392156863,1.1,16,0.025,0.05583977665724287,0.003013820538715912,0.02204927472148189,0.000882068742078412,400,0.4375
1.02,0.980392156863,1.2,16,0.025,0.05606707179156753,0.002831324907107504,0.02193261815825697,0.001025364866948591,400,0.4375
1.02,0.980392156863,1.3,16,0.025,0.05626270201290012,0.002691332835866902,0.02195033278417576,0.001058267707373609,400,0.4375
1.02,0.980392156863,1.4,16,0.025,0.05641217333170705,0.002601519267219552,0.02213904363555302,0.0009350177145203177,400,0.4375
1.02,0.980392156863,1.5,16,0.025,0.05650721955889827,0.002561251877775459,0.02238053971154022,0.0007631283477670715,400,0.4375
1.02,0.980392156863,1.6,16,0.025,0.05653056255657615,0.002571405834770943,0.02254668488591283,0.000660329200933556,400,0.4375
1.02,0.980392156863,1.7,16,0.025,0.055942882503851,0.002733911388272274,0.02316236411810548,0.0008828005724557277,400,0.5
1.02,0.980392156863,1.8,16,0.025,0.05619761635193011,0.002881324697206835,0.0231418458011181,0.0008708817707798601,400,0.5625
1.02,0.980392156863,1.9,16,0.025,0.05601806848259425,0.002983241449482435,0.02317890706002879,0.0008300537097160121,400,0.5625
1.02,0.980392156863,2,16,0.025,0.05583694384422609,0.003041339678893753,0.02322136141690814,0.0007684829651479344,400,0.5625
1.02,0.980392156863,2.1,16,0.025,0.05566944664493974,0.003044172731063779,0.02322620990659183,0.0007173717565457883,400,0.5625
1.02,0.980392156863,2.2,16,0.025,0.05548124801520889,0.003024742493722843,0.02315878824069399,0.0006989521119101533,400,0.5625
1.02,0.980392156863,2.3,16,0.025,0.05521709117081928,0.003028316804536617,0.02301510752844806,0.0007161255374250517,400,0.5625
1.02,0.980392156863,2.4,16,0.025,0.05466370127994229,0.003058824540032509,0.02367016985182439,0.00150730337666648,400,0.625
1.02,0.980392156863,2.5,16,0.025,0.05422444961431279,0.003122464690618068,0.02343223183676514,0.001523230167187049,400,0.625
1.02,0.980392156863,2.6,16,0.025,0.05267054741826635,0.003901141694909693,0.02375432204380038,0.00146995335376219,400,0.6875
1.02,0.980392156863,2.7,16,0.025,0.05195623085715097,0.003980424204915191,0.02379491970745915,0.001472270726695751,400,0.75
1.02,0.980392156863,2.8,16,0.025,0.05186760077612888,0.00400406966986064,0.02359048053904233,0.001453652246940396,400,0.875
1.02,0.980392156863,2.9,16,0.025,0.05081958207453894,0.003833780457773188,0.02409857181910767,0.001291774848667695,400,0.9375
1.02,0.980392156863,3,16,0.025,0.05422874502900445,0.005019336402282086,0.02379403196472325,0.001335694757919152,400,1
1.02,0.980392156863,3.1,16,0.025,0.05422087381439807,0.004901985043056838,0.02389145102903465,0.001297666365611701,400,1
1.02,0.980392156863,3.2,16,0.025,0.05388319337025481,0.004789680925083906,0.0239779032047342,0.001249964504589499,400,1
1.02,0.980392156863,3.3,16,0.025,0.05367438104013429,0.004641543221084605,0.02403050626567058,0.001203343063023712,400,1
1.02,0.980392156863,3.4,16,0.025,0.05367879990596865,0.004440232592889419,0.02460710627457822,0.00132258035705747,400,1.0625
1.02,0.980392156863,3.5,16,0.025,0.05398481067267873,0.004200651802271884,0.02488470873200901,0.001382186046779817,400,1.0625
1.02,0.980392156863,3.6,16,0.025,0.05064296877240448,0.005008712880328894,0.02365361308054565,0.002059720128263639,400,1.125
1.02,0.980392156863,3.7,16,0.025,0.05008153835714929,0.004818852760269892,0.02373112185226728,0.002023385170627768,400,1.1875
1.02,0.980392156863,3.8,16,0.025,0.04954814991726186,0.00437196388056223,0.02376367401498767,0.001945523013341968,400,1.1875
1.02,0.980392156863,3.9,16,0.025,0.04958561950635716,0.003871680284639076,0.02359473323646827,0.001885529147750096,400,1.25
1.02,0.980392156863,4,16,0.025,0.04857790035605926,0.003811820670913533,0.0234240705217164,0.001849592848213943,400,1.25
1.02,0.980392156863,4.1,16,0.025,0.0475547803766425,0.003881639616261477,0.02320104196946934,0.001823063531004754,400,1.25
1.02,0.980392156863,4.2,16,0.025,0.04310747225261347,0.004657880728482716,0.02501252422575212,0.002702377303396101,400,1.3125
1.02,0.980392156863,4.3,16,0.025,0.04247739936151515,0.004440016140495111,0.02513048317046192,0.002633326980732898,400,1.375
1.02,0.980392156863,4.4,16,0.025,0.0433922782041034,0.004296605576288541,0.02492564515412192,0.002620059271004825,400,1.5
1.02,0.980392156863,4.5,16,0.025,0.04393951172839422,0.004485897972346592,0.02528157844671392,0.002645951850675318,400,1.5625
1.02,0.980392156863,4.6,16,0.025,0.04351263818497751,0.004382133119407066,0.0249611334487574,0.002610899777905836,400,1.5625
1.02,0.980392156863,4.7,16,0.025,0.04324938200396966,0.004312731541613289,0.02456732037777032,0.00254361449553935,400,1.5625
1.02,0.980392156863,4.8,16,0.025,0.04315832803965385,0.004259703382406539,0.02414875054000027,0.002452980801460333,400,1.5625
1.02,0.980392156863,4.9,16,0.025,0.04311791603538778,0.004241706624892715,0.02370995502064313,0.002357493476181425,400,1.5625
1.02,0.980392156863,5,16,0.025,0.04291891007610429,0.004283406101781382,0.02316060505815546,0.00225858512861937,400,1.625
1.02,0.980392156863,5.1,16,0.025,0.04264004241123787,0.004326857410322902,0.02268447852448293,0.00215761024678015,400,1.625
1.02,0.980392156863,5.2,16,0.025,0.04255918307391345,0.004435776696377884,0.02204016948773445,0.002032313653229634,400,1.6875
1.02,0.980392156863,5.3,16,0.025,0.04222139042349751,0.004450746103251683,0.0216111381203077,0.001884667074957972,400,1.6875
1.02,0.980392156863,5.4,16,0.025,0.04071824157082792,0.004832945109472486,0.02191031279206958,0.001865336909262521,400,1.75
1.02,0.980392156863,5.5,16,0.025,0.04039205083955356,0.004781464926587943,0.0216935864924115,0.001735981961735543,400,1.75
1.02,0.980392156863,5.6,16,0.025,0.03804304317151463,0.005038354677077569,0.02129585520440615,0.001675382678482276,400,1.8125
1.02,0.980392156863,5.7,16,0.025,0.03450899877975878,0.005021899472084239,0.0208067475128235,0.001548170673630258,400,1.875
1.02,0.980392156863,5.8,16,0.025,0.03450169186034643,0.004714201153580468,0.02115585797843421,0.001327295058484278,400,1.9375
1.02,0.980392156863,5.9,16,0.025,0.03566012961995916,0.004738341034716913,0.0212849822220399,0.001311115078757621,400,2
1.02,0.980392156863,6,16,0.025,0.03738572007600233,0.004444082792503063,0.01993554094568679,0.00166679533586734,400,2.125
1.02,0.980392156863,6.1,16,0.025,0.0364743447697421,0.004136942095316427,0.01992012474054188,0.001615527852620909,400,2.125
1.02,0.980392156863,6.2,16,0.025,0.03530021914695577,0.00388336284935647,0.01993267601306233,0.001550929718042792,400,2.125
1.02,0.980392156863,6.3,16,0.025,0.03455129624512696,0.003674524303628067,0.01997091298394741,0.001477646589594769,400,2.1875
1.02,0.980392156863,6.4,16,0.025,0.03351775409322756,0.00328635994672456,0.02035308460503841,0.001425959716342142,400,2.25
1.02,0.980392156863,6.5,16,0.025,0.03131638891919743,0.003546927688489373,0.019745151875753,0.001373124709781069,400,2.3125
1.02,0.980392156863,6.6,16,0.025,0.03118348293362686,0.003395415730772519,0.01977030683032109,0.001320633270235397,400,2.3125
1.02,0.980392156863,6.7,16,0.025,0.02865231801221674,0.003348968404256402,0.020847352153022,0.001958896950237548,400,2.5
1.02,0.980392156863,6.8,16,0.025,0.02819013628777368,0.003221309520904196,0.02084451783105465,0.00197960797664605,400,2.5625
1.02,0.980392156863,6.9,16,0.025,0.02767093581982437,0.003134593959137245,0.02106544898223738,0.00206783173602732,400,2.6875
1.02,0.980392156863,7,16,0.025,0.0276004773077064,0.003101132413557198,0.02097250619539717,0.002063906145204108,400,2.75
1.02,0.980392156863,7.1,16,0.025,0.02781403094281211,0.003045611565000365,0.02091279503023856,0.002053075866325804,400,2.75
1.02,0.980392156863,7.2,16,0.025,0.0280403113340231,0.0029668602306259,0.02083990159391547,0.002049083695997926,400,2.75
1.02,0.980392156863,7.3,16,0.025,0.02816983956787313,0.002874242303670764,0.02075599136739508,0.002047338758622119,400,2.75
1.02,0.980392156863,7.4,16,0.025,0.02818015839318816,0.002798010694887923,0.02068374830054872,0.0020223265062864,400,2.75
1.02,0.980392156863,7.5,16,0.025,0.02810481666854288,0.002762148890371823,0.02063727879756267,0.001958536359960528,400,2.75
1.02,0.980392156863,7.6,16,0.025,0.02800746338436532,0.002763431307668905,0.02061950327667457,0.001863979920987471,400,2.75
1.02,0.980392156863,7.7,16,0.025,0.0279669656397038,0.002782552200547806,0.02062249073482466,0.001763688820921492,400,2.75
1.02,0.980392156863,7.8,16,0.025,0.02778668460778359,0.002649541090814963,0.02079900715639125,0.001713174715799314,400,2.8125
1.02,0.980392156863,7.9,16,0.025,0.0278038152863382,0.002651408133719445,0.02076109424202487,0.001655957583501449,400,2.8125
1.02,0.980392156863,8,16,0.025,0.02624119729003585,0.003073410294039581,0.02057585360092457,0.001597317091205418,400,2.875
1.02,0.980392156863,8.1,16,0.025,0.02451054548211069,0.003212858622605322,0.02143988303046954,0.001451622731305632,400,2.9375
1.02,0.980392156863,8.2,16,0.025,0.02445449900665232,0.003111362834439984,0.02144361156833651,0.001425666937099058,400,3
1.02,0.980392156863,8.3,16,0.025,0.02338647617189425,0.003091430012487171,0.02079314481996848,0.001143613934126524,400,3.0625
1.02,0.980392156863,8.4,16,0.025,0.02358932957766787,0.002963129842617361,0.02080925892518352,0.001100116966038328,400,3.125
1.02,0.980392156863,8.5,16,0.025,0.02370746127795061,0.002854337947261945,0.02074249085040867,0.001118871868835526,400,3.1875
1.02,0.980392156863,8.6,16,0.025,0.02400305146307245,0.002743224749113239,0.02072168641620782,0.001144880583249178,400,3.1875
1.02,0.980392156863,8.7,16,0.025,0.02431445711646589,0.002692357227333554,0.02062243811914518,0.001142107432524051,400,3.1875
1.02,0.980392156863,8.8,16,0.025,0.02436165161352511,0.002733153705216262,0.02001062741083713,0.001167959151462325,400,3.25
1.02,0.980392156863,8.9,16,0.025,0.0246627559268466,0.002783856148885396,0.01981807026199772,0.001149889341647196,400,3.3125
1.02,0.980392156863,9,16,0.025,0.0249011681083981,0.002866740873095276,0.01974693473146843,0.001157543905700713,400,3.375
1.02,0.980392156863,9.1,16,0.025,0.02520436805355365,0.003077937255870373,0.01952589062405053,0.001135010474954256,400,3.4375
1.02,0.980392156863,9.2,16,0.025,0.02539247206479292,0.003113340588145895,0.01963458903189329,0.001181202881179061,400,3.5
1.02,0.980392156863,9.3,16,0.025,0.02532922433871168,0.003141418543438092,0.01960249859189015,0.001221517307461359,400,3.5625
1.02,0.980392156863,9.4,16,0.025,0.02532051180160687,0.003159550455479804,0.01943327099124941,0.001257652476822243,400,3.6875
1.02,0.980392156863,9.5,16,0.025,0.02507419647461161,0.003149341764881076,0.01932894430354821,0.001277773185339385,400,3.6875
1.02,0.980392156863,9.6,16,0.025,0.02477984647601101,0.003119987832091442,0.0192975899736304,0.001310665797724763,400,3.6875
1.02,0.980392156863,9.7,16,0.025,0.02443144987067902,0.003064954414134537,0.01924509134310185,0.001347085167079754,400,3.6875
1.02,0.980392156863,9.8,16,0.025,0.02401646454243979,0.002986594750096759,0.01910435615694094,0.001367849033940828,400,3.6875
1.02,0.980392156863,9.9,16,0.025,0.02228123183911823,0.003100216340939686,0.01924828624140827,0.001490596708292263,400,3.8125
1.02,0.980392156863,10,16,0.025,0.02186523858081777,0.002989929356264354,0.01905778644830144,0.001480872916358441,400,3.8125
1.02,0.980392156863,10.1,16,0.025,0.02060930170815798,0.002963171465235346,0.01904637502212754,0.001514842225158973,400,3.875
1.02,0.980392156863,10.2,16,0.025,0.02019920693045409,0.00281743847334693,0.01883915920339206,0.001506732229557815,400,3.9375
1.02,0.980392156863,10.3,16,0.025,0.01992826628722575,0.00266050283587478,0.01859779072256716,0.001483961807578384,400,3.9375
1.02,0.980392156863,10.4,16,0.025,0.0191860880915114,0.002565580402599834,0.01822325187736339,0.001424672446893948,400,4
1.02,0.980392156863,10.5,16,0.025,0.01899204876597787,0.002402762165059012,0.01794823967814219,0.001381721075649271,400,4
1.02,0.980392156863,10.6,16,0.025,0.01885813567135707,0.002263039141987764,0.01763141168925149,0.001347714821719299,400,4.0625
1.02,0.980392156863,10.7,16,0.025,0.01877000322416361,0.002150239657653269,0.0174182193151502,0.001339898217946307,400,4.0625
1.02,0.980392156863,10.8,16,0.025,0.01868275472323364,0.002051440227696888,0.01727904396631539,0.001351203583512971,400,4.0625
1.02,0.980392156863,10.9,16,0.025,0.0185474979373875,0.001951090300790015,0.01718103927492924,0.0013655932415358,400,4.0625
1.02,0.980392156863,11,16,0.025,0.01831781170326114,0.001848076216234545,0.01713542300813636,0.001375091425445882,400,4.125
1.02,0.980392156863,11.1,16,0.025,0.01826633867269803,0.001716968647557952,0.01735251964272176,0.001355561059736794,400,4.1875
1.02,0.980392156863,11.2,16,0.025,0.0180745565030341,0.001629440700295842,0.01719500237803653,0.001348951968436709,400,4.1875
1.02,0.980392156863,11.3,16,0.025,0.01792845593116131,0.001573314673383697,0.01714703106548882,0.001317346368598399,400,4.25
1.02,0.980392156863,11.4,16,0.025,0.01787134928062134,0.001522355548340011,0.01716776878983147,0.001342140341349525,400,4.3125
1.02,0.980392156863,11.5,16,0.025,0.01798244792317929,0.001459400271681865,0.01697508654720285,0.001380409613099104,400,4.375
1.02,0.980392156863,11.6,16,0.025,0.0178392928493456,0.001401531183784856,0.016570631899582,0.001346758525139669,400,4.4375
1.02,0.980392156863,11.7,16,0.025,0.01767433044019158,0.001353009788907825,0.01644317622993311,0.001321838132777921,400,4.4375
1.02,0.980392156863,11.8,16,0.025,0.01749487811676818,0.001309376232255296,0.01636698822437193,0.001289134718922227,400,4.4375
1.02,0.980392156863,11.9,16,0.025,0.01734739418024353,0.001279686620804495,0.01633739788210803,0.001271691245172229,400,4.4375
1.02,0.980392156863,12,16,0.025,0.01763664089946532,0.001282893804279959,0.01634357444230589,0.001298233453029229,400,4.625
