tD,tR_over_tD,time,samples,dt,odd_mean,odd_stderr,even_mean,even_stderr,max_bond_dimension,mean_cumulative_jumps
0.98,1.02040816327,0,4,0.025,0.02163772651773256,0,0.06025784985001684,0,100,0
0.98,1.02040816327,0.1,4,0.025,0.0215880631122448,0,0.06012101034715524,0,100,0
0.98,1.02040816327,0.2,4,0.025,0.02153938448693771,0,0.05998569198211881,0,100,0
0.98,1.02040816327,0.3,4,0.025,0.02149230436605149,0,0.05985325868035906,0,100,0
0.98,1.02040816327,0.4,4,0.025,0.02144640803311614,0,0.05972406247649856,0,100,0
0.98,1.02040816327,0.5,4,0.025,0.02140106341082374,0,0.0595978192210125,0,100,0
0.98,1.02040816327,0.6,4,0.025,0.02135709992080615,0,0.0594757631001961,0,100,0
0.98,1.02040816327,0.7,4,0.025,0.0225061449895406,0.001189988220349135,0.05707947649662524,0.002281025232042481,100,0.25
0.98,1.02040816327,0.8,4,0.025,0.02246944754209578,0.001190595501496636,0.05706001867423595,0.002193552649093796,100,0.25
0.98,1.02040816327,0.9,4,0.025,0.02244887975703233,0.001204763192168368,0.05717700152148714,0.001976776471518567,100,0.25
0.98,1.02040816327,1,4,0.025,0.02244893998813825,0.001237427209829518,0.05741162639053839,0.001648565428129073,100,0.25
0.98,1.02040816327,1.1,4,0.025,0.02247340353777767,0.001291623934843262,0.05774059960223445,0.001233261087219615,100,0.25
0.98,1.02040816327,1.2,4,0.025,0.02252430015101815,0.001368582231683971,0.05814371884749935,0.0007527701137232234,100,0.25
0.98,1.02040816327,1.3,4,0.025,0.02260331079802833,0.001469326557931509,0.05860110976292059,0.0002283538706574877,100,0.25
0.98,1.02040816327,1.4,4,0.025,0.02271405197569424,0.001597691946859711,0.0590789485972785,0.000306216739457332,100,0.25
0.98,1.02040816327,1.5,4,0.025,0.02286223859466116,0.001759663907020577,0.05951803586181439,0.0007925434474095189,100,0.25
0.98,1.02040816327,1.6,4,0.025,0.02305042967378763,0.001957251867434191,0.05984712667601233,0.001159413024784877,100,0.25
0.98,1.02040816327,1.7,4,0.025,0.02326912978766276,0.002180626480147881,0.06001461954801603,0.001354404992241705,100,0.25
0.98,1.02040816327,1.8,4,0.025,0.0243342569104641,0.002268882903568108,0.0600453370183667,0.001354019131122506,100,0.5
0.98,1.02040816327,1.9,4,0.025,0.02457190010947761,0.002456793427133149,0.05988655546277245,0.001195747874213929,100,0.5
0.98,1.02040816327,2,4,0.025,0.02479419997785418,0.002605765821670276,0.05958247750347637,0.0008716647627553394,100,0.5
0.98,1.02040816327,2.1,4,0.025,0.02500225859921758,0.002719123001057179,0.05911465499415333,0.0003613923032321253,100,0.5
0.98,1.02040816327,2.2,4,0.025,0.02520478466287869,0.002809771953418767,0.0584752043918919,0.000405771559514419,100,0.5
0.98,1.02040816327,2.3,4,0.025,0.02539660770754332,0.002880415676943847,0.05768726380702646,0.00133104932785878,100,0.5
0.98,1.02040816327,2.4,4,0.025,0.02553498945973018,0.002904215989147743,0.05682143287437567,0.002410667704427048,100,0.5
0.98,1.02040816327,2.5,4,0.025,0.02556038025513846,0.002840450023463156,0.05597284122345543,0.003554987219411086,100,0.5
0.98,1.02040816327,2.6,4,0.025,0.02544454681571915,0.002674585673075279,0.05523304759086308,0.004680066803519007,100,0.5
0.98,1.02040816327,2.7,4,0.025,0.02521467664656015,0.002438876985358938,0.05466411567642037,0.005723602290847498,100,0.5
0.98,1.02040816327,2.8,4,0.025,0.02598022052433888,0.002719763394258909,0.05400560485229591,0.006519796291850154,100,0.75
0.98,1.02040816327,2.9,4,0.025,0.02501450885021398,0.002369684429754674,0.05793556544475988,0.003406351596007271,100,1
0.98,1.02040816327,3,4,0.025,0.03373543650072991,0.006646335756064493,0.05594812836257886,0.004364812439431603,100,1.25
0.98,1.02040816327,3.1,4,0.025,0.03352943219253104,0.006735244175509757,0.05644927060443362,0.004766899804059537,100,1.25
0.98,1.02040816327,3.2,4,0.025,0.03251185241603911,0.007006582056206002,0.05707222700495619,0.005105127392196205,100,1.25
0.98,1.02040816327,3.3,4,0.025,0.03170402278389786,0.007102149490076332,0.05774330526111673,0.005371619889791674,100,1.25
0.98,1.02040816327,3.4,4,0.025,0.03173125828835446,0.0067435196559316,0.05838874830356741,0.005567100578570188,100,1.25
0.98,1.02040816327,3.5,4,0.025,0.03223756297072347,0.006310307471942144,0.05891565118667083,0.00571750311267158,100,1.25
0.98,1.02040816327,3.6,4,0.025,0.03232932339566172,0.00607499714974852,0.05918639409057793,0.005888124769690286,100,1.25
0.98,1.02040816327,3.7,4,0.025,0.03152702319965395,0.005750013179967821,0.05906608020320582,0.006139764149334708,100,1.25
0.98,1.02040816327,3.8,4,0.025,0.03017891720592929,0.005205667507721622,0.05852486667915065,0.006432228721447529,100,1.25
0.98,1.02040816327,3.9,4,0.025,0.02895570354412857,0.004519934940614936,0.05764480079474422,0.006633613365074271,100,1.25
0.98,1.02040816327,4,4,0.025,0.02817692628408876,0.003839824123714332,0.05649222706186842,0.006694969239254799,100,1.25
0.98,1.02040816327,4.1,4,0.025,0.02767600727914978,0.00335151770891726,0.05505339879995381,0.006719293807043832,100,1.25
0.98,1.02040816327,4.2,4,0.025,0.02711423913254187,0.003000444962021826,0.05331560443111685,0.006829587337994632,100,1.25
0.98,1.02040816327,4.3,4,0.025,0.02632263543578128,0.002616369238710419,0.05135685212155315,0.007014335495017794,100,1.25
0.98,1.02040816327,4.4,4,0.025,0.025378410369449,0.002264904319139995,0.04932250968249533,0.007147008474413594,100,1.25
0.98,1.02040816327,4.5,4,0.025,0.02446462672236366,0.002176434046710039,0.04730721813007199,0.007156902915216814,100,1.25
0.98,1.02040816327,4.6,4,0.025,0.02371649116515318,0.002391949795385994,0.04531442758956676,0.007117155377881858,100,1.25
0.98,1.02040816327,4.7,4,0.025,0.02314539558334582,0.002680319648846029,0.04334768538622571,0.007146369203506015,100,1.25
0.98,1.02040816327,4.8,4,0.025,0.02268391505236667,0.002841236131911127,0.04148607661517239,0.007286878101119349,100,1.25
0.98,1.02040816327,4.9,4,0.025,0.0222517563386207,0.002836465879903259,0.03985163535365356,0.007498060161586172,100,1.25
0.98,1.02040816327,5,4,0.025,0.02180469205312775,0.002745683022020363,0.03851362163206205,0.007724891559981456,100,1.25
0.98,1.02040816327,5.1,4,0.025,0.02137484332189312,0.002657260843811127,0.03742999341481809,0.007945829240529195,100,1.25
0.98,1.02040816327,5.2,4,0.025,0.02104272218228129,0.002589357276922158,0.03650726307802066,0.008163937423210116,100,1.25
0.98,1.02040816327,5.3,4,0.025,0.02086350942447025,0.002516382287692156,0.03569805267570162,0.008379127118636148,100,1.25
0.98,1.02040816327,5.4,4,0.025,0.01702882608912082,0.004360931961229841,0.03569342341597349,0.008329692231660437,100,1.5
0.98,1.02040816327,5.5,4,0.025,0.01717256127232007,0.004260483990516417,0.03535824843156943,0.00845476449507202,100,1.5
0.98,1.02040816327,5.6,4,0.025,0.0173743731955031,0.003992203958514203,0.03522575839534687,0.008544592332208114,100,1.5
0.98,1.02040816327,5.7,4,0.025,0.01313234664649839,0.004436784049795701,0.03314023274709244,0.006600289094381526,100,1.75
0.98,1.02040816327,5.8,4,0.025,0.01384847794729828,0.003938620255598186,0.03313319105755062,0.006574736367888266,100,1.75
0.98,1.02040816327,5.9,4,0.025,0.01505419522476003,0.003202463163684242,0.03293772043729457,0.006326078893766847,100,1.75
0.98,1.02040816327,6,4,0.025,0.01588273707185258,0.002769835292478234,0.0325153458930986,0.005924342201699168,100,1.75
0.98,1.02040816327,6.1,4,0.025,0.01594888937772936,0.002909028877339699,0.0318083442901986,0.005472270331489501,100,1.75
0.98,1.02040816327,6.2,4,0.025,0.01565005431823345,0.003437944912189438,0.0307884228661376,0.005021604181061602,100,1.75
0.98,1.02040816327,6.3,4,0.025,0.01563262201051787,0.003689414320860485,0.02949131964032629,0.004554806325544614,100,1.75
0.98,1.02040816327,6.4,4,0.025,0.01613990224275065,0.003388302976238434,0.02801161759200068,0.004075212900989594,100,1.75
0.98,1.02040816327,6.5,4,0.025,0.01687841630613856,0.002872660300865425,0.02649856945147247,0.003668785993188421,100,1.75
0.98,1.02040816327,6.6,4,0.025,0.0174243215323365,0.002525574456326439,0.025099813714719,0.003414847527108241,100,1.75
0.98,1.02040816327,6.7,4,0.025,0.01764611644124343,0.002379022167221331,0.02387236760783192,0.00328766287361111,100,1.75
0.98,1.02040816327,6.8,4,0.025,0.01768960096206671,0.002266176186834635,0.02278100190595592,0.003223717947817012,100,1.75
0.98,1.02040816327,6.9,4,0.025,0.01790700139386548,0.002170047829803211,0.02173324949923186,0.003210478871804368,100,2
0.98,1.02040816327,7,4,0.025,0.0181299366295732,0.001933967864408092,0.02081923205986314,0.003193943171243888,100,2
0.98,1.02040816327,7.1,4,0.025,0.01837953462450544,0.001716799689546112,0.02018308487349663,0.003106355069740237,100,2
0.98,1.02040816327,7.2,4,0.025,0.01853611439991299,0.001561505300432233,0.01994824088923564,0.002890077032093001,100,2
0.98,1.02040816327,7.3,4,0.025,0.01850923638914833,0.001452884216502637,0.0200455647995352,0.00258942411076101,100,2
0.98,1.02040816327,7.4,4,0.025,0.01829154324491411,0.001389319189651121,0.02025058680721759,0.002314388737582431,100,2
0.98,1.02040816327,7.5,4,0.025,0.01797147478379725,0.001392892870815451,0.02036349986909365,0.002131689893621383,100,2
0.98,1.02040816327,7.6,4,0.025,0.0176835925464931,0.001451750168765642,0.02035808800588187,0.002021776015849657,100,2
0.98,1.02040816327,7.7,4,0.025,0.01752473502163648,0.001509095100020908,0.02034291053602968,0.001954256698242163,100,2
0.98,1.02040816327,7.8,4,0.025,0.01749561047275252,0.001524791321478189,0.02039635525382287,0.001970404079164612,100,2
0.98,1.02040816327,7.9,4,0.025,0.01751582939914198,0.001519279005039893,0.02048506194620703,0.002115048142253485,100,2
0.98,1.02040816327,8,4,0.025,0.01750955759789357,0.001560105017808449,0.02049640527622484,0.002335719388990358,100,2
0.98,1.02040816327,8.1,4,0.025,0.01446561067808717,0.00412538319464457,0.02716500911871322,0.00876485331197099,100,2.25
0.98,1.02040816327,8.2,4,0.025,0.01457399646816481,0.00392230454626661,0.02754271304246714,0.009545517008636525,100,2.25
0.98,1.02040816327,8.3,4,0.025,0.01462671530369041,0.003625401887813569,0.0272955845729831,0.009680056653666096,100,2.25
0.98,1.02040816327,8.4,4,0.025,0.01468103968971067,0.003271161878091839,0.02704098834351845,0.009739240935566024,100,2.25
0.98,1.02040816327,8.5,4,0.025,0.01428162341256675,0.003366749831004839,0.02805836536412068,0.01096632759190585,100,2.5
0.98,1.02040816327,8.6,4,0.025,0.01452249688769684,0.003004279466637479,0.02847904408066126,0.01152672944439042,100,2.5
0.98,1.02040816327,8.7,4,0.025,0.01483744470920664,0.002645335841256166,0.02858621877235223,0.01174363845605459,100,2.5
0.98,1.02040816327,8.8,4,0.025,0.01514150731716922,0.002333029197146016,0.02885561174818446,0.01090408992163589,100,2.75
0.98,1.02040816327,8.9,4,0.025,0.01529713114117943,0.002084911513974634,0.02761918031549374,0.009926702714253111,100,2.75
0.98,1.02040816327,9,4,0.025,0.01537655849317173,0.001962734502179726,0.02629682766842404,0.008917267672122928,100,2.75
0.98,1.02040816327,9.1,4,0.025,0.01547749468967494,0.001973825026441791,0.02520319405549235,0.008138874025148318,100,2.75
0.98,1.02040816327,9.2,4,0.025,0.01559653032212134,0.002057250095146722,0.02428935553090272,0.007519154817290986,100,2.75
0.98,1.02040816327,9.3,4,0.025,0.01566740625394839,0.002158714891025607,0.02335945153089681,0.006893150375647032,100,2.75
0.98,1.02040816327,9.4,4,0.025,0.01549289002822357,0.002208165590658753,0.02438892148202813,0.008144861504748368,100,3
0.98,1.02040816327,9.5,4,0.025,0.01539390065077987,0.002284349275951608,0.02288077559594779,0.007026690808623903,100,3
0.98,1.02040816327,9.6,4,0.025,0.01529690161193,0.002353144833310863,0.02203232483276431,0.006598984058456039,100,3
0.98,1.02040816327,9.7,4,0.025,0.0152144000896907,0.00241305416064292,0.02153960811856917,0.006582860495775121,100,3
0.98,1.02040816327,9.8,4,0.025,0.01510771385476659,0.002462864949612561,0.02093135355886483,0.006511626205727385,100,3
0.98,1.02040816327,9.9,4,0.025,0.01471786485340244,0.002677769694636412,0.02039853402823604,0.005962316057706595,100,3.25
0.98,1.02040816327,10,4,0.025,0.01462007116309011,0.002668225002406789,0.01937632033590855,0.00537752918266167,100,3.25
0.98,1.02040816327,0,8,0.025,0.02163772651773255,1.311327688828617e-18,0.06025784985001682,5.24531075531447e-18,100,0
0.98,1.02040816327,0.1,8,0.025,0.02158806311224479,1.311327688828617e-18,0.06012101034715523,2.622655377657235e-18,100,0
0.98,1.02040816327,0.2,8,0.025,0.02153938448693771,0,0.0599856919821188,5.24531075531447e-18,100,0
0.98,1.02040816327,0.3,8,0.025,0.02149230436605149,0,0.05985325868035906,0,100,0
0.98,1.02040816327,0.4,8,0.025,0.02144640803311615,1.311327688828617e-18,0.05972406247649857,2.622655377657235e-18,100,0
0.98,1.02040816327,0.5,8,0.025,0.02140106341082374,1.311327688828617e-18,0.05959781922101249,2.622655377657235e-18,100,0
0.98,1.02040816327,0.6,8,0.025,0.02135709992080615,1.311327688828617e-18,0.0594757631001961,2.622655377657235e-18,100,0
0.98,1.02040816327,0.7,8,0.025,0.02191115087936603,0.0005949941101745677,0.0582199891126465,0.001140512616021241,100,0.125
0.98,1.02040816327,0.8,8,0.025,0.02187414979134747,0.0005952977507483178,0.05815679499878285,0.001096776324546898,100,0.125
0.98,1.02040816327,0.9,8,0.025,0.02184649816094815,0.0006023815960841842,0.05816538975724642,0.0009883882357592832,100,0.125
0.98,1.02040816327,1,8,0.025,0.02178874490471878,0.0006259873316797287,0.05833451222229531,0.0008440299303768123,100,0.25
0.98,1.02040816327,1.1,8,0.025,0.0217859447259208,0.0006530636546854842,0.058455576460132,0.0006381472351836948,100,0.25
0.98,1.02040816327,1.2,8,0.025,0.02179789645638014,0.000691564389178879,0.05861740320396282,0.0004019904152994899,100,0.25
0.98,1.02040816327,1.3,8,0.025,0.02182507313633612,0.0007421423640688974,0.05880952839462968,0.0001580892810271301,100,0.25
0.98,1.02040816327,1.4,8,0.025,0.02186859394921854,0.0008068248801902121,0.05901322956502,0.0001650945211116801,100,0.25
0.98,1.02040816327,1.5,8,0.025,0.02193089967750581,0.0008886535224659596,0.05919504419149588,0.0003925613856435221,100,0.25
0.98,1.02040816327,1.6,8,0.025,0.0220141700722111,0.0009885065292614106,0.05931560298386083,0.0005748049089384044,100,0.25
0.98,1.02040816327,1.7,8,0.025,0.02211311725497372,0.00110161965998888,0.05934621853846739,0.0006760012712450865,100,0.25
0.98,1.02040816327,1.8,8,0.025,0.02263420759452633,0.001233311583787171,0.05929701029075669,0.0006890519476134944,100,0.375
0.98,1.02040816327,1.9,8,0.025,0.0227394709283495,0.001334275540531752,0.05913807731027027,0.0006320305553227737,100,0.375
0.98,1.02040816327,2,8,0.025,0.02283497017309991,0.001419088719212325,0.05888666844782149,0.0005240257133755698,100,0.375
0.98,1.02040816327,2.1,8,0.025,0.02292138180520455,0.001489351965795655,0.0585282871521815,0.0004280554826944704,100,0.375
0.98,1.02040816327,2.2,8,0.025,0.02300262543004513,0.001551397637294923,0.05805711077467353,0.000534462961760121,100,0.375
0.98,1.02040816327,2.3,8,0.025,0.02307434146978723,0.001606565567004391,0.0574861811639675,0.0009004851268991186,100,0.375
0.98,1.02040816327,2.4,8,0.025,0.02311336916536663,0.00164112835087117,0.05685552120528557,0.001404640156213117,100,0.375
0.98,1.02040816327,2.5,8,0.025,0.02308900921188728,0.001634648402625073,0.05621764364959246,0.001965738573156279,100,0.375
0.98,1.02040816327,2.6,8,0.025,0.02298725294942185,0.001580488427762294,0.05562111644083163,0.002532708558243246,100,0.375
0.98,1.02040816327,2.7,8,0.025,0.02282291573182372,0.001495673200521924,0.05510106424173102,0.003072591233309497,100,0.375
0.98,1.02040816327,2.8,8,0.025,0.02310249879481986,0.001719459538232402,0.0546359248293264,0.00353665979474887,100,0.625
0.98,1.02040816327,2.9,8,0.025,0.02256198735051978,0.001521960744232487,0.05637267276736219,0.002668885970747314,100,0.75
0.98,1.02040816327,3,8,0.025,0.02686141199572369,0.004068018219723593,0.0551688369746812,0.003073686157582411,100,0.875
0.98,1.02040816327,3.1,8,0.025,0.02669599162462897,0.004100652419915594,0.05523419539028805,0.003366521073277553,100,0.875
0.98,1.02040816327,3.2,8,0.025,0.02612720914466065,0.004106768659294553,0.0553867630591006,0.003627961704261767,100,0.875
0.98,1.02040816327,3.3,8,0.025,0.02566918340633738,0.004078280177316808,0.05558549643655133,0.003855495992640184,100,0.875
0.98,1.02040816327,3.4,8,0.025,0.0256374307764987,0.00397020673662194,0.05578826521132532,0.004048097625063134,100,0.875
0.98,1.02040816327,3.5,8,0.025,0.0258539717310615,0.003892220366461994,0.05594388772593403,0.00420804410815862,100,0.875
0.98,1.02040816327,3.6,8,0.025,0.02370633582721016,0.004694279654931538,0.04880710179161893,0.007938104134355691,100,1
0.98,1.02040816327,3.7,8,0.025,0.02308723838807741,0.004623654701006541,0.04873653262994661,0.007901882054741984,100,1.125
0.98,1.02040816327,3.8,8,0.025,0.02278434418766938,0.004066146468849324,0.04864839239636456,0.007664466551507708,100,1.125
0.98,1.02040816327,3.9,8,0.025,0.02234058385127933,0.003614791460602394,0.04824635787044038,0.007480721288586773,100,1.125
0.98,1.02040816327,4,8,0.025,0.02179524163645116,0.003423298288872372,0.04736226067361935,0.007494241642496959,100,1.125
0.98,1.02040816327,4.1,8,0.025,0.02129837293673204,0.003393673406718583,0.04613745878881631,0.007603130190168481,100,1.125
0.98,1.02040816327,4.2,8,0.025,0.02097795545836636,0.00325623360278064,0.04485352478568384,0.007600280966945839,100,1.125
0.98,1.02040816327,4.3,8,0.025,0.02078676011649604,0.002911658313720702,0.04467928335679656,0.007204885610411833,100,1.25
0.98,1.02040816327,4.4,8,0.025,0.02083278377307646,0.002493102173890143,0.04347891612683322,0.006980250278126859,100,1.375
0.98,1.02040816327,4.5,8,0.025,0.02117762165860837,0.002339434754902353,0.04396734526257975,0.007692879676413593,100,1.5
0.98,1.02040816327,4.6,8,0.025,0.02092917521747185,0.002244416661816651,0.04236004326482296,0.007571077197129935,100,1.5
0.98,1.02040816327,4.7,8,0.025,0.02081605572105184,0.002203245497012368,0.0404608795467316,0.007274122175207606,100,1.5
0.98,1.02040816327,4.8,8,0.025,0.02088776402460655,0.002135073464212079,0.03843848541621228,0.006815186246112093,100,1.5
0.98,1.02040816327,4.9,8,0.025,0.02105374895622833,0.002057774146963238,0.03642294550245811,0.006294804563343955,100,1.5
0.98,1.02040816327,5,8,0.025,0.02117718694004409,0.002024704977878855,0.03452646908489323,0.00582418023703124,100,1.5
0.98,1.02040816327,5.1,8,0.025,0.02121900755154266,0.002039154685585765,0.03285161683379405,0.005459177771973057,100,1.5
0.98,1.02040816327,5.2,8,0.025,0.02125046868478163,0.002061246269464086,0.03147879094281486,0.005200450180996928,100,1.5
0.98,1.02040816327,5.3,8,0.025,0.02134818340250677,0.002056286226433255,0.03046289485709472,0.005024546231297034,100,1.5
0.98,1.02040816327,5.4,8,0.025,0.0196194148885359,0.002786178063972314,0.0301582225376377,0.004863620830894514,100,1.625
0.98,1.02040816327,5.5,8,0.025,0.01985937358773633,0.002725175351150559,0.0299475088754356,0.004765376520613927,100,1.625
0.98,1.02040816327,5.6,8,0.025,0.02013363126888571,0.002592086423183088,0.03060522489220245,0.004684303646544739,100,1.75
0.98,1.02040816327,5.7,8,0.025,0.0181832860231854,0.003135353502807335,0.02975312963723781,0.003676027959972746,100,1.875
0.98,1.02040816327,5.8,8,0.025,0.01866768953841446,0.002912373346510028,0.02987425054956849,0.003562815653132084,100,1.875
0.98,1.02040816327,5.9,8,0.025,0.01933915259240147,0.002582381517425913,0.02990812025822306,0.003404640888201983,100,1.875
0.98,1.02040816327,6,8,0.025,0.0197487480248363,0.002383207132023731,0.02993511978065039,0.00324613526785892,100,1.875
0.98,1.02040816327,6.1,8,0.025,0.01971610962014754,0.002397687301774643,0.02990378214808435,0.003102230559168507,100,1.875
0.98,1.02040816327,6.2,8,0.025,0.01948115558282453,0.002556239013439736,0.0297059579815155,0.002957664423545096,100,1.875
0.98,1.02040816327,6.3,8,0.025,0.01940026015264669,0.002624151235654805,0.02927402856383617,0.002810301218921715,100,1.875
0.98,1.02040816327,6.4,8,0.025,0.01879631000406824,0.002616861061612584,0.02915724345470426,0.003031457647430591,100,2
0.98,1.02040816327,6.5,8,0.025,0.01793997787301606,0.003068665469047893,0.03034387237026788,0.004597601790326949,100,2.125
0.98,1.02040816327,6.6,8,0.025,0.01847233144985321,0.002762652565642741,0.02976371533922112,0.004732829511490557,100,2.125
0.98,1.02040816327,6.7,8,0.025,0.01730727788557982,0.002672766519218578,0.03089927223968883,0.005716951800727651,100,2.375
0.98,1.02040816327,6.8,8,0.025,0.01768212428192501,0.00240786999137008,0.02999796328493726,0.005686020448638088,100,2.5
0.98,1.02040816327,6.9,8,0.025,0.01825046257864388,0.002123871574942634,0.02938598928799986,0.005694129099813647,100,2.625
0.98,1.02040816327,7,8,0.025,0.01923691843569099,0.001893095927237916,0.02883383797577464,0.005667761673516027,100,2.625
0.98,1.02040816327,7.1,8,0.025,0.02046996850483166,0.002204879647422809,0.02832588188907367,0.00555203760709788,100,2.625
0.98,1.02040816327,7.2,8,0.025,0.02149544314597794,0.002843620030266006,0.02782242977464695,0.005287541156815241,100,2.625
0.98,1.02040816327,7.3,8,0.025,0.02209774941928496,0.003368873163393859,0.02730803267210497,0.004900253076537419,100,2.625
0.98,1.02040816327,7.4,8,0.025,0.02251210742080314,0.003847227283831129,0.02675995088345269,0.004473123283963998,100,2.625
0.98,1.02040816327,7.5,8,0.025,0.02298164987131652,0.00443181235858079,0.02613735040549809,0.004066650525661658,100,2.625
0.98,1.02040816327,7.6,8,0.025,0.02329854530190693,0.004890191294630285,0.02542914024986026,0.003668311229276918,100,2.625
0.98,1.02040816327,7.7,8,0.025,0.02321930733148767,0.004919312586943063,0.02468079229315821,0.003225200307238573,100,2.625
0.98,1.02040816327,7.8,8,0.025,0.02285296889434804,0.004566963763011301,0.0239726817239251,0.002747067668661317,100,2.625
0.98,1.02040816327,7.9,8,0.025,0.02242574079098879,0.004097249293621943,0.02333029274337892,0.002320494147685001,100,2.625
0.98,1.02040816327,8,8,0.025,0.02061227293961154,0.004022099012583084,0.02383717562594675,0.002192919750302216,100,2.75
0.98,1.02040816327,8.1,8,0.025,0.0187596658810738,0.004236879141952897,0.02654039090099989,0.004258059820806502,100,2.875
0.98,1.02040816327,8.2,8,0.025,0.01849861586908817,0.003784443012113718,0.0261101214080861,0.004595219026038914,100,2.875
0.98,1.02040816327,8.3,8,0.025,0.0165572356690897,0.00348453398487192,0.02529505703682738,0.004645700353662878,100,3
0.98,1.02040816327,8.4,8,0.025,0.01644713002571479,0.002989866420745438,0.02485890032966644,0.0046670987128091,100,3
0.98,1.02040816327,8.5,8,0.025,0.01621345811434033,0.002664666105798467,0.02501626765482561,0.005263846921596799,100,3.125
0.98,1.02040816327,8.6,8,0.025,0.01633618522774069,0.002237114295742848,0.02471597587483464,0.005563793393818469,100,3.125
0.98,1.02040816327,8.7,8,0.025,0.01653379992575468,0.001860965764993725,0.02416032790677052,0.00571850309435757,100,3.125
0.98,1.02040816327,8.8,8,0.025,0.01677529507878356,0.001573669777491873,0.0237294249277412,0.005433563544475885,100,3.25
0.98,1.02040816327,8.9,8,0.025,0.01695745858110649,0.001394787276987466,0.02267580164543992,0.004987458392618084,100,3.25
0.98,1.02040816327,9,8,0.025,0.0171124520480276,0.001317067642747416,0.02198845203781662,0.004493605149610736,100,3.375
0.98,1.02040816327,9.1,8,0.025,0.01719199891850483,0.001313693477629191,0.02118550512793988,0.004121899318382155,100,3.375
0.98,1.02040816327,9.2,8,0.025,0.01735160433978448,0.001333898836871494,0.02068412687859875,0.003793304180745059,100,3.5
0.98,1.02040816327,9.3,8,0.025,0.01727158311958674,0.001369093091681801,0.01999063762022629,0.003497867733201964,100,3.5
0.98,1.02040816327,9.4,8,0.025,0.01695125994621439,0.0013836061112317,0.02007425604483614,0.004151024537876935,100,3.75
0.98,1.02040816327,9.5,8,0.025,0.01665663814534513,0.001369220642491965,0.01928681772420606,0.003581960239730369,100,3.75
0.98,1.02040816327,9.6,8,0.025,0.01626665247366611,0.001357941403250739,0.01887815619036158,0.003350435947064734,100,3.75
0.98,1.02040816327,9.7,8,0.025,0.01585646055236455,0.001360215781828991,0.01869079653729765,0.003314461722917785,100,3.75
0.98,1.02040816327,9.8,8,0.025,0.01545246734112744,0.001360226835801666,0.01843966213318593,0.003244397875171475,100,3.75
0.98,1.02040816327,9.9,8,0.025,0.01491449248302225,0.001416253429305298,0.0181604333823896,0.002975479719788902,100,3.875
0.98,1.02040816327,10,8,0.025,0.01449800296197503,0.00138255056933282,0.0175454196828182,0.002679021799088546,100,3.875
0.98,1.02040816327,0,16,0.025,0.02163772651773255,1.791614702062191e-18,0.06025784985001682,5.374844106186573e-18,100,0
0.98,1.02040816327,0.1,16,0.025,0.02145103162556748,0.0001370314866773255,0.0603084156600099,0.0001874053128546665,100,0.0625
0.98,1.02040816327,0.2,16,0.025,0.02140289273461691,0.0001364917523207945,0.06017215312339654,0.0001864611412777488,100,0.0625
0.98,1.02040816327,0.3,16,0.025,0.02135613458134266,0.0001361697847088309,0.06003861153744228,0.0001853528570832188,100,0.0625
0.98,1.02040816327,0.4,16,0.025,0.02131023502229043,0.0001361730108257199,0.05990811080507064,0.0001840483285720858,100,0.0625
0.98,1.02040816327,0.5,16,0.025,0.02111323947987957,0.0001969067460617426,0.059963860233416,0.0002500561264041083,100,0.125
0.98,1.02040816327,0.6,16,0.025,0.02106878794936102,0.0001971739339014518,0.05983822026586415,0.0002476162988794403,100,0.125
0.98,1.02040816327,0.7,16,0.025,0.02024682556778491,0.001365317368847703,0.05578000881672506,0.003428497963320292,100,0.3125
0.98,1.02040816327,0.8,16,0.025,0.02023860121537469,0.001344867916256615,0.0559341284328779,0.003185996302399823,100,0.3125
0.98,1.02040816327,0.9,16,0.025,0.02027849731464715,0.001291247365079219,0.05634647100934893,0.002724572720003158,100,0.3125
0.98,1.02040816327,1,16,0.025,0.02036072562637215,0.001213604552843662,0.05658454646597427,0.002510390632983707,100,0.4375
0.98,1.02040816327,1.1,16,0.025,0.02045902134220347,0.001132962090115714,0.05638449637126635,0.002706174722603048,100,0.4375
0.98,1.02040816327,1.2,16,0.025,0.02056394449675921,0.001061506862382668,0.05607885241984024,0.003037524896378665,100,0.4375
0.98,1.02040816327,1.3,16,0.025,0.02066343159425128,0.001007411975769673,0.05606299461808198,0.003109957515251665,100,0.4375
0.98,1.02040816327,1.4,16,0.025,0.02074974561776325,0.0009741454789882286,0.05641666909099861,0.00283045453276657,100,0.4375
0.98,1.02040816327,1.5,16,0.025,0.02081658734053896,0.0009643355261829005,0.05687814817466975,0.002439668961470507,100,0.4375
0.98,1.02040816327,1.6,16,0.025,0.02085571753160839,0.0009810116924314446,0.05716252208004887,0.002199565557603227,100,0.4375
0.98,1.02040816327,1.7,16,0.025,0.02059369945703673,0.001105539647489937,0.05760066014478688,0.00220265130058079,100,0.5
0.98,1.02040816327,1.8,16,0.025,0.02077826430098279,0.00118490697686343,0.05757392811084114,0.002170247113087589,100,0.5625
0.98,1.02040816327,1.9,16,0.025,0.02073941294670659,0.001238576720234811,0.05756521577833432,0.002054225660989229,100,0.5625
0.98,1.02040816327,2,16,0.025,0.02070379755259166,0.001277666382011313,0.05756772522513152,0.001873728971791107,100,0.5625
0.98,1.02040816327,2.1,16,0.025,0.02067890586308154,0.001299497075855771,0.05747801930781971,0.001730881498703994,100,0.5625
0.98,1.02040816327,2.2,16,0.025,0.02065541998888456,0.001313580212812816,0.05721214151527222,0.001705133803198898,100,0.5625
0.98,1.02040816327,2.3,16,0.025,0.02061719715538471,0.001329319360294242,0.0567526978349788,0.001802426830936043,100,0.5625
0.98,1.02040816327,2.4,16,0.025,0.02041480130335557,0.001335173052719902,0.05849161806981664,0.003867254432771861,100,0.625
0.98,1.02040816327,2.5,16,0.025,0.0203250165327652,0.001339587110647815,0.05780348385880082,0.004018000711833698,100,0.625
0.98,1.02040816327,2.6,16,0.025,0.01978199717147266,0.001577626806040332,0.05793254059028604,0.003861117888971149,100,0.6875
0.98,1.02040816327,2.7,16,0.025,0.01973560157890054,0.001509754549440759,0.05743759299898335,0.003805942405047306,100,0.75
0.98,1.02040816327,2.8,16,0.025,0.01993615763638808,0.001539900401916849,0.05673998891147979,0.003801512216208797,100,0.875
0.98,1.02040816327,2.9,16,0.025,0.01978553952905144,0.001388674136185535,0.05717159702450026,0.003533736737261566,100,0.9375
0.98,1.02040816327,3,16,0.025,0.02210485766340656,0.002466770148783708,0.05614693879952846,0.003542120098151606,100,1
0.98,1.02040816327,3.1,16,0.025,0.02222698306887003,0.002410994355052618,0.05571012062153559,0.003488595539058678,100,1
0.98,1.02040816327,3.2,16,0.025,0.02216513198772184,0.002325387667122403,0.05521508189510949,0.003407403656303586,100,1
0.98,1.02040816327,3.3,16,0.025,0.02216864394875117,0.002242118581305162,0.05463382768255806,0.003335785263659732,100,1
0.98,1.02040816327,3.4,16,0.025,0.022097778620495,0.002232788038040832,0.05192520568859151,0.004037168118918392,100,1.0625
0.98,1.02040816327,3.5,16,0.025,0.02244122138200941,0.002166272427890335,0.05178104751422011,0.003902354907820916,100,1.0625
0.98,1.02040816327,3.6,16,0.025,0.02161031161598861,0.00239333062197789,0.04818011052726845,0.004837373328201932,100,1.125
0.98,1.02040816327,3.7,16,0.025,0.02153241096221899,0.002318392403571709,0.04797456486670856,0.004787704763235085,100,1.1875
0.98,1.02040816327,3.8,16,0.025,0.02160406605907679,0.002033829530572072,0.04753025752861561,0.004745716909179246,100,1.1875
0.98,1.02040816327,3.9,16,0.025,0.02171814699626578,0.001817912671607317,0.04719848616994594,0.004678693159403684,100,1.25
0.98,1.02040816327,4,16,0.025,0.02168594109363096,0.001731262664707808,0.04643942091984796,0.00469653587549902,100,1.25
0.98,1.02040816327,4.1,16,0.025,0.02166375524726208,0.001741085471383598,0.04576407747327395,0.004692733853769055,100,1.25
0.98,1.02040816327,4.2,16,0.025,0.02036465536781694,0.002152115079788174,0.04817307630960187,0.006028354865356336,100,1.3125
0.98,1.02040816327,4.3,16,0.025,0.0204132413609065,0.002037339129306495,0.04815232860168296,0.005925575624210613,100,1.375
0.98,1.02040816327,4.4,16,0.025,0.02090007096194258,0.001886205451137046,0.04745926979258117,0.005928704039633572,100,1.5
0.98,1.02040816327,4.5,16,0.025,0.02119060845238698,0.001784348575960493,0.04753688699767356,0.006138765458151186,100,1.5625
0.98,1.02040816327,4.6,16,0.025,0.02116889587175137,0.001686398834525674,0.04650885373575547,0.006102639275908384,100,1.5625
0.98,1.02040816327,4.7,16,0.025,0.02118461401025052,0.001601586002146676,0.04534179627470292,0.005978779547319383,100,1.5625
0.98,1.02040816327,4.8,16,0.025,0.02123776775751129,0.001508314009934604,0.04413839240360777,0.005797947922266371,100,1.5625
0.98,1.02040816327,4.9,16,0.025,0.02126991360047741,0.00141584494452779,0.04292474317238391,0.005614759740142297,100,1.5625
0.98,1.02040816327,5,16,0.025,0.02134387848105766,0.001322810077021388,0.04195413149433332,0.005403315374518316,100,1.625
0.98,1.02040816327,5.1,16,0.025,0.02120591722937785,0.001289526339430013,0.04069014437575033,0.005258404767809307,100,1.625
0.98,1.02040816327,5.2,16,0.025,0.02126481573417978,0.001316808074336103,0.03919927160796448,0.005029250441082716,100,1.6875
0.98,1.02040816327,5.3,16,0.025,0.02114241473803451,0.001321866074821787,0.03809683083875447,0.004828059004545054,100,1.6875
0.98,1.02040816327,5.4,16,0.025,0.02012934200410168,0.001614206238148293,0.03743727278672366,0.004603712771618147,100,1.75
0.98,1.02040816327,5.5,16,0.025,0.02012147424651173,0.001586354295896847,0.03695236628395802,0.00443553109429302,100,1.75
0.98,1.02040816327,5.6,16,0.025,0.02014252374155858,0.001525495261631216,0.03692927943756202,0.004276585594268923,100,1.8125
0.98,1.02040816327,5.7,16,0.025,0.01905195439403354,0.001750844145553303,0.03604807834030848,0.004000626487192954,100,1.875
0.98,1.02040816327,5.8,16,0.025,0.01892405608763134,0.001608719269297756,0.03463881421296991,0.00415720961696685,100,1.9375
0.98,1.02040816327,5.9,16,0.025,0.01982505448926895,0.001684243321243028,0.03531670856187204,0.004597020778692949,100,2
0.98,1.02040816327,6,16,0.025,0.02096937083775983,0.001480892677102712,0.03271405605741566,0.004740571645250633,100,2.125
0.98,1.02040816327,6.1,16,0.025,0.02065498758034173,0.001404339804322606,0.03277925926582728,0.004724811529174927,100,2.125
0.98,1.02040816327,6.2,16,0.025,0.02018711117804549,0.001392718935702261,0.03265837315954616,0.004735441397927849,100,2.125
0.98,1.02040816327,6.3,16,0.025,0.01971155954993271,0.001351459923955688,0.03228064440773897,0.004681367110898412,100,2.1875
0.98,1.02040816327,6.4,16,0.025,0.01913875352032809,0.001339731729247192,0.03218507581198899,0.004684534721755265,100,2.25
0.98,1.02040816327,6.5,16,0.025,0.01844812006210331,0.001556783439780568,0.03280898625894896,0.004876355866237056,100,2.3125
0.98,1.02040816327,6.6,16,0.025,0.01843338944777143,0.001419058970403606,0.0325722976604543,0.00481473684933069,100,2.3125
0.98,1.02040816327,6.7,16,0.025,0.01759107862055865,0.001385408988343137,0.03319762707629898,0.004920831600281572,100,2.5
0.98,1.02040816327,6.8,16,0.025,0.01756575351664898,0.001273110774517251,0.0326392421583323,0.004824920955054904,100,2.5625
0.98,1.02040816327,6.9,16,0.025,0.01779762442603831,0.001155311186321116,0.03202869197970207,0.004745613398425844,100,2.6875
0.98,1.02040816327,7,16,0.025,0.01916789732726847,0.001361024172547366,0.03131721005174744,0.004654950615212381,100,2.75
0.98,1.02040816327,7.1,16,0.025,0.01960644902448151,0.001454450377756387,0.03075115554625405,0.004500109005404245,100,2.75
0.98,1.02040816327,7.2,16,0.025,0.01991063679954566,0.001693416802801127,0.0302359654863638,0.004317474762422426,100,2.75
0.98,1.02040816327,7.3,16,0.025,0.02005278004347318,0.001914934556311188,0.02975387007211501,0.004125661489243549,100,2.75
0.98,1.02040816327,7.4,16,0.025,0.02018567730563374,0.002129519961274271,0.02924240340123082,0.003945030380660775,100,2.75
0.98,1.02040816327,7.5,16,0.025,0.02038755463002273,0.002394030577354509,0.02866033288454099,0.00378520864751241,100,2.75
0.98,1.02040816327,7.6,16,0.025,0.02048381730149677,0.002596332856015386,0.02803765314281435,0.003641406988083515,100,2.75
0.98,1.02040816327,7.7,16,0.025,0.02032536001135139,0.00259582957469355,0.02744698712626744,0.003503869081996291,100,2.75
0.98,1.02040816327,7.8,16,0.025,0.01986691778121213,0.00241741993895799,0.02712473627747182,0.003500908049384906,100,2.8125
0.98,1.02040816327,7.9,16,0.025,0.01956255165530865,0.002193245901675783,0.02666921912365625,0.003408692990513803,100,2.8125
0.98,1.02040816327,8,16,0.025,0.0186242518876722,0.002092844417963764,0.02676000796753297,0.003343085835236668,100,2.875
0.98,1.02040816327,8.1,16,0.025,0.01769027835628611,0.002147191136705853,0.02791497566776464,0.003709106719326176,100,2.9375
0.98,1.02040816327,8.2,16,0.025,0.01740171949793477,0.001925581884761025,0.02740240330276673,0.003765983318255991,100,3
0.98,1.02040816327,8.3,16,0.025,0.01634730369289037,0.001766991461263235,0.02684742089467272,0.003781373944364253,100,3.0625
0.98,1.02040816327,8.4,16,0.025,0.0160977721619814,0.001571455931738218,0.02595279977934619,0.003932621391743589,100,3.125
0.98,1.02040816327,8.5,16,0.025,0.01589791605597388,0.001444718560887448,0.02585358208552641,0.004097340048589244,100,3.1875
0.98,1.02040816327,8.6,16,0.025,0.01592345788077123,0.001280299554633491,0.02552839264609186,0.00418996777912134,100,3.1875
0.98,1.02040816327,8.7,16,0.025,0.01597918797244692,0.001154408048990587,0.02506868873404965,0.004243258984450033,100,3.1875
0.98,1.02040816327,8.8,16,0.025,0.01602011918952809,0.001087312267835996,0.02463731420031078,0.00414957741886393,100,3.25
0.98,1.02040816327,8.9,16,0.025,0.01606399877045276,0.001062185771165645,0.02388299252221203,0.003992027654067144,100,3.3125
0.98,1.02040816327,9,16,0.025,0.01608310214226104,0.001061364233469882,0.02325317949639309,0.00381304570100073,100,3.375
0.98,1.02040816327,9.1,16,0.025,0.01623735589145143,0.001092215066328244,0.02245296455401176,0.003578935770295509,100,3.4375
0.98,1.02040816327,9.2,16,0.025,0.01629570905562359,0.001085708412795014,0.02200181069810261,0.003467144168188819,100,3.5
0.98,1.02040816327,9.3,16,0.025,0.01625029500578571,0.001053298585608027,0.02145975538033564,0.003385457864484374,100,3.5625
0.98,1.02040816327,9.4,16,0.025,0.01601447857967657,0.001031852312832895,0.0213361888403777,0.003521031249867046,100,3.6875
0.98,1.02040816327,9.5,16,0.025,0.01577230467978569,0.001005370872768385,0.02075537596545553,0.003337967269581222,100,3.6875
0.98,1.02040816327,9.6,16,0.025,0.01547795940943226,0.0009761886833222548,0.02035659384471609,0.003232134211973446,100,3.6875
0.98,1.02040816327,9.7,16,0.025,0.01516552334727796,0.0009532157891752471,0.02008376087422242,0.003170587017310392,100,3.6875
0.98,1.02040816327,9.8,16,0.025,0.01483910940524978,0.0009392357647835457,0.01979530147519959,0.003107036934636347,100,3.6875
0.98,1.02040816327,9.9,16,0.025,0.01349168950265334,0.00125038750164782,0.01903385366120186,0.002980119613359746,100,3.8125
0.98,1.02040816327,10,16,0.025,0.01318578585774186,0.001252692240956775,0.01862019136375695,0.002865702614513387,100,3.8125
0.98,1.02040816327,0,32,0.025,0.02163772651773255,6.231310676715024e-19,0.06025784985001682,2.49252427068601e-18,100,0
0.98,1.02040816327,0.1,32,0.025,0.02151954736890614,6.851574333866278e-05,0.06021471300358257,9.370265642733331e-05,100,0.03125
0.98,1.02040816327,0.2,32,0.025,0.02092316275134172,0.0005500202964280098,0.05825541119081471,0.001828894152294652,100,0.0625
0.98,1.02040816327,0.3,32,0.025,0.02075738361110785,0.0005441441208526289,0.05830978631887643,0.001828922146339763,100,0.125
0.98,1.02040816327,0.4,32,0.025,0.02074453552874482,0.0005125982351288705,0.05821000878545817,0.001799308713289486,100,0.125
0.98,1.02040816327,0.5,32,0.025,0.02066230025662096,0.0004783412923250031,0.05821203799296422,0.001769875494689928,100,0.1875
0.98,1.02040816327,0.6,32,0.025,0.02066704291911766,0.0004332618581327297,0.05814950084037506,0.001716124447439127,100,0.1875
0.98,1.02040816327,0.7,32,0.025,0.02028534314535305,0.000767473719361608,0.05613621568587833,0.002343918768105939,100,0.28125
0.98,1.02040816327,0.8,32,0.025,0.02039440487596165,0.0007466084424475975,0.05457611316480326,0.002715268776272694,100,0.3125
0.98,1.02040816327,0.9,32,0.025,0.02035877117695762,0.0007170751691700502,0.05642071916570315,0.00308003312817072,100,0.34375
0.98,1.02040816327,1,32,0.025,0.0204215615098999,0.0006630363699973429,0.0568002009656725,0.002921652145323311,100,0.40625
0.98,1.02040816327,1.1,32,0.025,0.0204888502392597,0.0006089978776934492,0.0570168970101004,0.002826266384654669,100,0.40625
0.98,1.02040816327,1.2,32,0.025,0.02055119598535236,0.000564305643665227,0.05715625884737545,0.002762835669141526,100,0.4375
0.98,1.02040816327,1.3,32,0.025,0.02053818977794671,0.0005373680763825039,0.05746645555815241,0.0026440645944434,100,0.46875
0.98,1.02040816327,1.4,32,0.025,0.02058705995805479,0.0005273910113423508,0.05780247076828178,0.002427092032395281,100,0.46875
0.98,1.02040816327,1.5,32,0.025,0.0207002860040437,0.0005615563208435927,0.05798707264669157,0.002199422204961287,100,0.53125
0.98,1.02040816327,1.6,32,0.025,0.02101310202348755,0.0006485788772129978,0.05644023072704248,0.00266773329818553,100,0.5625
0.98,1.02040816327,1.7,32,0.025,0.0210423380932191,0.000740653382954693,0.05497454810225383,0.002974280848235145,100,0.65625
0.98,1.02040816327,1.8,32,0.025,0.02059923241002043,0.000923454902341423,0.05312668610969529,0.003281870208240963,100,0.71875
0.98,1.02040816327,1.9,32,0.025,0.02049573390316431,0.0009146993250428161,0.05302358237862276,0.003156456121910881,100,0.71875
0.98,1.02040816327,2,32,0.025,0.02040738187762667,0.000900114042876753,0.05284656229113703,0.003025000445745672,100,0.71875
0.98,1.02040816327,2.1,32,0.025,0.02033390911841351,0.0008866775642747265,0.05264784396891783,0.002886435022283046,100,0.75
0.98,1.02040816327,2.2,32,0.025,0.01997034605698549,0.0009868103764962167,0.05325300727839525,0.002463199463586372,100,0.78125
0.98,1.02040816327,2.3,32,0.025,0.02007847454432589,0.0009552656590677452,0.05303772227007812,0.002336218615473712,100,0.78125
0.98,1.02040816327,2.4,32,0.025,0.02004144604213388,0.0009479471681527442,0.05387315536915971,0.00282556454964579,100,0.8125
0.98,1.02040816327,2.5,32,0.025,0.02083353629327806,0.001402426821346811,0.05466130111398089,0.003233787428381884,100,0.875
0.98,1.02040816327,2.6,32,0.025,0.02050099748674091,0.001485185924637663,0.05299107642896447,0.003484951024411305,100,0.9375
0.98,1.02040816327,2.7,32,0.025,0.02012251892155931,0.001487796093438802,0.0530176296789106,0.003363247034797825,100,1
0.98,1.02040816327,2.8,32,0.025,0.02028573959430399,0.00145960021428829,0.05328213625165379,0.003229076590102385,100,1.09375
0.98,1.02040816327,2.9,32,0.025,0.01961216097500559,0.001423685751312084,0.05271123316978098,0.003408590402488478,100,1.15625
0.98,1.02040816327,3,32,0.025,0.02082548240462519,0.001699299294073308,0.05270083554121002,0.003549110637078656,100,1.28125
0.98,1.02040816327,3.1,32,0.025,0.02113550039843924,0.001609750937264306,0.05208341747932685,0.00351717007136496,100,1.28125
0.98,1.02040816327,3.2,32,0.025,0.02132168087865449,0.001518950915872694,0.0516526061080058,0.003401286810726263,100,1.28125
0.98,1.02040816327,3.3,32,0.025,0.02152011096741213,0.001418905780437666,0.05145945337765201,0.003179909401810302,100,1.28125
0.98,1.02040816327,3.4,32,0.025,0.02164155467663277,0.001353637244373272,0.04958969980284967,0.003235745902598999,100,1.375
0.98,1.02040816327,3.5,32,0.025,0.02212026353922721,0.001259007546011754,0.04950314530047566,0.003023060063998771,100,1.375
0.98,1.02040816327,3.6,32,0.025,0.02203527402626861,0.001322430371956306,0.04749190250241319,0.003212922336823336,100,1.40625
0.98,1.02040816327,3.7,32,0.025,0.02226180948136866,0.001293359132118191,0.0471045023641628,0.003139218189456363,100,1.4375
0.98,1.02040816327,3.8,32,0.025,0.02244707776601606,0.001197875640549327,0.0466565180575416,0.003071843534111295,100,1.46875
0.98,1.02040816327,3.9,32,0.025,0.02261368477739109,0.001155162848187191,0.04627602793567603,0.002997679100381868,100,1.5
0.98,1.02040816327,4,32,0.025,0.02264243877134332,0.001180107634402945,0.04565821820228028,0.002956918536713856,100,1.53125
0.98,1.02040816327,4.1,32,0.025,0.02262072150122007,0.001229049120884513,0.0449884387981889,0.002920834502813385,100,1.53125
0.98,1.02040816327,4.2,32,0.025,0.02183179797462173,0.001407444092163351,0.04584057661196474,0.003466269240506652,100,1.59375
0.98,1.02040816327,4.3,32,0.025,0.02170068867243877,0.00137171070073892,0.04537519882686521,0.00342160479689985,100,1.625
0.98,1.02040816327,4.4,32,0.025,0.02176330436870273,0.001315779784219459,0.04459050179544954,0.003416140527799645,100,1.6875
0.98,1.02040816327,4.5,32,0.025,0.02226275797796059,0.001269457013006942,0.04350592357922486,0.003584265178923696,100,1.75
0.98,1.02040816327,4.6,32,0.025,0.02151452507016222,0.001327211760383056,0.04081185135981842,0.003729899666471422,100,1.78125
0.98,1.02040816327,4.7,32,0.025,0.02141869862207212,0.001240834606315611,0.03992460069500272,0.003645958831117016,100,1.78125
0.98,1.02040816327,4.8,32,0.025,0.02147983048237475,0.00117013935605878,0.03891747403133898,0.003524858879761594,100,1.84375
0.98,1.02040816327,4.9,32,0.025,0.02134465106915017,0.001126494209443194,0.03809756553326325,0.003411188298710959,100,1.84375
0.98,1.02040816327,5,32,0.025,0.02097164234112849,0.001240011076640603,0.03666962887671125,0.003463995686875546,100,1.96875
0.98,1.02040816327,5.1,32,0.025,0.0202610663254148,0.001201362702435999,0.03612836559720677,0.003388671864892233,100,2
0.98,1.02040816327,5.2,32,0.025,0.02042102906160242,0.001150157502079007,0.03533699994166473,0.003282458686739739,100,2.03125
0.98,1.02040816327,5.3,32,0.025,0.02060363058484637,0.001060667157517833,0.03471056783727156,0.003198485382932879,100,2.03125
0.98,1.02040816327,5.4,32,0.025,0.02056582950502921,0.001133978929050515,0.03425511113754658,0.003114649171773581,100,2.09375
0.98,1.02040816327,5.5,32,0.025,0.02071074867766701,0.001074132606977211,0.03384150073171818,0.003052209094927749,100,2.09375
0.98,1.02040816327,5.6,32,0.025,0.02029653255640194,0.0009932556144237866,0.03377189763358011,0.002982794349479992,100,2.1875
0.98,1.02040816327,5.7,32,0.025,0.01987810731690455,0.001068017623688723,0.03315500551602649,0.002880308397136333,100,2.21875
0.98,1.02040816327,5.8,32,0.025,0.01971391775124013,0.0009339277448468894,0.03222628776422302,0.002922237034240247,100,2.28125
0.98,1.02040816327,5.9,32,0.025,0.02031848442234825,0.0009520223059306203,0.03229484842887227,0.003094573856855392,100,2.3125
0.98,1.02040816327,6,32,0.025,0.02094670317929243,0.0008705995036036393,0.03044872653678054,0.003153056485458044,100,2.40625
0.98,1.02040816327,6.1,32,0.025,0.02083760177251886,0.0008457996799733082,0.03025133400076206,0.003143338410706666,100,2.40625
0.98,1.02040816327,6.2,32,0.025,0.02058593033034457,0.0008452569723501882,0.02998167385583761,0.003143753959613237,100,2.40625
0.98,1.02040816327,6.3,32,0.025,0.0205871315476315,0.0009217300095316299,0.02930751319560072,0.003145113639460619,100,2.53125
0.98,1.02040816327,6.4,32,0.025,0.02024399526210332,0.0009329835516111674,0.02912377560222554,0.003145951379142837,100,2.59375
0.98,1.02040816327,6.5,32,0.025,0.01971083994157428,0.001016935280487727,0.02947727105516152,0.003211692701052088,100,2.65625
0.98,1.02040816327,6.6,32,0.025,0.01960911361955452,0.0009578964598572979,0.02923673475014995,0.003179653356025299,100,2.65625
0.98,1.02040816327,6.7,32,0.025,0.01904254905723261,0.0009445903288736244,0.0294224004860314,0.003227488038701937,100,2.75
0.98,1.02040816327,6.8,32,0.025,0.01883917904709701,0.00087913898853386,0.02903032384606621,0.003182163797905159,100,2.78125
0.98,1.02040816327,6.9,32,0.025,0.01813008519704604,0.000967028325278269,0.02744832225236653,0.003105353658398633,100,2.875
0.98,1.02040816327,7,32,0.025,0.01868061764653685,0.00124402623187321,0.02691404019095985,0.003093267324489083,100,3
0.98,1.02040816327,7.1,32,0.025,0.01879581274399664,0.001235732862393406,0.02675230325395375,0.003027514269756974,100,3
0.98,1.02040816327,7.2,32,0.025,0.01885298588037065,0.00128719639855124,0.02641235587718679,0.002971173704045731,100,3.03125
0.98,1.02040816327,7.3,32,0.025,0.01898163375221022,0.001364429029376988,0.02586524215712811,0.00284565843065329,100,3.0625
0.98,1.02040816327,7.4,32,0.025,0.01909248103960002,0.001418580785305599,0.02559612686943764,0.002763317252395128,100,3.09375
0.98,1.02040816327,7.5,32,0.025,0.01917728457295845,0.001506218636659153,0.02532444076615521,0.002699442470773306,100,3.125
0.98,1.02040816327,7.6,32,0.025,0.01903339010518647,0.001588241284157316,0.0247921970614098,0.002699603246801382,100,3.15625
0.98,1.02040816327,7.7,32,0.025,0.01891409169400323,0.001585033207174725,0.02446319385541114,0.002658702524841683,100,3.15625
0.98,1.02040816327,7.8,32,0.025,0.01795876651868723,0.001592584856732823,0.02459045844036904,0.002689354973285147,100,3.21875
0.98,1.02040816327,7.9,32,0.025,0.01774316289954649,0.001498495494216262,0.02422161366502438,0.002654082475125455,100,3.21875
0.98,1.02040816327,8,32,0.025,0.01719029424073688,0.001435896637084037,0.02414499320007548,0.002630011227013794,100,3.28125
0.98,1.02040816327,8.1,32,0.025,0.01654308877198941,0.00144937301431087,0.02462975317070881,0.002756313111964968,100,3.375
0.98,1.02040816327,8.2,32,0.025,0.01635130291820087,0.001362010589817339,0.0242332531790598,0.002768176071062737,100,3.40625
0.98,1.02040816327,8.3,32,0.025,0.01578836052179424,0.001300428233949504,0.02381486186792162,0.002764809684079424,100,3.4375
0.98,1.02040816327,8.4,32,0.025,0.01562981505529942,0.001249438834770857,0.02320447952465037,0.00279972900281321,100,3.46875
0.98,1.02040816327,8.5,32,0.025,0.01548753468463218,0.001232884052503332,0.02295938257013422,0.002854466374424494,100,3.5
0.98,1.02040816327,8.6,32,0.025,0.01547802557176651,0.001207532691204494,0.02258448792116702,0.002885961917237367,100,3.53125
0.98,1.02040816327,8.7,32,0.025,0.01543888859524272,0.001198884209449461,0.02216561834611503,0.002904318300525799,100,3.53125
0.98,1.02040816327,8.8,32,0.025,0.0153736078075623,0.001205808873433744,0.02178378283818703,0.002875143180316104,100,3.5625
0.98,1.02040816327,8.9,32,0.025,0.01549146758865179,0.001211425986459118,0.02128454325213927,0.002823940221523533,100,3.6875
0.98,1.02040816327,9,32,0.025,0.01542990497428228,0.001247525469470329,0.02077567630032845,0.002777490500657749,100,3.75
0.98,1.02040816327,9.1,32,0.025,0.0153701638429225,0.00128054664544484,0.02023687106862555,0.002713759315708187,100,3.8125
0.98,1.02040816327,9.2,32,0.025,0.01524981473065884,0.00129427991949179,0.01981813712521428,0.002702483132490604,100,3.84375
0.98,1.02040816327,9.3,32,0.025,0.01506941627849634,0.001284194337989682,0.01914004559191883,0.00267039595505272,100,3.9375
0.98,1.02040816327,9.4,32,0.025,0.01502462615726021,0.001302107350746923,0.01890460556455094,0.002727419671966596,100,4.03125
0.98,1.02040816327,9.5,32,0.025,0.01475018582236858,0.001279726622523094,0.01844601396927478,0.002656580681323279,100,4.0625
0.98,1.02040816327,9.6,32,0.025,0.01449290830240541,0.001238413130284424,0.01809962510687062,0.002590906411297974,100,4.09375
0.98,1.02040816327,9.7,32,0.025,0.01417759583584386,0.001205815559279237,0.01768270946657017,0.00254624381315367,100,4.125
0.98,1.02040816327,9.8,32,0.025,0.01383812023522334,0.001173183221240866,0.01732375776560817,0.002479104711751673,100,4.125
0.98,1.02040816327,9.9,32,0.025,0.01299116620058794,0.001199346488666077,0.0167352306443516,0.002373443245676624,100,4.1875
0.98,1.02040816327,10,32,0.025,0.01244351207848964,0.001145644362063408,0.01628417724425625,0.002264517876965194,100,4.21875
0.98,1.02040816327,0,64,0.025,0.02163772651773255,4.371092296095392e-19,0.06025784985001688,5.24531075531447e-18,100,0
0.98,1.02040816327,0.1,64,0.025,0.02125005602469135,0.0003316368854917921,0.06090053649029309,0.0007487873530141471,100,0.0625
0.98,1.02040816327,0.2,64,0.025,0.0208360556733382,0.0007893591660402567,0.0595840670551648,0.001642296841141147,100,0.140625
0.98,1.02040816327,0.3,64,0.025,0.02081245948211037,0.0007716573754343321,0.05890715752591061,0.00180962942586743,100,0.203125
0.98,1.02040816327,0.4,64,0.025,0.0208530570642178,0.0007406199051546613,0.05888651445782598,0.001762992198572241,100,0.203125
0.98,1.02040816327,0.5,64,0.025,0.02085626889698016,0.000702290908172507,0.05880017999410702,0.001727571477848939,100,0.234375
0.98,1.02040816327,0.6,64,0.025,0.02105341358458854,0.0006794325010946263,0.05887410638292325,0.001712736385736506,100,0.25
0.98,1.02040816327,0.7,64,0.025,0.02049870414855032,0.0007817074996879611,0.05690463641244511,0.002015654872681736,100,0.328125
0.98,1.02040816327,0.8,64,0.025,0.02051714421209649,0.0007322468128434931,0.05619862111371508,0.002029721199382258,100,0.359375
0.98,1.02040816327,0.9,64,0.025,0.02046139903237577,0.0006749283899544204,0.05722220897191346,0.002040753289893915,100,0.375
0.98,1.02040816327,1,64,0.025,0.02044922759792643,0.000608742680089322,0.0573593489699344,0.001914028112795005,100,0.40625
0.98,1.02040816327,1.1,64,0.025,0.02012583338202458,0.0006140890863697388,0.05649131864626812,0.002022195959279222,100,0.4375
0.98,1.02040816327,1.2,64,0.025,0.02023123529929135,0.0006508349391788874,0.05539653725754305,0.002104028619504132,100,0.46875
0.98,1.02040816327,1.3,64,0.025,0.02018060932070418,0.000634057349697404,0.0554664063820659,0.001969051818411732,100,0.5
0.98,1.02040816327,1.4,64,0.025,0.0201178752910261,0.0006389528445513922,0.05573002512487733,0.001778816987254857,100,0.515625
0.98,1.02040816327,1.5,64,0.025,0.02016162518538026,0.0006588422210168044,0.05568639375079347,0.001656382138782192,100,0.5625
0.98,1.02040816327,1.6,64,0.025,0.02124919834855371,0.0009743691955259737,0.05473162998034708,0.001876113369307916,100,0.609375
0.98,1.02040816327,1.7,64,0.025,0.02089826948437518,0.0009961273493370524,0.05355488574678348,0.001991929508955537,100,0.671875
0.98,1.02040816327,1.8,64,0.025,0.02050137482469993,0.0009970243163494059,0.05215999372914542,0.002092876276819304,100,0.734375
0.98,1.02040816327,1.9,64,0.025,0.0203426002129214,0.0009286186212847803,0.05193530619837833,0.001991498915035898,100,0.734375
0.98,1.02040816327,2,64,0.025,0.02027518790806272,0.0008758687485103931,0.05091544114603046,0.002042783420998555,100,0.765625
0.98,1.02040816327,2.1,64,0.025,0.01986266499058476,0.0007686692052564044,0.05037178420185547,0.002043179719318045,100,0.796875
0.98,1.02040816327,2.2,64,0.025,0.01995302989512674,0.0008157168970230013,0.05150491422586898,0.002055290857650476,100,0.859375
0.98,1.02040816327,2.3,64,0.025,0.02005789787308702,0.0007894495738628193,0.05135423458259156,0.001987580174281793,100,0.890625
0.98,1.02040816327,2.4,64,0.025,0.02008334694535309,0.0007437960712152958,0.05180400867245116,0.002119451494920579,100,0.921875
0.98,1.02040816327,2.5,64,0.025,0.02040152767644574,0.0008811462239227907,0.05233073216352824,0.002214049285548802,100,0.96875
0.98,1.02040816327,2.6,64,0.025,0.02030952938761048,0.000905140205996246,0.05149457121882505,0.002276462124519708,100,1
0.98,1.02040816327,2.7,64,0.025,0.02017041312472708,0.0009127307301826507,0.05154198622075353,0.002214963096039451,100,1.046875
0.98,1.02040816327,2.8,64,0.025,0.02044439779238565,0.0009076614354144559,0.05161373973626878,0.002144672850437041,100,1.109375
0.98,1.02040816327,2.9,64,0.025,0.0209388867746062,0.001043697733878167,0.05108829770923761,0.002199612339524495,100,1.15625
0.98,1.02040816327,3,64,0.025,0.02150089044003937,0.001171395218829792,0.0509429313568685,0.002503118737760661,100,1.265625
0.98,1.02040816327,3.1,64,0.025,0.02187730373750659,0.001240565637160813,0.04937815602539056,0.002455320342108226,100,1.328125
0.98,1.02040816327,3.2,64,0.025,0.02189979392690192,0.001189280050732531,0.04923947825820565,0.002321744511279787,100,1.375
0.98,1.02040816327,3.3,64,0.025,0.0219913262801191,0.001147257470234103,0.04905516975638979,0.002185481535403903,100,1.375
0.98,1.02040816327,3.4,64,0.025,0.02247786009720294,0.001216513135144902,0.04771213207211409,0.002171520974848043,100,1.453125
0.98,1.02040816327,3.5,64,0.025,0.02259086670068342,0.001173842087489492,0.04722999205331398,0.002121497292483437,100,1.46875
0.98,1.02040816327,3.6,64,0.025,0.02217816577511888,0.001204598680080048,0.044946496043318,0.00227238006470798,100,1.515625
0.98,1.02040816327,3.7,64,0.025,0.02213819154971464,0.001175572466953254,0.04457817292649827,0.002197623284948233,100,1.546875
0.98,1.02040816327,3.8,64,0.025,0.02213989845688597,0.001122134729602538,0.04402280394464386,0.002111296790119874,100,1.578125
0.98,1.02040816327,3.9,64,0.025,0.0221671292850699,0.001111873911122555,0.04382513346596473,0.002050172881586817,100,1.609375
0.98,1.02040816327,4,64,0.025,0.02201811934891437,0.001083414570048101,0.0433327341636965,0.002014867622508704,100,1.625
0.98,1.02040816327,4.1,64,0.025,0.02225046214526008,0.001132720801119364,0.04200304724818039,0.002041215846143122,100,1.65625
0.98,1.02040816327,4.2,64,0.025,0.02211963617585482,0.001130857017769915,0.04247159750103822,0.00222936223759256,100,1.71875
0.98,1.02040816327,4.3,64,0.025,0.02175327919162904,0.001013967156092395,0.04245588648150637,0.002250678191966442,100,1.765625
0.98,1.02040816327,4.4,64,0.025,0.02141260148619959,0.0009455155539510081,0.04202597047784246,0.002252985184137505,100,1.828125
0.98,1.02040816327,4.5,64,0.025,0.02159483332620357,0.0008979131321557711,0.04155499222649953,0.002306383873730886,100,1.890625
0.98,1.02040816327,4.6,64,0.025,0.02096735085022762,0.0009300549723603596,0.03950592563623571,0.002357464673314008,100,1.953125
0.98,1.02040816327,4.7,64,0.025,0.02069874538708985,0.0009233741967006221,0.03892603457935311,0.002352986269408449,100,1.984375
0.98,1.02040816327,4.8,64,0.025,0.02056225469579413,0.0009781512212548847,0.03647164392164721,0.002338092252989626,100,2.078125
0.98,1.02040816327,4.9,64,0.025,0.02046332677059562,0.0009662325348383586,0.03614639972729843,0.002266129565523013,100,2.109375
0.98,1.02040816327,5,64,0.025,0.02038302306263161,0.0009738773392174055,0.03517707403498403,0.00226967897987461,100,2.203125
0.98,1.02040816327,5.1,64,0.025,0.02001560942532454,0.0009450278857413138,0.03469245854635183,0.002216158799157261,100,2.25
0.98,1.02040816327,5.2,64,0.025,0.02009149278354827,0.0009354416443587703,0.03410510340276825,0.002150487888866142,100,2.28125
0.98,1.02040816327,5.3,64,0.025,0.02054204780283982,0.001096176917937646,0.03365445878423569,0.002094739848674026,100,2.328125
0.98,1.02040816327,5.4,64,0.025,0.02058507520979387,0.001094497956968647,0.03345666229969906,0.002042623838156256,100,2.375
0.98,1.02040816327,5.5,64,0.025,0.02028717655748856,0.001086652692600135,0.03329412801848357,0.002031834941244064,100,2.40625
0.98,1.02040816327,5.6,64,0.025,0.02099021430875639,0.001272163756904373,0.03325196423138548,0.00201030048996838,100,2.46875
0.98,1.02040816327,5.7,64,0.025,0.02068852023616716,0.001222521941492263,0.03276357779440634,0.001967683217169682,100,2.484375
0.98,1.02040816327,5.8,64,0.025,0.02044789285498643,0.001124414540384934,0.03211649874055585,0.001980470596974293,100,2.515625
0.98,1.02040816327,5.9,64,0.025,0.02057843875370739,0.001071127576657737,0.03204832526643332,0.002063644558041294,100,2.546875
0.98,1.02040816327,6,64,0.025,0.0206848080169431,0.001004678668095032,0.03085600982482106,0.002080629158025265,100,2.609375
0.98,1.02040816327,6.1,64,0.025,0.02025236909372192,0.0009827037059750958,0.02955162385238975,0.002062084847556455,100,2.640625
0.98,1.02040816327,6.2,64,0.025,0.02007047683202804,0.0009217878274941759,0.02927892624113209,0.002045089326652425,100,2.65625
0.98,1.02040816327,6.3,64,0.025,0.01977877174606605,0.0008633545231011364,0.0285634880252003,0.002071931380854659,100,2.78125
0.98,1.02040816327,6.4,64,0.025,0.01950170984135195,0.0008057813540256139,0.02838644636379217,0.002071147467175577,100,2.828125
0.98,1.02040816327,6.5,64,0.025,0.01901964379685462,0.0008063378830209857,0.02840200161124657,0.002065298429693803,100,2.890625
0.98,1.02040816327,6.6,64,0.025,0.01888210410192474,0.0007611658033416542,0.02794048214800243,0.002016934595334176,100,2.890625
0.98,1.02040816327,6.7,64,0.025,0.0184987169644525,0.0007233642226667231,0.02778002019769032,0.002018756679708652,100,2.953125
0.98,1.02040816327,6.8,64,0.025,0.01823189173566898,0.0007364419640373858,0.02720271990946792,0.001981287410595891,100,3
0.98,1.02040816327,6.9,64,0.025,0.01782573798336191,0.0007548269991155273,0.0263386672892029,0.001908113455257369,100,3.0625
0.98,1.02040816327,7,64,0.025,0.01796090803918598,0.0008556246992111765,0.0256485198470187,0.001899200098315242,100,3.15625
0.98,1.02040816327,7.1,64,0.025,0.01762344651366939,0.0008836424743520611,0.02455222992852564,0.00180122602881416,100,3.21875
0.98,1.02040816327,7.2,64,0.025,0.01727224704847236,0.0009290722018919401,0.02429353392664086,0.00177654824742404,100,3.28125
0.98,1.02040816327,7.3,64,0.025,0.01728773998570554,0.0009534893185609776,0.02387206204625899,0.001700164906271124,100,3.296875
0.98,1.02040816327,7.4,64,0.025,0.01736516576585839,0.0009669121303074292,0.02373228671518257,0.00163520762880991,100,3.359375
0.98,1.02040816327,7.5,64,0.025,0.01734613163635793,0.0009939751418113448,0.02346240589195579,0.001580735391062101,100,3.375
0.98,1.02040816327,7.6,64,0.025,0.01720279914783146,0.001015478257962743,0.02305598352270646,0.00155706119394191,100,3.390625
0.98,1.02040816327,7.7,64,0.025,0.01717931836885761,0.001012580313350382,0.02268784037218479,0.001525806695919311,100,3.421875
0.98,1.02040816327,7.8,64,0.025,0.01660541421176188,0.0009957755191899104,0.02238614426800592,0.001573728953054211,100,3.484375
0.98,1.02040816327,7.9,64,0.025,0.01646297276942667,0.0009423960494436192,0.02202508383288789,0.001557264136305373,100,3.484375
0.98,1.02040816327,8,64,0.025,0.01617031402641469,0.0008986227095926878,0.02180074758360109,0.001553387267582776,100,3.546875
0.98,1.02040816327,8.1,64,0.025,0.01574995793469972,0.0009108043661137119,0.02176001473566302,0.001629114061044628,100,3.640625
0.98,1.02040816327,8.2,64,0.025,0.01559982106405174,0.0008482757670735469,0.02140919104467342,0.001626268242059966,100,3.71875
0.98,1.02040816327,8.3,64,0.025,0.01549061314074675,0.0008353142860060247,0.02108064148600452,0.001616558787524644,100,3.75
0.98,1.02040816327,8.4,64,0.025,0.01535574949595962,0.000808318615024033,0.02063641907743693,0.001623663702119507,100,3.78125
0.98,1.02040816327,8.5,64,0.025,0.0152275065468338,0.0007964428376101225,0.0203362199630276,0.001643995745354265,100,3.796875
0.98,1.02040816327,8.6,64,0.025,0.01542581539831163,0.0008387935829013956,0.02064442219758287,0.001846879784262793,100,3.875
0.98,1.02040816327,8.7,64,0.025,0.01534660129388191,0.0008431232725694607,0.02021035006384483,0.001832100881260887,100,3.875
0.98,1.02040816327,8.8,64,0.025,0.01521834849235097,0.0008482505349275,0.01976192165689324,0.001785116770523606,100,3.90625
0.98,1.02040816327,8.9,64,0.025,0.01512763269888322,0.0008468398205515053,0.01941121155595146,0.001732174027218217,100,4
0.98,1.02040816327,9,64,0.025,0.01478874177761393,0.0008860885264509242,0.01878245725012005,0.001695122930557459,100,4.046875
0.98,1.02040816327,9.1,64,0.025,0.01450998162318014,0.0009104276361235509,0.01836253354043816,0.001643416471895346,100,4.125
0.98,1.02040816327,9.2,64,0.025,0.01442687539989165,0.0009225775336690267,0.01798472929185621,0.001628981991540494,100,4.171875
0.98,1.02040816327,9.3,64,0.025,0.01415146929413878,0.0009271118298295695,0.0174659665318308,0.001605573421338686,100,4.25
0.98,1.02040816327,9.4,64,0.025,0.01393316843115674,0.0009617640320362136,0.01724455173083017,0.001640663986665196,100,4.359375
0.98,1.02040816327,9.5,64,0.025,0.01382496734170548,0.0009229217385314424,0.01688400755998827,0.001603198455717462,100,4.390625
0.98,1.02040816327,9.6,64,0.025,0.01328794156029194,0.0008861915550963255,0.01652238367133751,0.00156452096606948,100,4.4375
0.98,1.02040816327,9.7,64,0.025,0.01304226245605387,0.0008564649589637713,0.01615847844859653,0.001542208930700367,100,4.453125
0.98,1.02040816327,9.8,64,0.025,0.01280153160725561,0.0008294596652880683,0.0158290162660217,0.001508453255225447,100,4.46875
0.98,1.02040816327,9.9,64,0.025,0.0123173989686671,0.0008247867332578536,0.01534609339680653,0.00145384516558202,100,4.515625
0.98,1.02040816327,10,64,0.025,0.01200038213634863,0.0008007166890737547,0.01487149657797521,0.001391839471314132,100,4.5625
0.99,1.0101010101,0,4,0.025,0.02948833845319166,0,0.04996164346306375,0,100,0
0.99,1.0101010101,0.1,4,0.025,0.0294200784429523,0,0.0498486189631316,0,100,0
0.99,1.0101010101,0.2,4,0.025,0.02935285790050472,0,0.049737104130826,0,100,0
0.99,1.0101010101,0.3,4,0.025,0.02928729911594166,0,0.04962802437258671,0,100,0
0.99,1.0101010101,0.4,4,0.025,0.02922359063789121,0,0.04952145362836924,0,100,0
0.99,1.0101010101,0.5,4,0.025,0.02916083420988747,0,0.04941693981627049,0,100,0
0.99,1.0101010101,0.6,4,0.025,0.02909965671475057,0,0.04931610134570812,0,100,0
0.99,1.0101010101,0.7,4,0.025,0.02890839458672027,0.0001339693744486069,0.04922342733552626,1.70374848984349e-06,100,0.25
0.99,1.0101010101,0.8,4,0.025,0.02885724013155199,0.0001329859003048502,0.0491380114585485,2.850189639792139e-06,100,0.25
0.99,1.0101010101,0.9,4,0.025,0.02881243362397249,0.0001300942627486873,0.04906247987953755,7.517656284795893e-06,100,0.25
0.99,1.0101010101,1,4,0.025,0.02877638318636625,0.0001219216082341164,0.04899876857453396,1.980530947877888e-05,100,0.25
0.99,1.0101010101,1.1,4,0.025,0.02875516629922691,0.0001028801143939479,0.04895379116366674,4.555818476193949e-05,100,0.25
0.99,1.0101010101,1.2,4,0.025,0.02875632468455071,6.605610385948101e-05,0.04893497105949329,8.93986233937525e-05,100,0.25
0.99,1.0101010101,1.3,4,0.025,0.02878614652477109,5.111570757471151e-06,0.04895302976443037,0.0001611219322700322,100,0.25
0.99,1.0101010101,1.4,4,0.025,0.02884548133053656,7.988423218301816e-05,0.04902347581493642,0.0002758735565718679,100,0.25
0.99,1.0101010101,1.5,4,0.025,0.02893700268732906,0.0001902016004766329,0.04914780543416228,0.0004352820082592912,100,0.25
0.99,1.0101010101,1.6,4,0.025,0.02906239306942969,0.0003280730672176003,0.04932523504247425,0.0006397088139181543,100,0.25
0.99,1.0101010101,1.7,4,0.025,0.02922187002016076,0.0004954770733537582,0.04955362174077261,0.0008881796457234341,100,0.25
0.99,1.0101010101,1.8,4,0.025,0.03044500625964834,0.001032042578573494,0.04981029735178024,0.001184367371298542,100,0.5
0.99,1.0101010101,1.9,4,0.025,0.03071549548140556,0.00115744920846669,0.05013378524328287,0.001506368183643633,100,0.5
0.99,1.0101010101,2,4,0.025,0.03103415342163688,0.001328409321960251,0.05049161938183807,0.001842069076143739,100,0.5
0.99,1.0101010101,2.1,4,0.025,0.03137228365197755,0.001516618695064733,0.05085930897980181,0.002161200796647755,100,0.5
0.99,1.0101010101,2.2,4,0.025,0.03170083497424332,0.001697220451098733,0.05120996887603282,0.002426498013326611,100,0.5
0.99,1.0101010101,2.3,4,0.025,0.03200103683631028,0.001856561620956036,0.05151280992167515,0.002605881960620909,100,0.5
0.99,1.0101010101,2.4,4,0.025,0.03225060202966702,0.00198279537063225,0.05175285438078918,0.002673003398055724,100,0.5
0.99,1.0101010101,2.5,4,0.025,0.032420027302147,0.002061535020090552,0.05191941580693129,0.002610470831255865,100,0.5
0.99,1.0101010101,2.6,4,0.025,0.03248289731659496,0.002080744313891037,0.05199868972765394,0.002412595901205711,100,0.5
0.99,1.0101010101,2.7,4,0.025,0.03241343756497689,0.002031012401569024,0.05197588258885558,0.002097022805021099,100,0.5
0.99,1.0101010101,2.8,4,0.025,0.03344696023708496,0.002961093156662671,0.05143261471112427,0.001644052514088188,100,0.75
0.99,1.0101010101,2.9,4,0.025,0.02832047658521882,0.005610431939504672,0.042878739308307,0.007679287359440781,100,1
0.99,1.0101010101,3,4,0.025,0.03793461766263376,0.01046523373593229,0.04128848402745092,0.007445805319916712,100,1.25
0.99,1.0101010101,3.1,4,0.025,0.03821556376581454,0.01022823806375862,0.04219865501217358,0.007386486991376276,100,1.25
0.99,1.0101010101,3.2,4,0.025,0.03823988374965602,0.01006636282153376,0.04327457820616983,0.007263021770567569,100,1.25
0.99,1.0101010101,3.3,4,0.025,0.03804523903324505,0.009766790669658024,0.04438252822785761,0.007111087608304096,100,1.25
0.99,1.0101010101,3.4,4,0.025,0.03768592405994386,0.00926762458582811,0.04540845867606057,0.006962819792505983,100,1.25
0.99,1.0101010101,3.5,4,0.025,0.03715093185477767,0.008679468528359996,0.04628910671198228,0.006818451814273502,100,1.25
0.99,1.0101010101,3.6,4,0.025,0.03638657461279753,0.008108092906230848,0.04698225016731852,0.006656458689631032,100,1.25
0.99,1.0101010101,3.7,4,0.025,0.03536489626049358,0.007519552733228377,0.04741574474533541,0.006462199665268027,100,1.25
0.99,1.0101010101,3.8,4,0.025,0.03413693749276409,0.0067914052389983,0.04749769485838023,0.006242220356512635,100,1.25
0.99,1.0101010101,3.9,4,0.025,0.03281635230987587,0.005853417447027454,0.04717930032346602,0.006014042359255455,100,1.25
0.99,1.0101010101,4,4,0.025,0.03152546725732999,0.004759580631908442,0.04649891328309317,0.00579441351333478,100,1.25
0.99,1.0101010101,4.1,4,0.025,0.03035121256074393,0.003643702262155504,0.04554889227841154,0.005597376961748773,100,1.25
0.99,1.0101010101,4.2,4,0.025,0.02931447294981045,0.002627975699306493,0.04440553915111726,0.005441855345132096,100,1.25
0.99,1.0101010101,4.3,4,0.025,0.02837668834219613,0.001768109244292382,0.04311541524643093,0.005334460063062245,100,1.25
0.99,1.0101010101,4.4,4,0.025,0.02749405172009838,0.001130743020803132,0.04170529681503492,0.005260144940511303,100,1.25
0.99,1.0101010101,4.5,4,0.025,0.02666177040810452,0.001038544780841207,0.04019838350240421,0.005207994782806887,100,1.25
0.99,1.0101010101,4.6,4,0.025,0.02591948533245099,0.001498337667850526,0.03863661430689489,0.005194322333256327,100,1.25
0.99,1.0101010101,4.7,4,0.025,0.02531220541662039,0.001989675103241369,0.0370903004034898,0.005249955117395133,100,1.25
0.99,1.0101010101,4.8,4,0.025,0.02485526999295795,0.002298005078818559,0.03564807963099877,0.005385297815599201,100,1.25
0.99,1.0101010101,4.9,4,0.025,0.02451766848759191,0.002445507463822795,0.03439309793606843,0.005573902253802712,100,1.25
0.99,1.0101010101,5,4,0.025,0.02423462419137275,0.002535463820520219,0.03337381341844016,0.005775519980036125,100,1.25
0.99,1.0101010101,5.1,4,0.025,0.02396311761281043,0.002622247946269485,0.03257560875037468,0.005964780103688555,100,1.25
0.99,1.0101010101,5.2,4,0.025,0.02372364849045826,0.002679329389447969,0.03193823110725696,0.006137504032970103,100,1.25
0.99,1.0101010101,5.3,4,0.025,0.02356647128305566,0.002665448974300399,0.03141510278554419,0.006294110073316682,100,1.25
0.99,1.0101010101,5.4,4,0.025,0.0198834624273878,0.005038269779673301,0.03207278567884025,0.006020628528357887,100,1.5
0.99,1.0101010101,5.5,4,0.025,0.02003481412512256,0.004946704192074936,0.03193581638170441,0.006064295823578667,100,1.5
0.99,1.0101010101,5.6,4,0.025,0.0202995973829402,0.004696354250811687,0.03191920685424394,0.006070657327206852,100,1.5
0.99,1.0101010101,5.7,4,0.025,0.01424645421719445,0.004447794766594922,0.02992671837532002,0.004064008108466406,100,1.75
0.99,1.0101010101,5.8,4,0.025,0.0150678880128782,0.003794025070537655,0.02988035874046199,0.004019864985951996,100,1.75
0.99,1.0101010101,5.9,4,0.025,0.0164178297165342,0.002740927618564577,0.02965004482669617,0.003821185505923607,100,1.75
0.99,1.0101010101,6,4,0.025,0.0172274993425905,0.002065255705745557,0.02923333900877673,0.003511660355463319,100,1.75
0.99,1.0101010101,6.1,4,0.025,0.01706943827376877,0.00219084194379973,0.02858181347935157,0.003183099278817281,100,1.75
0.99,1.0101010101,6.2,4,0.025,0.01650700312081736,0.002913661645537507,0.02764119101729846,0.002911859109766145,100,1.75
0.99,1.0101010101,6.3,4,0.025,0.01638834044189007,0.003216889302325945,0.02642111739835003,0.002703855317238347,100,1.75
0.99,1.0101010101,6.4,4,0.025,0.01699186623430978,0.002734189402322573,0.02502474199660282,0.002544492348938684,100,1.75
0.99,1.0101010101,6.5,4,0.025,0.01789379858554315,0.001961566723219046,0.02362973164182984,0.002458190655470867,100,1.75
0.99,1.0101010101,6.6,4,0.025,0.01854538491821588,0.001480853551357496,0.02239922771098255,0.00245337012468436,100,1.75
0.99,1.0101010101,6.7,4,0.025,0.01881208665198273,0.001322875802944966,0.0213741568975151,0.002485628429909553,100,1.75
0.99,1.0101010101,6.8,4,0.025,0.01891887211546421,0.001238022573310578,0.02048706250057386,0.002523176357791337,100,1.75
0.99,1.0101010101,6.9,4,0.025,0.01911143963300196,0.001090977632249643,0.0197459036946167,0.002545261357539479,100,2
0.99,1.0101010101,7,4,0.025,0.0195077459484587,0.001052167810119651,0.01902446028939623,0.00260015731653881,100,2
0.99,1.0101010101,7.1,4,0.025,0.01991062408204121,0.001152622967774181,0.01857848209482702,0.002592849101036745,100,2
0.99,1.0101010101,7.2,4,0.025,0.02014938597409914,0.001263452896379332,0.01852582694375774,0.002463932458363746,100,2
0.99,1.0101010101,7.3,4,0.025,0.02012503137313437,0.001272650851222081,0.01877962215153329,0.002225685495504354,100,2
0.99,1.0101010101,7.4,4,0.025,0.01985868057945191,0.001196027130220646,0.01909640245368949,0.001946889623955714,100,2
0.99,1.0101010101,7.5,4,0.025,0.01948286710821759,0.001138418390292854,0.0192765213045696,0.001684892453596159,100,2
0.99,1.0101010101,7.6,4,0.025,0.01914978060816808,0.001176269538847552,0.0193030391732498,0.001449117610991309,100,2
0.99,1.0101010101,7.7,4,0.025,0.01892882675392951,0.00127968956923072,0.01928160939687402,0.001234045833337958,100,2
0.99,1.0101010101,7.8,4,0.025,0.01878369633997592,0.001390014570721425,0.01928226694648875,0.001101634687741974,100,2
0.99,1.0101010101,7.9,4,0.025,0.01862649219110895,0.001488396750722123,0.01926996312276342,0.001151434508906319,100,2
0.99,1.0101010101,8,4,0.025,0.01841414085073435,0.001612423214064216,0.01915259552505927,0.001355616046675169,100,2
0.99,1.0101010101,8.1,4,0.025,0.01443211293979718,0.004022592115591263,0.02468316797468119,0.006682991829660753,100,2.25
0.99,1.0101010101,8.2,4,0.025,0.01446599690779883,0.003770369579876798,0.02485231631802221,0.007389095797396467,100,2.25
0.99,1.0101010101,8.3,4,0.025,0.01449722259744943,0.003412949932177897,0.02449276073469016,0.007552991686532359,100,2.25
0.99,1.0101010101,8.4,4,0.025,0.01459511388900987,0.003004196480009391,0.02412138753803296,0.007644655537105124,100,2.25
0.99,1.0101010101,8.5,4,0.025,0.01428160305717243,0.003010628599757715,0.0247585476246201,0.008633563848519597,100,2.5
0.99,1.0101010101,8.6,4,0.025,0.01464666734584016,0.002653064148139542,0.02496938161494246,0.009105715935201722,100,2.5
0.99,1.0101010101,8.7,4,0.025,0.01508642829913349,0.002423465753109169,0.024957695109305,0.009297279317075715,100,2.5
0.99,1.0101010101,8.8,4,0.025,0.01546557373956857,0.002385752443808416,0.02518449417619827,0.008631128106884597,100,2.75
0.99,1.0101010101,8.9,4,0.025,0.01573413110839537,0.00251371019507935,0.02412142037306979,0.007873588787716801,100,2.75
0.99,1.0101010101,9,4,0.025,0.01593559149476964,0.002766965792484157,0.02298803486940843,0.007094299690190341,100,2.75
0.99,1.0101010101,9.1,4,0.025,0.01614551859601502,0.003050886328257002,0.02204689816606471,0.006500348845888344,100,2.75
0.99,1.0101010101,9.2,4,0.025,0.01632339011283988,0.003296969181809127,0.02128735411524577,0.006038549234892089,100,2.75
0.99,1.0101010101,9.3,4,0.025,0.01637634467077984,0.003496537480131812,0.0205670192206329,0.005592008377873583,100,2.75
0.99,1.0101010101,9.4,4,0.025,0.01613846761909861,0.003568782046635506,0.02157456028811998,0.006769799953148363,100,3
0.99,1.0101010101,9.5,4,0.025,0.01594375747003984,0.003699412424338182,0.0203518944147902,0.005973784379796111,100,3
0.99,1.0101010101,9.6,4,0.025,0.01574465066137873,0.003790420006727804,0.01961802676873604,0.005752931345230798,100,3
0.99,1.0101010101,9.7,4,0.025,0.01554017480245311,0.003824375575386911,0.01913635743653181,0.005848851534545812,100,3
0.99,1.0101010101,9.8,4,0.025,0.01528503974263934,0.00380874891278801,0.0185749258447321,0.005869070789101684,100,3
0.99,1.0101010101,9.9,4,0.025,0.01470280004380669,0.003906269605789923,0.01818479065190437,0.005462296655346391,100,3.25
0.99,1.0101010101,10,4,0.025,0.01443980550165187,0.003846417263665492,0.01736187805185498,0.005045463517757751,100,3.25
0.99,1.0101010101,0,8,0.025,0.02948833845319166,0,0.04996164346306375,0,100,0
0.99,1.0101010101,0.1,8,0.025,0.0294200784429523,0,0.04984861896313159,2.622655377657235e-18,100,0
0.99,1.0101010101,0.2,8,0.025,0.02935285790050471,1.311327688828617e-18,0.049737104130826,0,100,0
0.99,1.0101010101,0.3,8,0.025,0.02928729911594166,0,0.04962802437258672,2.622655377657235e-18,100,0
0.99,1.0101010101,0.4,8,0.025,0.02922359063789121,1.311327688828617e-18,0.04952145362836924,0,100,0
0.99,1.0101010101,0.5,8,0.025,0.02916083420988747,1.311327688828617e-18,0.04941693981627049,0,100,0
0.99,1.0101010101,0.6,8,0.025,0.02909965671475057,1.311327688828617e-18,0.04931610134570812,2.622655377657235e-18,100,0
0.99,1.0101010101,0.7,8,0.025,0.02897537927394458,6.698468722430347e-05,0.04922257546128134,8.518742449217451e-07,100,0.125
0.99,1.0101010101,0.8,8,0.025,0.02892373308170442,6.649295015242508e-05,0.04913658636372861,1.425094819896069e-06,100,0.125
0.99,1.0101010101,0.9,8,0.025,0.02887748075534683,6.504713137434362e-05,0.04905872105139517,3.758828142397946e-06,100,0.125
0.99,1.0101010101,1,8,0.025,0.02880807190026561,6.374348595790945e-05,0.0490672565002294,7.759737660959313e-05,100,0.25
0.99,1.0101010101,1.1,8,0.025,0.02877703476483464,5.555123872777394e-05,0.04900909750964783,7.81538119983879e-05,100,0.25
0.99,1.0101010101,1.2,8,0.025,0.02875876130841301,4.168943553864824e-05,0.0489672170935661,8.328221806789989e-05,100,0.25
0.99,1.0101010101,1.3,8,0.025,0.02875564283212018,3.279207662206578e-05,0.04894681252942901,0.0001015177758902635,100,0.25
0.99,1.0101010101,1.4,8,0.025,0.02876797186602732,5.861226945974582e-05,0.04895399350943096,0.0001449646304958993,100,0.25
0.99,1.0101010101,1.5,8,0.025,0.02879746836592175,0.0001105704861856134,0.04898629357352588,0.0002168589422028281,100,0.25
0.99,1.0101010101,1.6,8,0.025,0.02884556515079868,0.0001793575178413919,0.04903961934556861,0.0003167809319258096,100,0.25
0.99,1.0101010101,1.7,8,0.025,0.02891120991624271,0.0002641727619893808,0.04910986165501819,0.0004440428374901684,100,0.25
0.99,1.0101010101,1.8,8,0.025,0.02950767062061586,0.0005989663484141773,0.04918408625545627,0.0005987759739573969,100,0.375
0.99,1.0101010101,1.9,8,0.025,0.02962585129553606,0.0006814573949951982,0.04927938128948443,0.0007753628911749243,100,0.375
0.99,1.0101010101,2,8,0.025,0.0297654264869376,0.0007874881998623812,0.04937591578364126,0.0009683604023282631,100,0.375
0.99,1.0101010101,2.1,8,0.025,0.02991127505937436,0.0009037050566713878,0.04945734362458214,0.001166564165537329,100,0.375
0.99,1.0101010101,2.2,8,0.025,0.03004744858431,0.001018466427349388,0.04950795315599902,0.001356791154595775,100,0.375
0.99,1.0101010101,2.3,8,0.025,0.03016308311916688,0.001125691773829727,0.0495132232978962,0.001527992050624922,100,0.375
0.99,1.0101010101,2.4,8,0.025,0.03024524211447698,0.001219981207276871,0.04946911910589862,0.001673154873359234,100,0.375
0.99,1.0101010101,2.5,8,0.025,0.03027719038107099,0.001294710728541392,0.04937450436809737,0.001790655257445907,100,0.375
0.99,1.0101010101,2.6,8,0.025,0.03024518320711786,0.001344694278299294,0.04922564511662772,0.001886074070721214,100,0.375
0.99,1.0101010101,2.7,8,0.025,0.03013821274714041,0.001365583148952241,0.04901890724350253,0.001972945409674892,100,0.375
0.99,1.0101010101,2.8,8,0.025,0.03053794358629666,0.0018485550346848,0.04862927625302145,0.002015485577795128,100,0.625
0.99,1.0101010101,2.9,8,0.025,0.02788749467878152,0.002688305069037249,0.04416482158385789,0.003986550814820545,100,0.75
0.99,1.0101010101,3,8,0.025,0.03260042706943433,0.005305147032862233,0.04319790241315609,0.004013342404461892,100,0.875
0.99,1.0101010101,3.1,8,0.025,0.0326418839447478,0.005258464545102839,0.0435026852968609,0.004038634161086266,100,0.875
0.99,1.0101010101,3.2,8,0.025,0.03255512667501254,0.00522813631406694,0.0439123159057313,0.004045262830137648,100,0.875
0.99,1.0101010101,3.3,8,0.025,0.03236324573354823,0.005125974820544593,0.04435615045050564,0.00405116459829395,100,0.875
0.99,1.0101010101,3.4,8,0.025,0.03209648899686184,0.004930978808020152,0.0447728570492023,0.004066847760394947,100,0.875
0.99,1.0101010101,3.5,8,0.025,0.03174908591639457,0.004688453050283663,0.04512649537831427,0.004085917850583623,100,0.875
0.99,1.0101010101,3.6,8,0.025,0.02820166299907464,0.005561964389947225,0.03943375340557381,0.006731891132509446,100,1
0.99,1.0101010101,3.7,8,0.025,0.02748701768936072,0.005374572817411901,0.03964622686630274,0.006667531623418149,100,1.125
0.99,1.0101010101,3.8,8,0.025,0.02730496679857904,0.004737470079004547,0.03984386304614803,0.006430108047295235,100,1.125
0.99,1.0101010101,3.9,8,0.025,0.02681960890720912,0.004197042002954607,0.03971972655652287,0.006235866232267801,100,1.125
0.99,1.0101010101,4,8,0.025,0.02594227836632506,0.003879315329896085,0.03912441952014365,0.006216672640889633,100,1.125
0.99,1.0101010101,4.1,8,0.025,0.02501274839989416,0.003699142591240673,0.03823211850917588,0.006284494107014313,100,1.125
0.99,1.0101010101,4.2,8,0.025,0.02441782678494114,0.003422546809541922,0.03732532342965233,0.006254097039359287,100,1.125
0.99,1.0101010101,4.3,8,0.025,0.02421156312439525,0.002969715642800885,0.03747521937621979,0.005870006216033942,100,1.25
0.99,1.0101010101,4.4,8,0.025,0.02434761445289424,0.002559119712831852,0.03663733606689525,0.005649124534258419,100,1.375
0.99,1.0101010101,4.5,8,0.025,0.02507125544416198,0.002750043959405555,0.037270705228254,0.00629816772937273,100,1.5
0.99,1.0101010101,4.6,8,0.025,0.02481242093068324,0.002703450205044748,0.03600172800165057,0.006200186352095525,100,1.5
0.99,1.0101010101,4.7,8,0.025,0.02467713683193802,0.002704539505988133,0.03449022611228169,0.005953410306555932,100,1.5
0.99,1.0101010101,4.8,8,0.025,0.02477625740638348,0.002693134677975711,0.03288547896198909,0.005563209672812581,100,1.5
0.99,1.0101010101,4.9,8,0.025,0.02502871531816504,0.002705535521184676,0.0312821662281747,0.005118082520958431,100,1.5
0.99,1.0101010101,5,8,0.025,0.025255467162587,0.002777494295616801,0.02976770160905979,0.004716825338395863,100,1.5
0.99,1.0101010101,5.1,8,0.025,0.02536277421091084,0.00287683394406005,0.02844057489885895,0.004407389142305606,100,1.5
0.99,1.0101010101,5.2,8,0.025,0.0253928101058012,0.002950961170946533,0.02738282801339411,0.004186817487294245,100,1.5
0.99,1.0101010101,5.3,8,0.025,0.02542688879507924,0.00296929883963219,0.0266398059536109,0.004031057911315739,100,1.5
0.99,1.0101010101,5.4,8,0.025,0.02367601465685058,0.003749826981521682,0.02675041624469359,0.003873870355367981,100,1.625
0.99,1.0101010101,5.5,8,0.025,0.02379826514020461,0.003652081543206022,0.02668213416994673,0.003763678807896108,100,1.625
0.99,1.0101010101,5.6,8,0.025,0.02356691210659155,0.003447940853871974,0.02732478478023412,0.003637324421053102,100,1.75
0.99,1.0101010101,5.7,8,0.025,0.02059026484736802,0.003813868275279557,0.02647528256444603,0.002645906892520066,100,1.875
0.99,1.0101010101,5.8,8,0.025,0.02099614766598435,0.003410432374173747,0.02655293244098634,0.002516683951310316,100,1.875
0.99,1.0101010101,5.9,8,0.025,0.02161057328610096,0.002854946152735168,0.02655617075305404,0.00236925157436876,100,1.875
0.99,1.0101010101,6,8,0.025,0.02189324349839895,0.002469797415493631,0.02655898577662093,0.002233026026619374,100,1.875
0.99,1.0101010101,6.1,8,0.025,0.02164902881269808,0.00237972236126666,0.02650578226851825,0.002117358379708428,100,1.875
0.99,1.0101010101,6.2,8,0.025,0.02120443283569281,0.00251563685672402,0.02629329551549307,0.002012455294595877,100,1.875
0.99,1.0101010101,6.3,8,0.025,0.02101642840457923,0.002549010346154979,0.02587280111277511,0.001925999306411262,100,1.875
0.99,1.0101010101,6.4,8,0.025,0.02028066916124661,0.002262301735931911,0.02589770980521288,0.002342744631098691,100,2
0.99,1.0101010101,6.5,8,0.025,0.01891954669785669,0.002935014683876384,0.02660851641932399,0.00357383738706868,100,2.125
0.99,1.0101010101,6.6,8,0.025,0.01950715834049544,0.002628532361206326,0.02612153751580544,0.003713905858640518,100,2.125
0.99,1.0101010101,6.7,8,0.025,0.01745677919681802,0.002651928088431185,0.03003865721035504,0.005920849291352173,100,2.375
0.99,1.0101010101,6.8,8,0.025,0.01758928206367946,0.002500215116202254,0.02936473538453568,0.005863097100033369,100,2.5
0.99,1.0101010101,6.9,8,0.025,0.01769926948951553,0.002373184233919476,0.02893042438854097,0.005896539046222085,100,2.625
0.99,1.0101010101,7,8,0.025,0.01801582050398956,0.002200121250464486,0.02800128089943874,0.005654269515370643,100,2.625
0.99,1.0101010101,7.1,8,0.025,0.0184549150641749,0.001959262664509858,0.0270865762263144,0.005323334162804913,100,2.625
0.99,1.0101010101,7.2,8,0.025,0.01886665731174426,0.001667796466725935,0.02655065932455098,0.00502760167676247,100,2.625
0.99,1.0101010101,7.3,8,0.025,0.01908225020418247,0.001400091701910322,0.02623291583183738,0.004713616418640348,100,2.625
0.99,1.0101010101,7.4,8,0.025,0.01909118623102322,0.001192621815874175,0.02573584928876548,0.004281966019652233,100,2.625
0.99,1.0101010101,7.5,8,0.025,0.01901099990605505,0.001051978412580131,0.02493976227796687,0.003763125347237637,100,2.625
0.99,1.0101010101,7.6,8,0.025,0.01891211338576018,0.0009722386608382007,0.02403396399234634,0.003272249104261387,100,2.625
0.99,1.0101010101,7.7,8,0.025,0.01885673459880107,0.0009115452472688881,0.0231976686128124,0.00282243550368142,100,2.625
0.99,1.0101010101,7.8,8,0.025,0.01886926692239629,0.0008698836518135465,0.02244687296049419,0.002379014060651493,100,2.625
0.99,1.0101010101,7.9,8,0.025,0.01887210913930136,0.0008709598072438382,0.02170665148887766,0.001968735922533498,100,2.625
0.99,1.0101010101,8,8,0.025,0.01743503513103442,0.00150437394940682,0.02201140370999358,0.00187159504036847,100,2.75
0.99,1.0101010101,8.1,8,0.025,0.01547306990817498,0.002284792702757818,0.02411276040530777,0.00337358667841834,100,2.875
0.99,1.0101010101,8.2,8,0.025,0.0155143524337869,0.002143302927816935,0.02360468395308819,0.003684615450003816,100,2.875
0.99,1.0101010101,8.3,8,0.025,0.01387463657995082,0.00194422589089307,0.02257723498794643,0.003727802202162971,100,3
0.99,1.0101010101,8.4,8,0.025,0.01409702850239954,0.001710872439730861,0.02215964653639398,0.003756303687512542,100,3
0.99,1.0101010101,8.5,8,0.025,0.01417225379334313,0.001621507311249823,0.02228064719571681,0.004206214534721558,100,3.125
0.99,1.0101010101,8.6,8,0.025,0.01458465911754941,0.001403625155971709,0.02206995226453349,0.004424079537404513,100,3.125
0.99,1.0101010101,8.7,8,0.025,0.01500239431872018,0.001247619247891089,0.02162253875768582,0.004530527442946726,100,3.125
0.99,1.0101010101,8.8,8,0.025,0.01535239237539742,0.001199255182075155,0.02128172597985165,0.004295067211201338,100,3.25
0.99,1.0101010101,8.9,8,0.025,0.01562385494758143,0.001260364410618751,0.02040885418293653,0.003937985948565735,100,3.25
0.99,1.0101010101,9,8,0.025,0.01589524331727425,0.001403446595324569,0.01991369507261381,0.003541713017559016,100,3.375
0.99,1.0101010101,9.1,8,0.025,0.01612685901838133,0.001570240478526935,0.01933113231099626,0.003231397374103739,100,3.375
0.99,1.0101010101,9.2,8,0.025,0.01648389512765952,0.001721173162211328,0.01907087753946846,0.00295702204562727,100,3.5
0.99,1.0101010101,9.3,8,0.025,0.01648845425986251,0.001835016063542946,0.01854181818676624,0.002737992093805386,100,3.5
0.99,1.0101010101,9.4,8,0.025,0.01618956851404773,0.001878994186447843,0.01860490873280736,0.003359661866342494,100,3.75
0.99,1.0101010101,9.5,8,0.025,0.01592343174259587,0.001921280474426312,0.017910633627131,0.002967474702954942,100,3.75
0.99,1.0101010101,9.6,8,0.025,0.01557321057685179,0.001948469032782793,0.01749684229721022,0.002864620163541674,100,3.75
0.99,1.0101010101,9.7,8,0.025,0.01518991918388831,0.001962442467587143,0.0172566059808176,0.00290931706155579,100,3.75
0.99,1.0101010101,9.8,8,0.025,0.01478661538385978,0.001957214547471363,0.01697725117210125,0.002906579866435902,100,3.75
0.99,1.0101010101,9.9,8,0.025,0.01421810638412029,0.001984874906671871,0.01671368177282417,0.002725826015621863,100,3.875
0.99,1.0101010101,10,8,0.025,0.01378552753013,0.001949721559725847,0.0161337045853343,0.00254290189945168,100,3.875
0.99,1.0101010101,0,16,0.025,0.02948833845319166,0,0.04996164346306375,0,100,0
0.99,1.0101010101,0.1,16,0.025,0.02924796223977388,0.0001721162031784176,0.05005768165774674,0.0002090626946151287,100,0.0625
0.99,1.0101010101,0.2,16,0.025,0.02918129473838545,0.0001715631621192703,0.04994505164438914,0.0002079475135631369,100,0.0625
0.99,1.0101010101,0.3,16,0.025,0.02911593587445253,0.0001713632414891144,0.04983473064077816,0.0002067062681914375,100,0.0625
0.99,1.0101010101,0.4,16,0.025,0.02905197660202013,0.0001716140358710792,0.0497267102624844,0.0002052566341151588,100,0.0625
0.99,1.0101010101,0.5,16,0.025,0.028796710052822,0.0002491396504251165,0.04982600888767159,0.0002794531455530204,100,0.125
0.99,1.0101010101,0.6,16,0.025,0.02873493718187753,0.000249455727330587,0.04972149574206582,0.0002769522807056005,100,0.125
0.99,1.0101010101,0.7,16,0.025,0.02714740823854816,0.001778492691891853,0.04686170481407415,0.002800498046186689,100,0.3125
0.99,1.0101010101,0.8,16,0.025,0.027134410094509,0.001751552884936654,0.04698295609343744,0.002589221016337357,100,0.3125
0.99,1.0101010101,0.9,16,0.025,0.02718113966746584,0.001680209644613449,0.04730151809439585,0.002188178042237936,100,0.3125
0.99,1.0101010101,1,16,0.025,0.02731246968719826,0.001575836977206715,0.04741065658973334,0.002002605164938149,100,0.4375
0.99,1.0101010101,1.1,16,0.025,0.02742596042359396,0.001464234464516518,0.04715585785779106,0.002181960163445066,100,0.4375
0.99,1.0101010101,1.2,16,0.025,0.02754247383428945,0.001361286080537754,0.04679879730428869,0.002474816821730117,100,0.4375
0.99,1.0101010101,1.3,16,0.025,0.02764739456526965,0.001278065175547082,0.04668902648932104,0.002538552032337439,100,0.4375
0.99,1.0101010101,1.4,16,0.025,0.02772974264350143,0.001217657838730805,0.04690867539977238,0.002294474984120125,100,0.4375
0.99,1.0101010101,1.5,16,0.025,0.0277822547515913,0.001181668129843891,0.04724446388813626,0.001951007968893848,100,0.4375
0.99,1.0101010101,1.6,16,0.025,0.02779410716883667,0.001173634672266496,0.04746439123337846,0.001737714705620164,100,0.4375
0.99,1.0101010101,1.7,16,0.025,0.02740884441441857,0.001300022985709229,0.04797087783001833,0.001780303836504974,100,0.5
0.99,1.0101010101,1.8,16,0.025,0.02759827558170534,0.001385797925495802,0.04800341559390673,0.001764315594483206,100,0.5625
0.99,1.0101010101,1.9,16,0.025,0.02752647363425981,0.00143578748138886,0.04810691777946866,0.001693788658665534,100,0.5625
0.99,1.0101010101,2,16,0.025,0.02747450024372844,0.001472244530817543,0.04826017419611635,0.001585777812802585,100,0.5625
0.99,1.0101010101,2.1,16,0.025,0.02744408989306373,0.001489202171097602,0.04837426304430527,0.001519948573401477,100,0.5625
0.99,1.0101010101,2.2,16,0.025,0.02741251568192307,0.00149809750979146,0.04837269816609444,0.00154269643647907,100,0.5625
0.99,1.0101010101,2.3,16,0.025,0.02735520771183736,0.001514250158228054,0.0482272528236516,0.00163777303793342,100,0.5625
0.99,1.0101010101,2.4,16,0.025,0.02709442111827185,0.001527392567642851,0.05000846873361634,0.003339642946444321,100,0.625
0.99,1.0101010101,2.5,16,0.025,0.02698349024567534,0.001562423854029675,0.04964024829444,0.003422982925790204,100,0.625
0.99,1.0101010101,2.6,16,0.025,0.0263043296267093,0.001952824291552846,0.04997791449221591,0.003213261141826124,100,0.6875
0.99,1.0101010101,2.7,16,0.025,0.02625800882271568,0.001908052562234573,0.04967864680135403,0.003087776699389429,100,0.75
0.99,1.0101010101,2.8,16,0.025,0.02648095589360513,0.001983584254681303,0.04909444650636865,0.002999497524890599,100,0.875
0.99,1.0101010101,2.9,16,0.025,0.0252522618913888,0.001993076678511895,0.04650280335292684,0.003419893554362884,100,0.9375
0.99,1.0101010101,3,16,0.025,0.02777009540998739,0.003113095429298831,0.04567835447383901,0.003367310259031696,100,1
0.99,1.0101010101,3.1,16,0.025,0.02799419582514123,0.003033817011704679,0.04545442287755807,0.003253310829783923,100,1
0.99,1.0101010101,3.2,16,0.025,0.02817145904989984,0.002957236874996297,0.04519641128178335,0.003106918622327233,100,1
0.99,1.0101010101,3.3,16,0.025,0.02830426511571658,0.00285251618731288,0.04485835308424167,0.002965590474438616,100,1
0.99,1.0101010101,3.4,16,0.025,0.02811064051047291,0.002784787071035995,0.04304381112250233,0.003239963462365482,100,1.0625
0.99,1.0101010101,3.5,16,0.025,0.02815934242201406,0.002617489291366023,0.04306824564082039,0.003097555780731898,100,1.0625
0.99,1.0101010101,3.6,16,0.025,0.02659916886320974,0.002849707363325505,0.04020396975490858,0.003909485831976608,100,1.125
0.99,1.0101010101,3.7,16,0.025,0.02642862631226888,0.002729818992190144,0.04018056598862781,0.003850017180015138,100,1.1875
0.99,1.0101010101,3.8,16,0.025,0.02650133461213609,0.002419973812493177,0.03997359445220885,0.003772551721252939,100,1.1875
0.99,1.0101010101,3.9,16,0.025,0.02653617753689034,0.002151103555473971,0.03985244777079371,0.003675875638935394,100,1.25
0.99,1.0101010101,4,16,0.025,0.02624809881242822,0.002001699156007884,0.03929345863443058,0.003682057574482013,100,1.25
0.99,1.0101010101,4.1,16,0.025,0.02590671234887791,0.001933072794732541,0.03877561467183605,0.003694733483839059,100,1.25
0.99,1.0101010101,4.2,16,0.025,0.02389817807481584,0.002365653869767994,0.04115975895061469,0.005062835466032803,100,1.3125
0.99,1.0101010101,4.3,16,0.025,0.02385662058415852,0.002196579449041393,0.0412675790013123,0.004968457914010431,100,1.375
0.99,1.0101010101,4.4,16,0.025,0.02458910508222336,0.002067231639281574,0.04076645785489635,0.004970521066885418,100,1.5
0.99,1.0101010101,4.5,16,0.025,0.02503471807687389,0.002038547552422795,0.04092151081233986,0.005151131796638238,100,1.5625
0.99,1.0101010101,4.6,16,0.025,0.02498003823950769,0.001934078467003603,0.04006017011959792,0.005126282337072035,100,1.5625
0.99,1.0101010101,4.7,16,0.025,0.02495465589229152,0.001856786097424558,0.03907078027618742,0.005024977357588335,100,1.5625
0.99,1.0101010101,4.8,16,0.025,0.02498794896282271,0.001793212880288806,0.03805219998394413,0.004870636149160119,100,1.5625
0.99,1.0101010101,4.9,16,0.025,0.02503354392434589,0.00175700274073556,0.03702477553630172,0.004710045406047216,100,1.5625
0.99,1.0101010101,5,16,0.025,0.02514009850792401,0.001724607965296856,0.03625837612807813,0.004512938043470174,100,1.625
0.99,1.0101010101,5.1,16,0.025,0.02502048223758792,0.001759924750245536,0.0351877276033315,0.004374388616832355,100,1.625
0.99,1.0101010101,5.2,16,0.025,0.025099177476362,0.001871357462617165,0.03389534393368265,0.004152293292783912,100,1.6875
0.99,1.0101010101,5.3,16,0.025,0.02492084055522062,0.001905952405301244,0.03298071144883143,0.003951399037679197,100,1.6875
0.99,1.0101010101,5.4,16,0.025,0.02386454641777417,0.00221886939293169,0.03256627666303084,0.00371608681173015,100,1.75
0.99,1.0101010101,5.5,16,0.025,0.02376238650802827,0.002189320879478994,0.03217208107649887,0.003545451499839441,100,1.75
0.99,1.0101010101,5.6,16,0.025,0.02349912995361236,0.002109986836518092,0.03216245780325058,0.003381401930591052,100,1.8125
0.99,1.0101010101,5.7,16,0.025,0.02187192909635288,0.00226881385429374,0.03132932801535696,0.003119839637555377,100,1.875
0.99,1.0101010101,5.8,16,0.025,0.02174358026877558,0.002086178989931361,0.03034856028004798,0.003175276751012924,100,1.9375
0.99,1.0101010101,5.9,16,0.025,0.02267110346763635,0.002193859315036675,0.03085040685838345,0.003548306631553159,100,2
0.99,1.0101010101,6,16,0.025,0.02391565869158358,0.001929800907118667,0.02854958641509562,0.003716612695190807,100,2.125
0.99,1.0101010101,6.1,16,0.025,0.02340771355762394,0.00178190645503404,0.02857266785222385,0.003712715602092858,100,2.125
0.99,1.0101010101,6.2,16,0.025,0.02273402512464316,0.001699279958983285,0.02845331693595048,0.003725344325920729,100,2.125
0.99,1.0101010101,6.3,16,0.025,0.02215988574287001,0.001591537832969181,0.02814130107529635,0.003692708699434054,100,2.1875
0.99,1.0101010101,6.4,16,0.025,0.02142799383010176,0.001451955986280633,0.02813428344845479,0.003719255460153223,100,2.25
0.99,1.0101010101,6.5,16,0.025,0.02040438491130884,0.001729695985697614,0.02851407647549877,0.00386819459766481,100,2.3125
0.99,1.0101010101,6.6,16,0.025,0.02033769716874944,0.001582828640685635,0.0283093225223144,0.00382636953306662,100,2.3125
0.99,1.0101010101,6.7,16,0.025,0.01897899840338542,0.001612888461543851,0.03034032890413915,0.00429915572942012,100,2.5
0.99,1.0101010101,6.8,16,0.025,0.01875668205333141,0.001521906622947272,0.02993302453806747,0.004207668949254602,100,2.5625
0.99,1.0101010101,6.9,16,0.025,0.01855184472352864,0.001472728997960818,0.02934198514470239,0.004194820780195399,100,2.6875
0.99,1.0101010101,7,16,0.025,0.01893280414113981,0.001351901110289972,0.02862933657080605,0.004034025062628351,100,2.75
0.99,1.0101010101,7.1,16,0.025,0.01899324923981307,0.001250895985165593,0.02790670171085214,0.003845015187419572,100,2.75
0.99,1.0101010101,7.2,16,0.025,0.01903863485744648,0.001142093967130404,0.02741239372007284,0.003678108064424565,100,2.75
0.99,1.0101010101,7.3,16,0.025,0.01901678523834414,0.001060172973992557,0.0270556169604972,0.003524255232532677,100,2.75
0.99,1.0101010101,7.4,16,0.025,0.018938555728971,0.001012261197071632,0.02658965915466835,0.003353701972835151,100,2.75
0.99,1.0101010101,7.5,16,0.025,0.01884103196190589,0.0009874835415982219,0.0259386692247151,0.003175320983889749,100,2.75
0.99,1.0101010101,7.6,16,0.025,0.01872194715321719,0.0009805198911876864,0.02523049785059937,0.003021144325057969,100,2.75
0.99,1.0101010101,7.7,16,0.025,0.01860239994092447,0.0009904132225357976,0.02459771745739477,0.002892560212763536,100,2.75
0.99,1.0101010101,7.8,16,0.025,0.01834416706377345,0.0009002723881485642,0.02426399313832213,0.002914562929094298,100,2.8125
0.99,1.0101010101,7.9,16,0.025,0.01828560212638293,0.0009454632374184677,0.02373787307653115,0.002835685991042663,100,2.8125
0.99,1.0101010101,8,16,0.025,0.0175397633725774,0.001138119566484699,0.02371634986462064,0.002798058953971866,100,2.875
0.99,1.0101010101,8.1,16,0.025,0.01654166874409804,0.001459910050419427,0.02458215988217247,0.003076157976113839,100,2.9375
0.99,1.0101010101,8.2,16,0.025,0.01644283559689716,0.001401761513017658,0.02407722947405653,0.003131836065036551,100,3
0.99,1.0101010101,8.3,16,0.025,0.0155683699629209,0.001407915609707595,0.02343661122942382,0.003143603924041278,100,3.0625
0.99,1.0101010101,8.4,16,0.025,0.01547348123386627,0.001380371696863094,0.02259707919649594,0.003290359155769465,100,3.125
0.99,1.0101010101,8.5,16,0.025,0.01543018261227632,0.001373773608027518,0.02250040448828564,0.003412003968926234,100,3.1875
0.99,1.0101010101,8.6,16,0.025,0.01557716102556447,0.001318458037315976,0.02225455648821684,0.003477230213485186,100,3.1875
0.99,1.0101010101,8.7,16,0.025,0.01571391013413214,0.001290432798262037,0.021901285834804,0.003510986911450588,100,3.1875
0.99,1.0101010101,8.8,16,0.025,0.01579696468265948,0.001300969241841074,0.02158096579616073,0.003432707345868676,100,3.25
0.99,1.0101010101,8.9,16,0.025,0.01590187598880878,0.001325774190272132,0.02099042730784685,0.003302191874737459,100,3.3125
0.99,1.0101010101,9,16,0.025,0.01598176320302195,0.001362948014040042,0.02052986089870052,0.00315549009791938,100,3.375
0.99,1.0101010101,9.1,16,0.025,0.01623393600157205,0.001482232814577946,0.0198969703999027,0.002931234385092175,100,3.4375
0.99,1.0101010101,9.2,16,0.025,0.0163658903106919,0.001502866268129895,0.01964230289487564,0.002835791722966995,100,3.5
0.99,1.0101010101,9.3,16,0.025,0.01633059493735318,0.001502991185188666,0.0192751507796913,0.002768840449815358,100,3.5625
0.99,1.0101010101,9.4,16,0.025,0.01608383137395355,0.001501917730822837,0.0192164040011186,0.002895873409615989,100,3.6875
0.99,1.0101010101,9.5,16,0.025,0.01584450535459888,0.001502162740320031,0.01874799630524273,0.002761193512345357,100,3.6875
0.99,1.0101010101,9.6,16,0.025,0.01556407796147708,0.001494708173700571,0.01840007459517684,0.002692564152480631,100,3.6875
0.99,1.0101010101,9.7,16,0.025,0.01525601991501894,0.001481876505802192,0.01814444861570069,0.002658622803810475,100,3.6875
0.99,1.0101010101,9.8,16,0.025,0.01490872858947113,0.001467479756986078,0.01788274396197444,0.002617683193506488,100,3.6875
0.99,1.0101010101,9.9,16,0.025,0.0135199266855518,0.001653729151381453,0.01737150199056952,0.002509846527014606,100,3.8125
0.99,1.0101010101,10,16,0.025,0.01319070767275315,0.001646536765619896,0.0170014420581612,0.002429355734580683,100,3.8125
0.99,1.0101010101,0,32,0.025,0.02948833845319166,0,0.04996164346306371,7.477572812058028e-18,100,0
0.99,1.0101010101,0.1,32,0.025,0.02933402034136311,8.605810158920877e-05,0.04995315031043913,0.0001045313473075644,100,0.03125
0.99,1.0101010101,0.2,32,0.025,0.0284840234072943,0.0007849819721675119,0.04834577063340037,0.00150225990566934,100,0.0625
0.99,1.0101010101,0.3,32,0.025,0.0282863962887937,0.0007732403319857745,0.0484268718938941,0.001507439730226121,100,0.125
0.99,1.0101010101,0.4,32,0.025,0.02826970560987236,0.0007278864663841095,0.04834511072331012,0.001482426949544301,100,0.125
0.99,1.0101010101,0.5,32,0.025,0.02816728836295701,0.0006765601258095561,0.04837510998910815,0.001459191525598782,100,0.1875
0.99,1.0101010101,0.6,32,0.025,0.02817733126595122,0.0006098643833061665,0.04832434103657053,0.001414562411191495,100,0.1875
0.99,1.0101010101,0.7,32,0.025,0.02742751081122352,0.001020586184689984,0.04690819376698241,0.001920776304783948,100,0.28125
0.99,1.0101010101,0.8,32,0.025,0.02757100769203003,0.0009893776959885002,0.04563091636170286,0.002227735827328466,100,0.3125
0.99,1.0101010101,0.9,32,0.025,0.02752601027902623,0.0009442706820521194,0.04734173513750005,0.002670122408676973,100,0.34375
0.99,1.0101010101,1,32,0.025,0.02762116639782193,0.0008694117088152338,0.04761711472836247,0.002547847453136318,100,0.40625
0.99,1.0101010101,1.1,32,0.025,0.02770048254175624,0.0007945645423983135,0.04775633303397112,0.002476749285391692,100,0.40625
0.99,1.0101010101,1.2,32,0.025,0.02777362010237863,0.0007323095305944204,0.04781455763975938,0.002427042360686494,100,0.4375
0.99,1.0101010101,1.3,32,0.025,0.02774063690989825,0.0006924782906826727,0.04804517744093009,0.002328584403619847,100,0.46875
0.99,1.0101010101,1.4,32,0.025,0.02777881526040736,0.000676498027068014,0.04828037510477387,0.002146750048341386,100,0.46875
0.99,1.0101010101,1.5,32,0.025,0.02787097353700134,0.0007117901619674732,0.04839113074058968,0.001960762593997997,100,0.53125
0.99,1.0101010101,1.6,32,0.025,0.02821103744922579,0.0008119244491556983,0.04711166136047664,0.002307182406051538,100,0.5625
0.99,1.0101010101,1.7,32,0.025,0.02727859863512192,0.0009961593713055336,0.04590360302154809,0.002574040148661696,100,0.65625
0.99,1.0101010101,1.8,32,0.025,0.02664626504840174,0.001245876545149666,0.04434274259325992,0.002818802798108789,100,0.71875
0.99,1.0101010101,1.9,32,0.025,0.02652277959442679,0.001260483363829229,0.04432762816813694,0.002695235965823504,100,0.71875
0.99,1.0101010101,2,32,0.025,0.02642131525581092,0.001272943046942334,0.04431671235324109,0.002548181802175674,100,0.71875
0.99,1.0101010101,2.1,32,0.025,0.02636972434674528,0.001269443768543185,0.04430911571827848,0.002394472056951387,100,0.75
0.99,1.0101010101,2.2,32,0.025,0.02593119910234371,0.001390050874591035,0.04500753731180032,0.002010419000542258,100,0.78125
0.99,1.0101010101,2.3,32,0.025,0.02612073654981236,0.001327517155238837,0.04496820653908928,0.001900841150271447,100,0.78125
0.99,1.0101010101,2.4,32,0.025,0.02611421917032896,0.001291913954432281,0.04584046775889493,0.002343455602215476,100,0.8125
0.99,1.0101010101,2.5,32,0.025,0.02704480567129148,0.001780395968734765,0.04673560282816037,0.002745527690073852,100,0.875
0.99,1.0101010101,2.6,32,0.025,0.02662148238475502,0.001872674680734002,0.04547863754023836,0.00294188444700937,100,0.9375
0.99,1.0101010101,2.7,32,0.025,0.02653422258812079,0.001859324043970918,0.04502217112335448,0.002999873223347256,100,1
0.99,1.0101010101,2.8,32,0.025,0.02674546117690369,0.001813648233296425,0.04522477397854819,0.002878741422598545,100,1.09375
0.99,1.0101010101,2.9,32,0.025,0.02528463367496394,0.001838372956954631,0.04334449691353696,0.003102474950831768,100,1.15625
0.99,1.0101010101,3,32,0.025,0.02771615271924791,0.002397844353444339,0.04166235439553331,0.00313813872370693,100,1.28125
0.99,1.0101010101,3.1,32,0.025,0.02795337295641452,0.002305672772668336,0.04146542781619655,0.003063408532018722,100,1.28125
0.99,1.0101010101,3.2,32,0.025,0.02807045522532887,0.002232180523348205,0.04142505490902755,0.002937389028336639,100,1.28125
0.99,1.0101010101,3.3,32,0.025,0.02809091133823339,0.002135688871878609,0.04155962203412843,0.002744258164823175,100,1.28125
0.99,1.0101010101,3.4,32,0.025,0.027870910994337,0.002042048893720225,0.04026339740012965,0.002752058560262034,100,1.375
0.99,1.0101010101,3.5,32,0.025,0.02797745849820339,0.00186246155045924,0.04056178354697948,0.002546727835261671,100,1.375
0.99,1.0101010101,3.6,32,0.025,0.02731186170324624,0.001836977142197422,0.03923570464969363,0.00266516692052312,100,1.40625
0.99,1.0101010101,3.7,32,0.025,0.02727141007692201,0.001711637441031321,0.03920744497147267,0.002572912134420408,100,1.4375
0.99,1.0101010101,3.8,32,0.025,0.02723768781936494,0.001533004734283758,0.03899206088571693,0.002507520722287263,100,1.46875
0.99,1.0101010101,3.9,32,0.025,0.02717370873448197,0.001372911314466208,0.03885388764975271,0.00241969428813483,100,1.5
0.99,1.0101010101,4,32,0.025,0.02697505590906072,0.001275740869134556,0.03838230051322734,0.002365185850853416,100,1.53125
0.99,1.0101010101,4.1,32,0.025,0.026676483302994,0.001226502660449294,0.03790946833392291,0.002333629217956436,100,1.53125
0.99,1.0101010101,4.2,32,0.025,0.02547651436527234,0.001409800940247483,0.03887753526926793,0.002895424692354154,100,1.59375
0.99,1.0101010101,4.3,32,0.025,0.02527600841146763,0.001338558543784901,0.03859747504374475,0.002851683872668388,100,1.625
0.99,1.0101010101,4.4,32,0.025,0.0254609469727831,0.001285376519075341,0.03801739705797066,0.002842901693588016,100,1.6875
0.99,1.0101010101,4.5,32,0.025,0.0246379639675591,0.001547346953252755,0.03846521521588292,0.002918007012788154,100,1.75
0.99,1.0101010101,4.6,32,0.025,0.02373202741500766,0.001618981213299858,0.03620770525567191,0.003074501760726025,100,1.78125
0.99,1.0101010101,4.7,32,0.025,0.02374085190207885,0.001544674209884017,0.03539581462554766,0.002993503929765789,100,1.78125
0.99,1.0101010101,4.8,32,0.025,0.02390655439949357,0.001491619607457739,0.03445309420243212,0.002875517737585065,100,1.84375
0.99,1.0101010101,4.9,32,0.025,0.02385859976430433,0.001455387601771215,0.03369403854692554,0.002765083438209352,100,1.84375
0.99,1.0101010101,5,32,0.025,0.02353915296424471,0.001555781760297161,0.03258664332998864,0.002795153666194371,100,1.96875
0.99,1.0101010101,5.1,32,0.025,0.02284624365316528,0.001570691838633417,0.03207217066488388,0.002737756221055942,100,2
0.99,1.0101010101,5.2,32,0.025,0.02299536460123133,0.001529666906795246,0.03130899364102467,0.002648677249869704,100,2.03125
0.99,1.0101010101,5.3,32,0.025,0.02313770110761901,0.001432071655508638,0.03071010871666468,0.00257717942595954,100,2.03125
0.99,1.0101010101,5.4,32,0.025,0.02304712471744132,0.001458185915754358,0.03033430171453658,0.002497140930204408,100,2.09375
0.99,1.0101010101,5.5,32,0.025,0.02311885023197645,0.001390677648660948,0.02995147154417657,0.002435245916403727,100,2.09375
0.99,1.0101010101,5.6,32,0.025,0.02284335877561614,0.00137154342488862,0.02955084519606915,0.002424385832732144,100,2.1875
0.99,1.0101010101,5.7,32,0.025,0.02208728207980539,0.001405456979276477,0.02897196850175429,0.002322863451997061,100,2.21875
0.99,1.0101010101,5.8,32,0.025,0.02187600201903579,0.001301113236032638,0.02828448666054171,0.002324575206188959,100,2.28125
0.99,1.0101010101,5.9,32,0.025,0.02244079651479754,0.001349439848373096,0.02830987383519279,0.002454625506657028,100,2.3125
0.99,1.0101010101,6,32,0.025,0.02313190912975762,0.001269995748229059,0.02729201836662468,0.002472449058813979,100,2.40625
0.99,1.0101010101,6.1,32,0.025,0.02289551727585879,0.001224065669182982,0.02708049467883884,0.002456426092240888,100,2.40625
0.99,1.0101010101,6.2,32,0.025,0.02252357744462427,0.001200472300334209,0.02682018778679552,0.002450111220695909,100,2.40625
0.99,1.0101010101,6.3,32,0.025,0.0222537568593518,0.001192951061965779,0.02628426571607307,0.002439421074431779,100,2.53125
0.99,1.0101010101,6.4,32,0.025,0.02184125602705082,0.001164056072432332,0.02615230276759065,0.00244650363508338,100,2.59375
0.99,1.0101010101,6.5,32,0.025,0.02117174819024498,0.001267878732091269,0.0263485788073118,0.002496608888034614,100,2.65625
0.99,1.0101010101,6.6,32,0.025,0.0210301802841093,0.00121721673911881,0.02613108976583199,0.002475950163868659,100,2.65625
0.99,1.0101010101,6.7,32,0.025,0.0201863761143257,0.00123083724754574,0.02702729864106986,0.002692038974433681,100,2.75
0.99,1.0101010101,6.8,32,0.025,0.0198684193385984,0.001186525635755944,0.02671819395919251,0.002652686332041729,100,2.78125
0.99,1.0101010101,6.9,32,0.025,0.01872582395823692,0.001246962013256378,0.02548756448708207,0.002630512257405782,100,2.875
0.99,1.0101010101,7,32,0.025,0.0186786958988737,0.001364923437245024,0.02490896499957633,0.002605504676151475,100,3
0.99,1.0101010101,7.1,32,0.025,0.01861431240417759,0.001297495669341086,0.02465335367475312,0.002526116508574553,100,3
0.99,1.0101010101,7.2,32,0.025,0.01852994160111899,0.001239006559515909,0.02431971255120834,0.002477351623183369,100,3.03125
0.99,1.0101010101,7.3,32,0.025,0.01858172799126683,0.001252868902376047,0.02386212728663798,0.002367862527023304,100,3.0625
0.99,1.0101010101,7.4,32,0.025,0.01852402875495707,0.001213561658211999,0.02347903977892841,0.002300096528067911,100,3.09375
0.99,1.0101010101,7.5,32,0.025,0.01845689378700498,0.00119117244777751,0.02318506649713368,0.002229194514928496,100,3.125
0.99,1.0101010101,7.6,32,0.025,0.01808950722970699,0.001218729564449279,0.02271762110629975,0.002191607589105715,100,3.15625
0.99,1.0101010101,7.7,32,0.025,0.01802459380249653,0.001212547225113159,0.02237916802551509,0.00215452549725881,100,3.15625
0.99,1.0101010101,7.8,32,0.025,0.01715518380549591,0.001279492742389711,0.02252270087724566,0.002200740828340788,100,3.21875
0.99,1.0101010101,7.9,32,0.025,0.01706370997483675,0.001280351074377062,0.02213048704897182,0.002168495668883263,100,3.21875
0.99,1.0101010101,8,32,0.025,0.01661256805378637,0.001296811937629997,0.02197294865688629,0.00215098341373369,100,3.28125
0.99,1.0101010101,8.1,32,0.025,0.01595457064286763,0.001375198237890824,0.02224339300375709,0.00224771535087338,100,3.375
0.99,1.0101010101,8.2,32,0.025,0.01592206661064401,0.001349166344525804,0.02180007728093491,0.002260435689781532,100,3.40625
0.99,1.0101010101,8.3,32,0.025,0.01551470812291316,0.001347748192244755,0.02129957900173888,0.002254036368244308,100,3.4375
0.99,1.0101010101,8.4,32,0.025,0.0154820368532463,0.001354271798635817,0.02069188773850709,0.002288163597978656,100,3.46875
0.99,1.0101010101,8.5,32,0.025,0.01544686847012373,0.001374532805413297,0.02043481661844612,0.00232626128372682,100,3.5
0.99,1.0101010101,8.6,32,0.025,0.01572059706634511,0.001391040220186711,0.02008974559149301,0.002348706123185649,100,3.53125
0.99,1.0101010101,8.7,32,0.025,0.01571545022978212,0.001401942137811999,0.01970899455320347,0.002363761294017442,100,3.53125
0.99,1.0101010101,8.8,32,0.025,0.0156930741791842,0.001421815952750632,0.01937377692249398,0.002341906540016657,100,3.5625
0.99,1.0101010101,8.9,32,0.025,0.01582885958953741,0.001434889772947153,0.01907617061517438,0.002279637538479545,100,3.6875
0.99,1.0101010101,9,32,0.025,0.01578023280837906,0.001464568909520679,0.01868640672147568,0.002241525581592521,100,3.71875
0.99,1.0101010101,9.1,32,0.025,0.01574675593733173,0.001511935372759643,0.01826873939246075,0.002177824434457776,100,3.78125
0.99,1.0101010101,9.2,32,0.025,0.01562969098206811,0.001526542806099491,0.01797567951303538,0.002172474351749472,100,3.8125
0.99,1.0101010101,9.3,32,0.025,0.01543615906213992,0.001524053467177626,0.01742409552163714,0.002152970635521417,100,3.90625
0.99,1.0101010101,9.4,32,0.025,0.01541008826760671,0.001539149859046489,0.017231805985699,0.0022100237021137,100,4
0.99,1.0101010101,9.5,32,0.025,0.01516661368846292,0.001517087806724272,0.01688288769750642,0.002159165052290569,100,4.03125
0.99,1.0101010101,9.6,32,0.025,0.01488438288717661,0.001467707359633655,0.01660560294620734,0.002107927150049427,100,4.0625
0.99,1.0101010101,9.7,32,0.025,0.01452951637704492,0.001424753061211088,0.01622450081975454,0.002080637944742846,100,4.09375
0.99,1.0101010101,9.8,32,0.025,0.01414391663940712,0.001380953714426776,0.01589325984715849,0.002032659200879707,100,4.09375
0.99,1.0101010101,9.9,32,0.025,0.01324406736885827,0.001383495703678483,0.01544931687686494,0.001951668504417032,100,4.15625
0.99,1.0101010101,10,32,0.025,0.01261194032776482,0.001323817480296294,0.01501878464435688,0.001869825628676584,100,4.1875
0.99,1.0101010101,0,64,0.025,0.02948833845319166,0,0.04996164346306377,2.622655377657235e-18,100,0
0.99,1.0101010101,0.1,64,0.025,0.02895654524691649,0.0004499247640343512,0.05059281191466102,0.0007056737193868516,100,0.0625
0.99,1.0101010101,0.2,64,0.025,0.02826838643834269,0.001024695959731512,0.04957645915537608,0.001435265348703958,100,0.140625
0.99,1.0101010101,0.3,64,0.025,0.02824732813179274,0.001000744020490447,0.04905553906388669,0.001565890399013909,100,0.203125
0.99,1.0101010101,0.4,64,0.025,0.02829942441422246,0.0009602874082044478,0.04904210284761791,0.001528017675621137,100,0.203125
0.99,1.0101010101,0.5,64,0.025,0.02830553714818169,0.000911571027863761,0.0489808099402637,0.001497207284947358,100,0.234375
0.99,1.0101010101,0.6,64,0.025,0.02853243451707848,0.0008768939310349091,0.0490326073774121,0.001479974535941333,100,0.25
0.99,1.0101010101,0.7,64,0.025,0.02766292644490703,0.001018611632522828,0.04753779466501686,0.001711695577255505,100,0.328125
0.99,1.0101010101,0.8,64,0.025,0.02763337657746626,0.0009577512641799576,0.04701122509787214,0.001716431254041717,100,0.359375
0.99,1.0101010101,0.9,64,0.025,0.02754466981879092,0.0008914299547827676,0.04795505594741607,0.001768067641809938,100,0.375
0.99,1.0101010101,1,64,0.025,0.02752047813774903,0.0008208815709862817,0.04804774968605345,0.001662214108381468,100,0.40625
0.99,1.0101010101,1.1,64,0.025,0.02705168169078671,0.0008522460964398486,0.04731709447959941,0.001742298249188874,100,0.4375
0.99,1.0101010101,1.2,64,0.025,0.02709741833659392,0.0008662508287465257,0.04634419869701083,0.001809763197163435,100,0.46875
0.99,1.0101010101,1.3,64,0.025,0.02699241172770302,0.000834647284965126,0.04638216998298556,0.001691228519717257,100,0.5
0.99,1.0101010101,1.4,64,0.025,0.02691641856954472,0.0008159933358073326,0.04653614023304394,0.001518863316809656,100,0.515625
0.99,1.0101010101,1.5,64,0.025,0.02691800016002332,0.0008142537696352211,0.04649437686486938,0.001407503567116119,100,0.5625
0.99,1.0101010101,1.6,64,0.025,0.0277141053201046,0.0008314228983658711,0.04612419796300183,0.001714072682548767,100,0.609375
0.99,1.0101010101,1.7,64,0.025,0.02677966650350511,0.0009379443394424038,0.04510597100884154,0.001795332820670837,100,0.671875
0.99,1.0101010101,1.8,64,0.025,0.02628822351063778,0.001011055952295468,0.04389500633766017,0.00185388538023497,100,0.734375
0.99,1.0101010101,1.9,64,0.025,0.02617147467531566,0.0009796312675863683,0.0437463756782869,0.001734724037343049,100,0.734375
0.99,1.0101010101,2,64,0.025,0.0261682383532079,0.0009731104538032762,0.04300365249955817,0.001734171821020224,100,0.765625
0.99,1.0101010101,2.1,64,0.025,0.02588792916903286,0.0009326710416946599,0.04259052765329237,0.00170559821452807,100,0.796875
0.99,1.0101010101,2.2,64,0.025,0.02604543552423657,0.0009993276514428176,0.04373630961057063,0.001720157897376576,100,0.859375
0.99,1.0101010101,2.3,64,0.025,0.02616890221909791,0.0009776637216124416,0.04370359370542336,0.001656659250928239,100,0.890625
0.99,1.0101010101,2.4,64,0.025,0.02623510680587526,0.0009146016333789694,0.04417860703640362,0.001770242409588608,100,0.921875
0.99,1.0101010101,2.5,64,0.025,0.026633503414357,0.0010685310315008,0.04501079059069534,0.00181465267348102,100,0.96875
0.99,1.0101010101,2.6,64,0.025,0.02649285679476288,0.001092370864551047,0.04439398136000099,0.001864988266439211,100,1
0.99,1.0101010101,2.7,64,0.025,0.026461395162713,0.001086685133732401,0.04420756520178359,0.001873414438001113,100,1.046875
0.99,1.0101010101,2.8,64,0.025,0.02673579147460706,0.001068487764532836,0.04425281001004299,0.001807715995456682,100,1.109375
0.99,1.0101010101,2.9,64,0.025,0.02664983420804255,0.001122083405655742,0.04310496736422199,0.001879603136604027,100,1.15625
0.99,1.0101010101,3,64,0.025,0.02776878029346639,0.001422380350306575,0.04226072768988899,0.00212205591399595,100,1.265625
0.99,1.0101010101,3.1,64,0.025,0.027906963389096,0.001488481033511369,0.04101482356243039,0.002025751977178764,100,1.328125
0.99,1.0101010101,3.2,64,0.025,0.02783283862718009,0.001435029648574555,0.04104877554273,0.001898757954555194,100,1.375
0.99,1.0101010101,3.3,64,0.025,0.0277592129025962,0.001373188431541558,0.04102826827822808,0.001775465711927964,100,1.375
0.99,1.0101010101,3.4,64,0.025,0.02808701386027983,0.001444284146993001,0.0399967098677291,0.001754226680942977,100,1.453125
0.99,1.0101010101,3.5,64,0.025,0.02794867127513267,0.001369272616678967,0.03972550622917436,0.001696753147347012,100,1.46875
0.99,1.0101010101,3.6,64,0.025,0.02707067905237757,0.001391990612930379,0.03796129088684372,0.001821344457935959,100,1.515625
0.99,1.0101010101,3.7,64,0.025,0.02684927902135137,0.00133195081213313,0.03777330242012676,0.001748264153672778,100,1.546875
0.99,1.0101010101,3.8,64,0.025,0.02654939082696139,0.001279430223686406,0.0370485509230405,0.001756099306222284,100,1.578125
0.99,1.0101010101,3.9,64,0.025,0.02640945931646895,0.001221345937177439,0.03687185672273648,0.00169115833997212,100,1.609375
0.99,1.0101010101,4,64,0.025,0.02608499029428899,0.0011596749324606,0.03648957912617259,0.001641941888211317,100,1.625
0.99,1.0101010101,4.1,64,0.025,0.02595590077139553,0.00117757228035061,0.03560423347182751,0.00164016202984,100,1.65625
0.99,1.0101010101,4.2,64,0.025,0.02567994987511624,0.00117982598840844,0.0362474783266631,0.001826630518384159,100,1.71875
0.99,1.0101010101,4.3,64,0.025,0.02527650113237707,0.00104294817205546,0.03634437359222249,0.001832072946131661,100,1.765625
0.99,1.0101010101,4.4,64,0.025,0.02493898883504719,0.0009708771555955586,0.03599231258522555,0.001827753791991734,100,1.828125
0.99,1.0101010101,4.5,64,0.025,0.02440252943321192,0.001018273823732508,0.0362407784189319,0.001854386237612402,100,1.890625
0.99,1.0101010101,4.6,64,0.025,0.02356785576784938,0.001056564425449035,0.03458166644863127,0.00191063960017879,100,1.953125
0.99,1.0101010101,4.7,64,0.025,0.02335532509841563,0.001048735069411217,0.03407338128284187,0.001884321188433582,100,1.984375
0.99,1.0101010101,4.8,64,0.025,0.02307418660801177,0.001101188864229659,0.03199704231601325,0.001867711226621034,100,2.078125
0.99,1.0101010101,4.9,64,0.025,0.02299612946937366,0.001084698103445902,0.03168388841741892,0.001797109580722064,100,2.109375
0.99,1.0101010101,5,64,0.025,0.02290836608092297,0.001092660090574747,0.03094697088744803,0.001794805300048368,100,2.203125
0.99,1.0101010101,5.1,64,0.025,0.02249983044219109,0.001081138394096462,0.03054320340665184,0.001750928681093563,100,2.25
0.99,1.0101010101,5.2,64,0.025,0.02254106937326795,0.001073106607328638,0.03005146053630875,0.001696569943723275,100,2.28125
0.99,1.0101010101,5.3,64,0.025,0.02295646441886223,0.001194513643332844,0.02960515619021012,0.001655754343913264,100,2.328125
0.99,1.0101010101,5.4,64,0.025,0.02294232705902954,0.001183538970150934,0.02928802347435619,0.001616471570563999,100,2.375
0.99,1.0101010101,5.5,64,0.025,0.02248949279610591,0.001165122749800515,0.02919453698826132,0.001609426358194773,100,2.40625
0.99,1.0101010101,5.6,64,0.025,0.02299557507606676,0.00123536538543117,0.02896905871270674,0.001604184704280773,100,2.46875
0.99,1.0101010101,5.7,64,0.025,0.02254695335954055,0.001207446126537083,0.02853668100818983,0.001562044320999322,100,2.484375
0.99,1.0101010101,5.8,64,0.025,0.02229597275395798,0.001133397107575996,0.02805083904975882,0.001560242068335381,100,2.515625
0.99,1.0101010101,5.9,64,0.025,0.02239177658314672,0.001108388428333044,0.02792670451180565,0.001609578987071469,100,2.546875
0.99,1.0101010101,6,64,0.025,0.02250330479665194,0.001049637972499732,0.02721404442150922,0.00161677392798916,100,2.609375
0.99,1.0101010101,6.1,64,0.025,0.02187616972857418,0.00103401274389525,0.02614696412649826,0.001614637645856955,100,2.640625
0.99,1.0101010101,6.2,64,0.025,0.0216548807718794,0.0009896581997645348,0.02592042665393549,0.001605055154405846,100,2.65625
0.99,1.0101010101,6.3,64,0.025,0.02124040917080875,0.0009267362305533701,0.02546783399885092,0.001614813335080577,100,2.78125
0.99,1.0101010101,6.4,64,0.025,0.02099254589634782,0.0008691419425200462,0.02499846574231103,0.001590713084374562,100,2.828125
0.99,1.0101010101,6.5,64,0.025,0.02047281293376048,0.0008978303062118886,0.02503895260839385,0.001590356811314024,100,2.890625
0.99,1.0101010101,6.6,64,0.025,0.02031688047411401,0.0008647772016541532,0.02473688148063687,0.001560411565617316,100,2.890625
0.99,1.0101010101,6.7,64,0.025,0.01981907975309012,0.0008553711426960305,0.02506104562969523,0.001646852953138389,100,2.953125
0.99,1.0101010101,6.8,64,0.025,0.01947249023745646,0.0008832660928453001,0.02469374249147194,0.001625119630995277,100,3
0.99,1.0101010101,6.9,64,0.025,0.01901811102139781,0.0009188554241675882,0.02408049192941114,0.001586827506900984,100,3.0625
0.99,1.0101010101,7,64,0.025,0.01884883369075007,0.0009642320970184105,0.02342859039028438,0.001590337230722265,100,3.15625
0.99,1.0101010101,7.1,64,0.025,0.0181806615542079,0.0009899227741102514,0.02266466920300483,0.001522496676236357,100,3.21875
0.99,1.0101010101,7.2,64,0.025,0.01762551756080039,0.0009875524138765325,0.02238552771575041,0.001496438369367158,100,3.28125
0.99,1.0101010101,7.3,64,0.025,0.01756315325070844,0.0009875145370709755,0.02209652351026515,0.00143261955647717,100,3.296875
0.99,1.0101010101,7.4,64,0.025,0.01755435206312136,0.0009668392279323117,0.0219512148239304,0.001377801819768208,100,3.359375
0.99,1.0101010101,7.5,64,0.025,0.01744047417462806,0.0009472694931604599,0.02169370226498821,0.001325373770315155,100,3.375
0.99,1.0101010101,7.6,64,0.025,0.01715889719722679,0.0009382188425556884,0.02132552622689949,0.001290524959362997,100,3.390625
0.99,1.0101010101,7.7,64,0.025,0.01715492754935775,0.0009310901461772231,0.02095768770339328,0.001263046962775155,100,3.421875
0.99,1.0101010101,7.8,64,0.025,0.01660600627705124,0.0009277588166147053,0.02074077912872321,0.001308072922315197,100,3.484375
0.99,1.0101010101,7.9,64,0.025,0.0165257623173059,0.0009045267133311508,0.02039185919933074,0.001293583068897497,100,3.484375
0.99,1.0101010101,8,64,0.025,0.01629381616087644,0.0008885825830816871,0.02013621423613463,0.00128980525879941,100,3.546875
0.99,1.0101010101,8.1,64,0.025,0.01583972416282223,0.0009192481106243521,0.02000263937806254,0.001347145006651288,100,3.640625
0.99,1.0101010101,8.2,64,0.025,0.01578186851041134,0.000880582910897451,0.0196188000321043,0.001345072879808002,100,3.71875
0.99,1.0101010101,8.3,64,0.025,0.01576869086864131,0.0008893869783170074,0.01923678009599758,0.001335351628268863,100,3.75
0.99,1.0101010101,8.4,64,0.025,0.01569919639000236,0.0008822154895913844,0.01880940218783374,0.001342996693680074,100,3.78125
0.99,1.0101010101,8.5,64,0.025,0.01562061972440123,0.0008830482720651782,0.01852668621668047,0.001354558236491062,100,3.796875
0.99,1.0101010101,8.6,64,0.025,0.01588058380058853,0.0009645169249713852,0.01902707150255067,0.001626132241742695,100,3.875
0.99,1.0101010101,8.7,64,0.025,0.01579649257879945,0.0009757746987345772,0.01863013604194329,0.001609600110396722,100,3.875
0.99,1.0101010101,8.8,64,0.025,0.01568600037359768,0.0009831862101033415,0.01827731279106158,0.001571843871860899,100,3.90625
0.99,1.0101010101,8.9,64,0.025,0.01560994462747158,0.0009807039020480748,0.01805062639978016,0.001513099210957898,100,4
0.99,1.0101010101,9,64,0.025,0.01523977455749583,0.001009524257476998,0.01751212911066659,0.001471949245181507,100,4.03125
0.99,1.0101010101,9.1,64,0.025,0.01487050476644079,0.001035541164381655,0.01715454664781717,0.001420870680341209,100,4.109375
0.99,1.0101010101,9.2,64,0.025,0.01472456569958876,0.001041058329486928,0.01688905861962528,0.001409756177880835,100,4.15625
0.99,1.0101010101,9.3,64,0.025,0.01446380389946246,0.00104154271667172,0.01645804364672339,0.00139426160735167,100,4.234375
0.99,1.0101010101,9.4,64,0.025,0.01423460229969731,0.001068533259551038,0.01626990010463575,0.00142708134645101,100,4.34375
0.99,1.0101010101,9.5,64,0.025,0.01409001792505297,0.001030737362150183,0.01595540411640282,0.0013956857699942,100,4.375
0.99,1.0101010101,9.6,64,0.025,0.01349793231595211,0.0009829509000546252,0.01564787375099141,0.001362345385191612,100,4.421875
0.99,1.0101010101,9.7,64,0.025,0.01319701398979169,0.0009464481252849152,0.01530974015591309,0.001347955013179617,100,4.4375
0.99,1.0101010101,9.8,64,0.025,0.01291037296625559,0.0009120210088189022,0.01499887714817938,0.001324761274903153,100,4.453125
0.99,1.0101010101,9.9,64,0.025,0.01239036587086055,0.0008960867252272809,0.01457982127639003,0.001283669720780358,100,4.5
0.99,1.0101010101,10,64,0.025,0.01204029502189087,0.0008646261053253025,0.01410731714052575,0.001233323186338641,100,4.546875
1,1,0,4,0.025,0.03867330414515011,0,0.0398130156369773,0,100,0
1,1,0.1,4,0.025,0.03858375379769092,0,0.03972384411182065,0,100,0
1,1,0.2,4,0.025,0.03849555285477068,0,0.03963606825639103,0,100,0
1,1,0.3,4,0.025,0.03840925660086626,0,0.03955054302087185,0,100,0
1,1,0.4,4,0.025,0.03832482200277541,0,0.03946707722659839,0,100,0
1,1,0.5,4,0.025,0.03824218612159017,0,0.03938523315945082,0,100,0
1,1,0.6,4,0.025,0.03816236882583542,0,0.03930597399116865,0,100,0
1,1,0.7,4,0.025,0.03801454045642882,7.267936491326191e-05,0.03917070843094776,6.075890092022487e-05,100,0.25
1,1,0.8,4,0.025,0.03794656905823134,7.12633040219398e-05,0.03910351197501662,5.963782145119306e-05,100,0.25
1,1,0.9,4,0.025,0.03788755950246828,6.643803210275821e-05,0.03904534557197993,5.525442615688867e-05,100,0.25
1,1,1,4,0.025,0.03784083915247863,5.430486886600847e-05,0.03899894245707426,4.379030384949259e-05,100,0.25
1,1,1.1,4,0.025,0.03781276711283195,2.863235881593075e-05,0.0389673641058296,2.217519176741546e-05,100,0.25
1,1,1.2,4,0.025,0.03781188743276423,1.820485069000712e-05,0.03895656958329743,1.424589067882016e-05,100,0.25
1,1,1.3,4,0.025,0.03784556624628846,9.275226039623732e-05,0.03897713022710046,7.489144140485071e-05,100,0.25
1,1,1.4,4,0.025,0.03791663280296775,0.0001976689978422964,0.03904068791400064,0.0001715752433510877,100,0.25
1,1,1.5,4,0.025,0.03802826587990898,0.0003361768856090068,0.03915033408428994,0.0003078098162573352,100,0.25
1,1,1.6,4,0.025,0.0381816859520404,0.0005092611749109108,0.03930515729269463,0.0004825962032534731,100,0.25
1,1,1.7,4,0.025,0.03837743278657466,0.0007172582489437789,0.03950500281168217,0.0006954246052783292,100,0.25
1,1,1.8,4,0.025,0.03984427654204856,0.001283109180660595,0.0396715156363824,0.0009748605595530488,100,0.5
1,1,1.9,4,0.025,0.04017964812395846,0.001457588757466295,0.03995792793300038,0.001254668443684365,100,0.5
1,1,2,4,0.025,0.04057290766029224,0.001680061664099533,0.04027267342064424,0.001546823708473641,100,0.5
1,1,2.1,4,0.025,0.0409890593787396,0.001916367752536283,0.04059368775395478,0.001823969592246696,100,0.5
1,1,2.2,4,0.025,0.04139068273174255,0.002137591559964111,0.04089817751884009,0.002054332785534733,100,0.5
1,1,2.3,4,0.025,0.0417482930139426,0.002326182579960151,0.0411609728201404,0.002210529800143107,100,0.5
1,1,2.4,4,0.025,0.04203579213662208,0.002469721156956092,0.04137219966785453,0.002270086220588464,100,0.5
1,1,2.5,4,0.025,0.04222112503106151,0.0025537507931296,0.04152505893067925,0.002219574381640864,100,0.5
1,1,2.6,4,0.025,0.04226844310762926,0.00256390248911354,0.04160550189778468,0.00205567254976401,100,0.5
1,1,2.7,4,0.025,0.04214376467061929,0.002490523678780946,0.04160252868134914,0.001790968206335165,100,0.5
1,1,2.8,4,0.025,0.04319262925093652,0.003506316658702909,0.04105838862745774,0.001416872233787694,100,0.75
1,1,2.9,4,0.025,0.03532023114796768,0.008275077652141577,0.03457710246487936,0.005648724272712911,100,1
1,1,3,4,0.025,0.04607542806082909,0.01343548046545559,0.03313766738092568,0.00547799724976318,100,1.25
1,1,3.1,4,0.025,0.04621940563461718,0.01320826259269753,0.03396521900624275,0.005404285406369039,100,1.25
1,1,3.2,4,0.025,0.0460368856273813,0.01307535160529349,0.03493847300386085,0.005271410253624804,100,1.25
1,1,3.3,4,0.025,0.04559962632973319,0.0127559686891791,0.03593827750820344,0.005105896987222761,100,1.25
1,1,3.4,4,0.025,0.04498726307211207,0.01215836212211332,0.03686796858928934,0.004932178704402377,100,1.25
1,1,3.5,4,0.025,0.04419642744789642,0.01141923381161707,0.03767872757228578,0.004749401265762279,100,1.25
1,1,3.6,4,0.025,0.04315237091258171,0.01069267650605808,0.03833463490297631,0.004536953283323554,100,1.25
1,1,3.7,4,0.025,0.04180359735506242,0.009960372578185892,0.03877512212358614,0.004283469927148997,100,1.25
1,1,3.8,4,0.025,0.04020010521592297,0.009079118034679527,0.03892391815040443,0.003998435911537431,100,1.25
1,1,3.9,4,0.025,0.0384839560674453,0.007969172240322684,0.03874926321415305,0.003710529289048003,100,1.25
1,1,4,4,0.025,0.03681472144433681,0.006712861163728543,0.03829672169849126,0.003449066778305117,100,1.25
1,1,4.1,4,0.025,0.03530293677842782,0.005494222891289301,0.0376426316445785,0.003233944018937035,100,1.25
1,1,4.2,4,0.025,0.03396791654316254,0.004471815973519531,0.0368410467601345,0.003085489697970683,100,1.25
1,1,4.3,4,0.025,0.03275040806326097,0.003704366852407214,0.03592192879226967,0.003008532486004644,100,1.25
1,1,4.4,4,0.025,0.03159365347222138,0.003195208799128618,0.0349076552945399,0.002978400340831709,100,1.25
1,1,4.5,4,0.025,0.03050922394781306,0.002992184043871152,0.03382276859537477,0.002975014401037683,100,1.25
1,1,4.6,4,0.025,0.02957374849000088,0.003109312192212519,0.03270069217187616,0.00301505538095375,100,1.25
1,1,4.7,4,0.025,0.02885774482463728,0.003379991789786755,0.03158541650396222,0.003132915904494439,100,1.25
1,1,4.8,4,0.025,0.02836429901897607,0.003608026527260675,0.03053612406811442,0.003331184169314809,100,1.25
1,1,4.9,4,0.025,0.0280218359475591,0.003749925200959997,0.02961482280384221,0.003572641214496743,100,1.25
1,1,5,4,0.025,0.02772979513809865,0.003862235795070519,0.02885943530839894,0.00381536824486679,100,1.25
1,1,5.1,4,0.025,0.02744698312757067,0.003974385650583605,0.02825880968696395,0.004037425410142361,100,1.25
1,1,5.2,4,0.025,0.02722080235010434,0.004057901243127159,0.02776491808019719,0.004234526434702727,100,1.25
1,1,5.3,4,0.025,0.02710875290660771,0.004081573484186233,0.02734004690230867,0.004404874231746343,100,1.25
1,1,5.4,4,0.025,0.02347740240278234,0.006522992947051815,0.02849929339667402,0.004054627678724455,100,1.5
1,1,5.5,4,0.025,0.0236380546869494,0.006451165120002148,0.02838271195115846,0.004079290083462114,100,1.5
1,1,5.6,4,0.025,0.02391155693856543,0.006207404711474203,0.02835285965882105,0.004036997218338059,100,1.5
1,1,5.7,4,0.025,0.01568484670103285,0.004829673650010758,0.02650503989612242,0.002189913764028236,100,1.75
1,1,5.8,4,0.025,0.01666665101044298,0.004034636413512704,0.02642106464588038,0.002062197834081983,100,1.75
1,1,5.9,4,0.025,0.01829707609887595,0.002761396971391232,0.02617972207782929,0.001843564599622801,100,1.75
1,1,6,4,0.025,0.01921437477916032,0.001960530550267627,0.02578354040701489,0.001548247977554649,100,1.75
1,1,6.1,4,0.025,0.01889814896932084,0.00206106401946748,0.02520287402071769,0.001244291046720407,100,1.75
1,1,6.2,4,0.025,0.01810253846868288,0.002917246262194638,0.02440041717607621,0.001053176886490997,100,1.75
1,1,6.3,4,0.025,0.01792331941626396,0.003230280138591315,0.02338311928224557,0.001061393391094041,100,1.75
1,1,6.4,4,0.025,0.0186973512454034,0.002536657552340226,0.02222578707879855,0.001228952851745676,100,1.75
1,1,6.5,4,0.025,0.01985469733980219,0.001461063427217327,0.02107085852328807,0.001471412604496082,100,1.75
1,1,6.6,4,0.025,0.02067676269576346,0.0007938214171794922,0.02005611141979154,0.001705767003333769,100,1.75
1,1,6.7,4,0.025,0.02099585887534464,0.0006339426282085144,0.01922183317530056,0.001883447650804998,100,1.75
1,1,6.8,4,0.025,0.02111936499329234,0.0006239518048043465,0.01851931486839795,0.002023991709234705,100,1.75
1,1,6.9,4,0.025,0.02067035117403061,0.0006806887066624096,0.01874221809547798,0.002167821620127429,100,2
1,1,7,4,0.025,0.02110478522292199,0.001265805040640027,0.01810396661073066,0.00230608870506542,100,2
1,1,7.1,4,0.025,0.02155191945940888,0.001813100749258974,0.01765939259759368,0.002378615425213065,100,2
1,1,7.2,4,0.025,0.02178724710674712,0.002154735647596426,0.01752045059276311,0.002329484868386529,100,2
1,1,7.3,4,0.025,0.02169053170337707,0.00223971658880585,0.01765280411674697,0.002168931639366162,100,2
1,1,7.4,4,0.025,0.02130737362717062,0.002122580676099622,0.01788335556583445,0.001948331181149048,100,2
1,1,7.5,4,0.025,0.02080904419811039,0.001937576988944176,0.01804776429724367,0.00170935043606833,100,2
1,1,7.6,4,0.025,0.02038004849580361,0.001826192322874876,0.01808839895538631,0.001465494194531267,100,2
1,1,7.7,4,0.025,0.02009552027438339,0.001842718928452581,0.01804393177981509,0.001226867141340334,100,2
1,1,7.8,4,0.025,0.01990297267144758,0.001934817848344428,0.01797384676604327,0.001036629565193512,100,2
1,1,7.9,4,0.025,0.019705661411756,0.002027254896811449,0.01788307868962561,0.0009640582130521535,100,2
1,1,8,4,0.025,0.01946315305966991,0.002122983452937962,0.01772409818945272,0.001023195484955404,100,2
1,1,8.1,4,0.025,0.01461459108199307,0.0038656038285058,0.0222277437263231,0.004697819697179227,100,2.25
1,1,8.2,4,0.025,0.01467156149734477,0.003575000000947421,0.02230932551688074,0.005279191334419702,100,2.25
1,1,8.3,4,0.025,0.01471756040316878,0.003169588864782605,0.02196208610741946,0.005429739443810389,100,2.25
1,1,8.4,4,0.025,0.01486821950398012,0.0027377889784939,0.02161762587096741,0.005512832011176119,100,2.25
1,1,8.5,4,0.025,0.01472107809388656,0.002680519432401756,0.02192547272568496,0.006124443607596441,100,2.5
1,1,8.6,4,0.025,0.01529839945555843,0.002433085281331351,0.022051834054412,0.006486254223175082,100,2.5
1,1,8.7,4,0.025,0.01596576137740784,0.002506033990726771,0.02198186292877793,0.006642832711554876,100,2.5
1,1,8.8,4,0.025,0.01552558772955109,0.003359083117292605,0.02029122458263081,0.006964109103968517,100,2.75
1,1,8.9,4,0.025,0.01595918181743862,0.003893887604107609,0.01951260358549695,0.006414797185213881,100,2.75
1,1,9,4,0.025,0.01627201625958307,0.004453264891590775,0.01871196288788361,0.00584771922896071,100,2.75
1,1,9.1,4,0.025,0.01652663806363749,0.004952682824399178,0.01805907716123503,0.005424781269901405,100,2.75
1,1,9.2,4,0.025,0.01671177879603832,0.005337477122015356,0.01751223054404958,0.005134833486491263,100,2.75
1,1,9.3,4,0.025,0.01677016117764759,0.005611116892413857,0.01698147273862844,0.004911256413573788,100,2.75
1,1,9.4,4,0.025,0.01656020393308984,0.005704510261160661,0.01788467411324534,0.005924898500190909,100,3
1,1,9.5,4,0.025,0.01636846597528631,0.005828771335369843,0.0170276831268034,0.005462390950753263,100,3
1,1,9.6,4,0.025,0.01614972199493767,0.005892986934915035,0.01656920002742775,0.005402754373299182,100,3
1,1,9.7,4,0.025,0.01589557001906419,0.005871144808116875,0.01627352206288851,0.005552799850456571,100,3
1,1,9.8,4,0.025,0.01556384240146499,0.005767604884152312,0.01588546538581445,0.005639185620112419,100,3
1,1,9.9,4,0.025,0.01518754138509336,0.005600583308746246,0.01559860618278986,0.005380646775194829,100,3.25
1,1,10,4,0.025,0.01481574800485854,0.005428629556758519,0.01503613354476915,0.005150154191187191,100,3.25
1,1,0,8,0.025,0.03867330414515011,0,0.0398130156369773,2.622655377657235e-18,100,0
1,1,0.1,8,0.025,0.03858375379769092,0,0.03972384411182065,0,100,0
1,1,0.2,8,0.025,0.03849555285477068,0,0.03963606825639104,2.622655377657235e-18,100,0
1,1,0.3,8,0.025,0.03840925660086626,0,0.03955054302087185,0,100,0
1,1,0.4,8,0.025,0.03832482200277542,2.622655377657235e-18,0.03946707722659839,0,100,0
1,1,0.5,8,0.025,0.03824218612159017,0,0.03938523315945081,2.622655377657235e-18,100,0
1,1,0.6,8,0.025,0.03816236882583541,2.622655377657235e-18,0.03930597399116865,0,100,0
1,1,0.7,8,0.025,0.03805088013888546,3.633968245663095e-05,0.03920108788140788,3.037945046011243e-05,100,0.125
1,1,0.8,8,0.025,0.0379822007102423,3.563165201096991e-05,0.03913333088574222,2.981891072559652e-05,100,0.125
1,1,0.9,8,0.025,0.03792077851851965,3.321901605137911e-05,0.03907297278505837,2.762721307844433e-05,100,0.125
1,1,1,8,0.025,0.03785719003488809,2.775124369440404e-05,0.03907176451596439,5.823687767117628e-05,100,0.25
1,1,1.1,8,0.025,0.0378159641224619,1.682580690883873e-05,0.0390290126795222,5.328713352497466e-05,100,0.25
1,1,1.2,8,0.025,0.0377906276949565,1.619480874724735e-05,0.03899885671597351,4.890333694250972e-05,100,0.25
1,1,1.3,8,0.025,0.03778399999782596,5.082085317209551e-05,0.03898629732752947,5.546383414546407e-05,100,0.25
1,1,1.4,8,0.025,0.0377974085892339,0.0001037293215353471,0.03899589574781574,8.963991344208093e-05,100,0.25
1,1,1.5,8,0.025,0.03783233550951737,0.000174258467824195,0.03902684972407126,0.0001525596698747463,100,0.25
1,1,1.6,8,0.025,0.03789028668637147,0.0002624188480342218,0.03907622370784177,0.0002398441508908567,100,0.25
1,1,1.7,8,0.025,0.03797105568621281,0.0003684931975384709,0.0391418188106808,0.000350257442405768,100,0.25
1,1,1.8,8,0.025,0.03868660912749413,0.0007400464273772216,0.03918254943858852,0.0004903102721788967,100,0.375
1,1,1.9,8,0.025,0.03883394271241256,0.0008485748025518216,0.03927312619684061,0.0006436826466805478,100,0.375
1,1,2,8,0.025,0.03900620367644324,0.0009830708711130874,0.03936479156887708,0.0008107424225969535,100,0.375
1,1,2.1,8,0.025,0.03918471096683455,0.001127488393835517,0.03944343500978972,0.0009808904403996444,100,0.375
1,1,2.2,8,0.025,0.0393487132234142,0.001268027222384414,0.03949592521032321,0.001142638513976915,100,0.375
1,1,2.3,8,0.025,0.03948111267824281,0.001396460230223028,0.03951053815313173,0.001286354797911403,100,0.375
1,1,2.4,8,0.025,0.03956686813800887,0.001507202564722095,0.0394852597597599,0.001406031174056746,100,0.375
1,1,2.5,8,0.025,0.03958786733468259,0.0015939720415615,0.03942025789865285,0.00150067022867777,100,0.375
1,1,2.6,8,0.025,0.03952586028268486,0.001650300885403671,0.0393116047929985,0.001574480524198409,100,0.375
1,1,2.7,8,0.025,0.03936493835709223,0.001672206632755735,0.03915724366720951,0.001637965327091559,100,0.375
1,1,2.8,8,0.025,0.03975780680724156,0.002200653173836953,0.03878189019955714,0.001651387399593736,100,0.625
1,1,2.9,8,0.025,0.03569857925918013,0.003928764232031402,0.03539560444787872,0.002985151432363558,100,0.75
1,1,3,8,0.025,0.04094180158335084,0.006592687084952849,0.03454204205938197,0.003021113093674387,100,0.875
1,1,3.1,8,0.025,0.04087054943503786,0.006544111637205242,0.03483896352113514,0.003034398508589839,100,0.875
1,1,3.2,8,0.025,0.04063349980958472,0.006523146585086828,0.03522678285933616,0.003033247149122807,100,0.875
1,1,3.3,8,0.025,0.04027222791353959,0.006410665921517591,0.03564273471866603,0.003031613509887471,100,0.875
1,1,3.4,8,0.025,0.03983059778902052,0.006172825181477947,0.0360335559739553,0.00303723163253929,100,0.875
1,1,3.5,8,0.025,0.03930716172405571,0.005869759126191843,0.03637155670162859,0.003044316246776995,100,0.875
1,1,3.6,8,0.025,0.03448237224150989,0.006979819352263494,0.03187679039760812,0.005287604267540707,100,1
1,1,3.7,8,0.025,0.03362036137894245,0.006694464639729881,0.03210104744310888,0.005227663920520691,100,1.125
1,1,3.8,8,0.025,0.03331295247858262,0.005938714608355029,0.03231130125250085,0.005020792400828444,100,1.125
1,1,3.9,8,0.025,0.03263155375936326,0.005311323026423165,0.03226127991456445,0.004851318004112778,100,1.125
1,1,4,8,0.025,0.03147529548364879,0.004954578624577598,0.03183599708351827,0.004835200612942674,100,1.125
1,1,4.1,8,0.025,0.0302679876567354,0.004761878494385904,0.031181309722181,0.004896754928907121,100,1.125
1,1,4.2,8,0.025,0.02948233466111096,0.004459652041136701,0.03052777636333818,0.004875009942782857,100,1.125
1,1,4.3,8,0.025,0.02921188447153156,0.003945479200222518,0.03082146628441259,0.004536066960915514,100,1.25
1,1,4.4,8,0.025,0.02925795443008022,0.003524547539509642,0.03024797897814371,0.004353276039380007,100,1.375
1,1,4.5,8,0.025,0.03024322704214897,0.003987650847035556,0.03097722369500532,0.004931499278392023,100,1.5
1,1,4.6,8,0.025,0.02986881305978762,0.003951924746907883,0.03005543798329385,0.004858265445418318,100,1.5
1,1,4.7,8,0.025,0.02967115997189908,0.00396754604081674,0.02893854222942296,0.004665181400476215,100,1.5
1,1,4.8,8,0.025,0.02977835975127632,0.003976729870716763,0.02773999066843886,0.004354880431559045,100,1.5
1,1,4.9,8,0.025,0.03007187692069884,0.004012713437884983,0.02653093025732938,0.004000961565680148,100,1.5
1,1,5,8,0.025,0.03031807442007196,0.004102323871129591,0.02537680619557764,0.003687488648813764,100,1.5
1,1,5.1,8,0.025,0.03040348891613927,0.004207629110358587,0.02435758490241327,0.00345212905563974,100,1.5
1,1,5.2,8,0.025,0.03038584479557233,0.004277648977827241,0.0235463939989513,0.003285334831946261,100,1.5
1,1,5.3,8,0.025,0.03035944305116193,0.004286453789575769,0.02298405019447928,0.003160649368826578,100,1.5
1,1,5.4,8,0.025,0.02852643103230068,0.005061476480575913,0.02343122548136898,0.00307400889451512,100,1.625
1,1,5.5,8,0.025,0.02851629448577412,0.004929482715164293,0.02341776574989633,0.002959862705430945,100,1.625
1,1,5.6,8,0.025,0.02768092216163426,0.004755032751309936,0.02396245409363577,0.002796969915022869,100,1.75
1,1,5.7,8,0.025,0.02347740571366158,0.004883806332429591,0.02314099036609494,0.001946245867245139,100,1.875
1,1,5.8,8,0.025,0.02381687076703701,0.004333860583506328,0.02317790147160926,0.001791482768271628,100,1.875
1,1,5.9,8,0.025,0.02443331638276424,0.003616549518470848,0.02316808670316254,0.001634289042172278,100,1.875
1,1,6,8,0.025,0.02464800202657629,0.003099993361325356,0.02316066358506587,0.001488430373031054,100,1.875
1,1,6.1,8,0.025,0.02422081207349112,0.002905362570633643,0.0230993652355473,0.001360935408234494,100,1.875
1,1,6.2,8,0.025,0.02357436754679262,0.002973268390169806,0.02290897290071782,0.001248394130073443,100,1.875
1,1,6.3,8,0.025,0.02329578686589375,0.00293750305619391,0.02257005694607715,0.001168598138925465,100,1.875
1,1,6.4,8,0.025,0.02248312571691497,0.002288353422342397,0.02280351319272714,0.001734335523787124,100,2
1,1,6.5,8,0.025,0.02056869742150292,0.003068436043452603,0.02293061134117667,0.002359248419241457,100,2.125
1,1,6.6,8,0.025,0.02125587864406042,0.002780211543529698,0.02257628573906728,0.002494230361727078,100,2.125
1,1,6.7,8,0.025,0.01869040399753776,0.002614540726385921,0.02605048247639154,0.004582640535242191,100,2.375
1,1,6.8,8,0.025,0.01882439952973883,0.002494721033591863,0.02562182735203168,0.004599772682647171,100,2.5
1,1,6.9,8,0.025,0.01863252267585724,0.002369669918119995,0.0257002734831508,0.00454005630042249,100,2.625
1,1,7,8,0.025,0.018992011025153,0.002294646653829278,0.02498097433766008,0.00440168207671099,100,2.625
1,1,7.1,8,0.025,0.01945716701305094,0.002183888973514324,0.02426024631266432,0.004200672970396255,100,2.625
1,1,7.2,8,0.025,0.01984343159329909,0.002013613675962801,0.02381465696595722,0.003999176396035122,100,2.625
1,1,7.3,8,0.025,0.01999048322735259,0.001824758118375068,0.02353691699668342,0.003762406596928874,100,2.625
1,1,7.4,8,0.025,0.01991761582613,0.001655043199519845,0.02313936857866803,0.003444301924446124,100,2.625
1,1,7.5,8,0.025,0.01975554010002274,0.001528825763149303,0.0225403428137768,0.003083250550502146,100,2.625
1,1,7.6,8,0.025,0.0195776050595028,0.001446854892356999,0.02187284199785351,0.002752626096024018,100,2.625
1,1,7.7,8,0.025,0.01945325865086839,0.001378232246716287,0.02124992704914178,0.002447016884443105,100,2.625
1,1,7.8,8,0.025,0.01941617567459217,0.001326084274197693,0.02067266061657849,0.002141831746037149,100,2.625
1,1,7.9,8,0.025,0.01939087327876983,0.001305379701312384,0.02008214651827005,0.001860671131449919,100,2.625
1,1,8,8,0.025,0.0179219621064361,0.001852280051013751,0.02045562507007358,0.001859982893493471,100,2.75
1,1,8.1,8,0.025,0.0155038589211226,0.002323432098308163,0.02217873756006684,0.002611048049911956,100,2.875
1,1,8.2,8,0.025,0.01553086539755992,0.002156772271013856,0.0217587554684467,0.002833539544967975,100,2.875
1,1,8.3,8,0.025,0.01383299994656932,0.001911287836473667,0.02059293767949613,0.002789853054911353,100,3
1,1,8.4,8,0.025,0.01408334139719477,0.001689899542861806,0.02026715669614095,0.002809842095967162,100,3
1,1,8.5,8,0.025,0.01423597062718371,0.001578954035080722,0.02029261781114333,0.003064661278607066,100,3.125
1,1,8.6,8,0.025,0.01474398332063012,0.001418214839241809,0.02007514105474051,0.003212601478581756,100,3.125
1,1,8.7,8,0.025,0.01525807025035546,0.001391086711946894,0.01960611037556422,0.003286500001008951,100,3.125
1,1,8.8,8,0.025,0.01517288580116389,0.001689251940169761,0.01831158223808807,0.003373387941409831,100,3.25
1,1,8.9,8,0.025,0.0154962938908204,0.001922773284380697,0.017602608170546,0.003117805017807347,100,3.25
1,1,9,8,0.025,0.0157999543256043,0.002187467374638811,0.01724716254186491,0.002852666112485973,100,3.375
1,1,9.1,8,0.025,0.01603073089057406,0.002434318002246317,0.01684577016999182,0.002639707493019561,100,3.375
1,1,9.2,8,0.025,0.01645803211245533,0.002639807112100444,0.01671592780738772,0.00248252777256444,100,3.5
1,1,9.3,8,0.025,0.0164579353931223,0.002777985136989516,0.01630638128840314,0.002373657148014574,100,3.5
1,1,9.4,8,0.025,0.01642871341185006,0.002822856509514741,0.01839275571705934,0.003360655548039756,100,3.75
1,1,9.5,8,0.025,0.01616825109028773,0.002872300890245933,0.01764586165297376,0.003078973604658483,100,3.75
1,1,9.6,8,0.025,0.01585746528974803,0.002893781277015293,0.01717950515095939,0.002961048247347643,100,3.75
1,1,9.7,8,0.025,0.01549709861334577,0.002880079577099705,0.01691213704241203,0.002974254871372295,100,3.75
1,1,9.8,8,0.025,0.01507097832476499,0.002830759957499616,0.01662678206564402,0.002991696016325969,100,3.75
1,1,9.9,8,0.025,0.01460341693920001,0.002751429410669345,0.01631487898725484,0.002868558925232203,100,3.875
1,1,10,8,0.025,0.01413067450998601,0.002670016338688677,0.01576152899568372,0.002752151820084785,100,3.875
1,1,0,16,0.025,0.03867330414515012,3.583229404124381e-18,0.0398130156369773,0,100,0
1,1,0.1,16,0.025,0.03838493734666386,0.0001988164510270678,0.03993761479347586,0.0002137706816552069,100,0.0625
1,1,0.2,16,0.025,0.03829742666279686,0.0001981261919738177,0.03984866031998959,0.0002125920635985623,100,0.0625
1,1,0.3,16,0.025,0.03821140359343445,0.0001978530074318004,0.03976179708912732,0.0002112540682554809,100,0.0625
1,1,0.4,16,0.025,0.03812665627703814,0.000198165725737276,0.03967679624799136,0.0002097190213929721,100,0.0625
1,1,0.5,16,0.025,0.03782122592334599,0.0002880371871002856,0.03980389471785922,0.0002860110651446344,100,0.125
1,1,0.6,16,0.025,0.03774057028963896,0.0002884973378217421,0.03972057322189024,0.0002832511187079692,100,0.125
1,1,0.7,16,0.025,0.03565505687759182,0.00232517915364571,0.03745950314018702,0.002193823960813969,100,0.3125
1,1,0.8,16,0.025,0.03563591263109157,0.002291026301512638,0.03756407242864065,0.002017278831078054,100,0.3125
1,1,0.9,16,0.025,0.03569294331120877,0.002200999992112319,0.03783461509075945,0.00168262564872445,100,0.3125
1,1,1,16,0.025,0.03589070414789394,0.002071140918827413,0.03788874889463391,0.001520846645313697,100,0.4375
1,1,1.1,16,0.025,0.03603200868305732,0.001930901414197011,0.03767843915814838,0.001670033260808429,100,0.4375
1,1,1.2,16,0.025,0.03617502398951634,0.001802084400761489,0.03738068740939883,0.001915043204572353,100,0.4375
1,1,1.3,16,0.025,0.03630048296467976,0.001699445362081888,0.03728902498094377,0.001970121330953157,100,0.4375
1,1,1.4,16,0.025,0.03639622446264737,0.001627447923150173,0.03747138779072694,0.001769176650070696,100,0.4375
1,1,1.5,16,0.025,0.03645280587698077,0.00158647940806025,0.03774973730313184,0.001485251186038316,100,0.4375
1,1,1.6,16,0.025,0.03645732984496335,0.001579405391398756,0.03793273526862753,0.001309141781320232,100,0.4375
1,1,1.7,16,0.025,0.03598151725157422,0.001718284470659699,0.03845417697087489,0.001387808588022957,100,0.5
1,1,1.8,16,0.025,0.03619324805002878,0.0018242243077595,0.03847062751783321,0.001374736156922627,100,0.5625
1,1,1.9,16,0.025,0.03609084354526478,0.001890562926316468,0.03856007824559853,0.001320965495458393,100,0.5625
1,1,2,16,0.025,0.03600923739625693,0.001936951452099718,0.03868949305671401,0.001240730158664253,100,0.5625
1,1,2.1,16,0.025,0.03595189872354715,0.00195498237823356,0.03878760017120311,0.001195999367354471,100,0.5625
1,1,2.2,16,0.025,0.03588993605958008,0.001960765726940089,0.03879260907366487,0.001220375981701818,100,0.5625
1,1,2.3,16,0.025,0.03578880781114009,0.001976902299634731,0.03868083889733365,0.001298578464799924,100,0.5625
1,1,2.4,16,0.025,0.03545326842773389,0.001997489064464368,0.040151721575889,0.002714025348783328,100,0.625
1,1,2.5,16,0.025,0.03527387179909015,0.002045199046510867,0.03985211771195234,0.002768433466215996,100,0.625
1,1,2.6,16,0.025,0.03436947960341895,0.002554702110117906,0.04019083287037982,0.002595843067689652,100,0.6875
1,1,2.7,16,0.025,0.03426214283504965,0.002504256395705836,0.0399697445602886,0.002489159974005357,100,0.75
1,1,2.8,16,0.025,0.0344278645922762,0.002585818600063463,0.03948139992146545,0.002405548865800721,100,0.875
1,1,2.9,16,0.025,0.03245959119494158,0.002766452141362929,0.03751800825288178,0.002679359561916924,100,0.9375
1,1,3,16,0.025,0.0352264519189433,0.003911753681063921,0.03684376010889091,0.002632599589178134,100,1
1,1,3.1,16,0.025,0.03538958546428222,0.003821911822869791,0.03672146901374738,0.002519879260768205,100,1
1,1,3.2,16,0.025,0.03548890576018419,0.003739311818884415,0.03657391659065192,0.002376178661320904,100,1
1,1,3.3,16,0.025,0.03553110891429805,0.003622759774548188,0.03635560389710577,0.002232868874224712,100,1
1,1,3.4,16,0.025,0.03526597980666812,0.003522087141182535,0.03536035404195229,0.002251443769366901,100,1.0625
1,1,3.5,16,0.025,0.03521494595723451,0.003328731389372222,0.03544953549168986,0.002134478927745345,100,1.0625
1,1,3.6,16,0.025,0.03298577436007421,0.003646938183155016,0.03320001612857965,0.002939162441136592,100,1.125
1,1,3.7,16,0.025,0.03269346038860255,0.003494815682678601,0.03323114405613035,0.002883535544963906,100,1.1875
1,1,3.8,16,0.025,0.03263754430796608,0.003149254914587097,0.03313735822624155,0.002786568939062739,100,1.1875
1,1,3.9,16,0.025,0.03249976673886991,0.002843173373684842,0.03311733331969659,0.002676983336938911,100,1.25
1,1,4,16,0.025,0.03196723232596013,0.002688580527448283,0.03270373543152725,0.002682357937450816,100,1.25
1,1,4.1,16,0.025,0.03137023338212164,0.002620087231385228,0.03229485300186784,0.002717724464232162,100,1.25
1,1,4.2,16,0.025,0.02860422715002722,0.003055297181741322,0.0345256784647533,0.004082736963389697,100,1.3125
1,1,4.3,16,0.025,0.02844174421519811,0.002855304611916308,0.03467231864299147,0.004003344868860757,100,1.375
1,1,4.4,16,0.025,0.02934675589029945,0.002743098596781213,0.03433176015236016,0.004009756214247671,100,1.5
1,1,4.5,16,0.025,0.02989243382382634,0.002796145818095964,0.03453958313528664,0.004156165966326946,100,1.5625
1,1,4.6,16,0.025,0.02975458836417454,0.002691854194349362,0.03385208468913743,0.004138341991263049,100,1.5625
1,1,4.7,16,0.025,0.02966715776801257,0.002626545102871259,0.03304961245311233,0.004056432340274478,100,1.5625
1,1,4.8,16,0.025,0.02966951270018322,0.002585823868929262,0.03221899440058713,0.003928571466419457,100,1.5625
1,1,4.9,16,0.025,0.02970424479704065,0.002578122385499635,0.03137999224741038,0.003792533252547831,100,1.5625
1,1,5,16,0.025,0.0298003592235912,0.002569849026136662,0.03082688330565367,0.003613677885977302,100,1.625
1,1,5.1,16,0.025,0.02965163927331119,0.002622454042669861,0.02993916641865959,0.003486792537491683,100,1.625
1,1,5.2,16,0.025,0.02970781258394508,0.002756780563585073,0.02883288149073965,0.003287219060683145,100,1.6875
1,1,5.3,16,0.025,0.02947184008719617,0.002796293066068151,0.02805867406190429,0.003098672876799131,100,1.6875
1,1,5.4,16,0.025,0.02834290999809717,0.003103271940191601,0.02784899434813387,0.002878135369063735,100,1.75
1,1,5.5,16,0.025,0.02814667927735492,0.003074707678471426,0.02750657704730597,0.002715733544079885,100,1.75
1,1,5.6,16,0.025,0.0275642191256278,0.003019291083899344,0.02747971745973808,0.002554119484479614,100,1.8125
1,1,5.7,16,0.025,0.02531945741629855,0.003105083795345551,0.02672102129110104,0.002323050893749208,100,1.875
1,1,5.8,16,0.025,0.02520542235892066,0.002897732626737087,0.02619598327760683,0.002261739025605151,100,1.9375
1,1,5.9,16,0.025,0.02623198938100177,0.003032272453796468,0.02653393932796744,0.002553893317057546,100,2
1,1,6,16,0.025,0.02766331526790302,0.002757928946884735,0.02457075315163449,0.002763931999109354,100,2.125
1,1,6.1,16,0.025,0.02698564459635102,0.00256015309913034,0.02457375410231762,0.002769643461929649,100,2.125
1,1,6.2,16,0.025,0.02609606231365034,0.002412181838323797,0.0245008594658957,0.002781105396343179,100,2.125
1,1,6.3,16,0.025,0.02540511853476568,0.002255923775488978,0.02431897438752145,0.002763336860914169,100,2.1875
1,1,6.4,16,0.025,0.02450754843364145,0.001998815509417518,0.02446618152528555,0.002803807919486181,100,2.25
1,1,6.5,16,0.025,0.02310845320161491,0.002252730078078921,0.02457333644757233,0.002860155365122779,100,2.3125
1,1,6.6,16,0.025,0.02300972917878821,0.002099809826314425,0.02444150873494948,0.002832087750633455,100,2.3125
1,1,6.7,16,0.025,0.02130993813254162,0.002067864843235195,0.02629235378375277,0.003273140250612052,100,2.5
1,1,6.8,16,0.025,0.02097268274361163,0.001954973084997745,0.02607173568882144,0.003217087841491689,100,2.5625
1,1,6.9,16,0.025,0.02039965467069165,0.001927067453137725,0.0258446746325939,0.003178624230411172,100,2.6875
1,1,7,16,0.025,0.020794550876995,0.001801157469735864,0.02531039159840216,0.003066086498844914,100,2.75
1,1,7.1,16,0.025,0.02081976162110773,0.001750498747661316,0.02472694336400227,0.002935785392210921,100,2.75
1,1,7.2,16,0.025,0.02084111243362689,0.001684341851802088,0.02428730809713552,0.002816412115289251,100,2.75
1,1,7.3,16,0.025,0.02078159353387667,0.001625357024204484,0.0239465660254417,0.002702843760971287,100,2.75
1,1,7.4,16,0.025,0.02064405373289439,0.001590086961765688,0.02353707524790339,0.002579421512790191,100,2.75
1,1,7.5,16,0.025,0.02047732040534901,0.001579800398600498,0.02300550821654664,0.002454470132348074,100,2.75
1,1,7.6,16,0.025,0.02030294697068848,0.001590242551738915,0.02243112686760394,0.002347814005564921,100,2.75
1,1,7.7,16,0.025,0.02015964606557588,0.001615688275046471,0.02189363924623923,0.002256740721149363,100,2.75
1,1,7.8,16,0.025,0.01987639601128917,0.001506293463048532,0.02162033626002203,0.002300716448507865,100,2.8125
1,1,7.9,16,0.025,0.01982473065440662,0.001549701964700162,0.02115458671015508,0.002242699485779239,100,2.8125
1,1,8,16,0.025,0.01905563842935968,0.001730388644393326,0.02118805002624574,0.002235051606168132,100,2.875
1,1,8.1,16,0.025,0.01779190100439366,0.001952647014122236,0.02191602888036585,0.002399444256170615,100,2.9375
1,1,8.2,16,0.025,0.01767876023760868,0.001907497461707982,0.02150578990502074,0.002435570084315598,100,3
1,1,8.3,16,0.025,0.01673928628462903,0.00193767858011955,0.02083953706852536,0.002419245475971433,100,3.0625
1,1,8.4,16,0.025,0.01661165090888996,0.001923003253645447,0.02011315375777009,0.002574969647238897,100,3.125
1,1,8.5,16,0.025,0.01658935458484021,0.001902848843536552,0.02003682696588915,0.002645224669203358,100,3.1875
1,1,8.6,16,0.025,0.01675730227731729,0.00185263544479182,0.01987550331576506,0.002690295628519178,100,3.1875
1,1,8.7,16,0.025,0.0169056391196576,0.001834070267863037,0.0196061763370963,0.002712980720850032,100,3.1875
1,1,8.8,16,0.025,0.01674177444548283,0.00190548159867058,0.01890091408994027,0.002734245255696062,100,3.25
1,1,8.9,16,0.025,0.01687294183881154,0.001948846252129452,0.01846896906460632,0.002641970761701321,100,3.3125
1,1,9,16,0.025,0.01698528633819057,0.002007152304752126,0.01816090159071014,0.002541099300414434,100,3.375
1,1,9.1,16,0.025,0.01728105421354351,0.002173855704584787,0.01769693064027445,0.002357529903478363,100,3.4375
1,1,9.2,16,0.025,0.01745680702807215,0.002206508113558507,0.01758378176106861,0.002299613203798499,100,3.5
1,1,9.3,16,0.025,0.01740795145775796,0.002223462681716304,0.01734085915844738,0.002266815309686427,100,3.5625
1,1,9.4,16,0.025,0.01728646466788395,0.002225967603156996,0.01833828467131208,0.002508160595724931,100,3.6875
1,1,9.5,16,0.025,0.01702796016984838,0.002231247307996511,0.0178678883097483,0.002394938415347052,100,3.6875
1,1,9.6,16,0.025,0.01672761885652524,0.002220593820856284,0.01749899088449616,0.00232634158560317,100,3.6875
1,1,9.7,16,0.025,0.01637498466120107,0.002192904703273736,0.01722058452449906,0.002294258790265393,100,3.6875
1,1,9.8,16,0.025,0.01594973021321856,0.002153999729868314,0.01693892331923079,0.002264585052893885,100,3.6875
1,1,9.9,16,0.025,0.01452431597370523,0.002240421072549713,0.01656933981426961,0.002182095511965618,100,3.8125
1,1,10,16,0.025,0.01411959644971704,0.00219325783152929,0.01617775557369018,0.00211708555839561,100,3.8125
1,1,0,32,0.025,0.03867330414515012,2.49252427068601e-18,0.0398130156369773,1.246262135343005e-18,100,0
1,1,0.1,32,0.025,0.03848434557217741,9.940822551353387e-05,0.03983072945264824,0.0001068853408276034,100,0.03125
1,1,0.2,32,0.025,0.037338476040037,0.00105945485187761,0.03857117070452579,0.001179417262087547,100,0.0625
1,1,0.3,32,0.025,0.03711396131746198,0.001040578602720071,0.03866783686960425,0.001189686052103344,100,0.125
1,1,0.4,32,0.025,0.03709315218502703,0.0009787046301030398,0.03860411126736422,0.00116959201372032,100,0.125
1,1,0.5,32,0.025,0.03697559309414866,0.0009072622215048664,0.03865399908544982,0.001152453428342499,100,0.1875
1,1,0.6,32,0.025,0.03699305261712728,0.0008150491757508801,0.03861476737277477,0.001117097004483947,100,0.1875
1,1,0.7,32,0.025,0.03601170788000201,0.001342913527999365,0.0374955361752595,0.001508753946902548,100,0.28125
1,1,0.8,32,0.025,0.03619189643838005,0.001298382888965558,0.03650428358469638,0.001745752866017593,100,0.3125
1,1,0.9,32,0.025,0.03613889935256131,0.001235289241035113,0.03807719449012469,0.002263758313688873,100,0.34375
1,1,1,32,0.025,0.03627475214503669,0.001139116766817655,0.03828502049292112,0.002175667387859616,100,0.40625
1,1,1.1,32,0.025,0.03637097489662845,0.001044309892225916,0.03839649379844527,0.002125915225449614,100,0.40625
1,1,1.2,32,0.025,0.03646140516804061,0.0009678670502684711,0.03842966388536606,0.002087739089322812,100,0.4375
1,1,1.3,32,0.025,0.03641799698622207,0.0009211933485040041,0.03862884505664331,0.002008819970908527,100,0.46875
1,1,1.4,32,0.025,0.03645410327013209,0.0009071074148325089,0.0388118339425339,0.001863232170405221,100,0.46875
1,1,1.5,32,0.025,0.03653117473736188,0.0009473571065935538,0.03889035466684444,0.001719171493915092,100,0.53125
1,1,1.6,32,0.025,0.03691336699005984,0.001061532919407175,0.03788633637494872,0.001953000069551057,100,0.5625
1,1,1.7,32,0.025,0.03588862098453913,0.0012044125138737,0.03698451045201442,0.002141782373087405,100,0.65625
1,1,1.8,32,0.025,0.03498229284073343,0.001579229344126816,0.03572297295609596,0.002308360541423713,100,0.71875
1,1,1.9,32,0.025,0.03480133941122433,0.0015988855255668,0.0357065035062416,0.002193777966822446,100,0.71875
1,1,2,32,0.025,0.03464258910589097,0.001615060864154765,0.03569647813600807,0.002059797055087186,100,0.71875
1,1,2.1,32,0.025,0.03454873861701444,0.001617116352849311,0.03568488215381677,0.001920785273163636,100,0.75
1,1,2.2,32,0.025,0.03393220614701345,0.001802051179497525,0.03627895587104921,0.00159932612854841,100,0.78125
1,1,2.3,32,0.025,0.03411420058204849,0.001730869532407192,0.03625655321567784,0.001501311422064272,100,0.78125
1,1,2.4,32,0.025,0.03405840098179744,0.001698314174137719,0.03698404391043041,0.001867483517164094,100,0.8125
1,1,2.5,32,0.025,0.03504121431382477,0.002211430841375125,0.03783274383671342,0.002267171505165273,100,0.875
1,1,2.6,32,0.025,0.03446117285062871,0.002332609664706142,0.03688603818429684,0.00240833288427375,100,0.9375
1,1,2.7,32,0.025,0.03422651995151974,0.002346306336664584,0.03652409322464518,0.002456010268728324,100,1
1,1,2.8,32,0.025,0.03438615162593442,0.002287699644436047,0.03672396198765028,0.002351042906021627,100,1.09375
1,1,2.9,32,0.025,0.03223372096863842,0.002389856627022392,0.03532323814743014,0.002501065230132141,100,1.15625
1,1,3,32,0.025,0.03488884432686854,0.00300932927971934,0.03397997334599901,0.00252046343580379,100,1.28125
1,1,3.1,32,0.025,0.03500833003806562,0.002915301698438618,0.03387559793273982,0.002438674463095547,100,1.28125
1,1,3.2,32,0.025,0.03498988104757883,0.002846696878985327,0.03389777114526359,0.00231527806088237,100,1.28125
1,1,3.3,32,0.025,0.03486192476052132,0.002751779395851564,0.03406762489430601,0.002134948112261163,100,1.28125
1,1,3.4,32,0.025,0.03447997927486491,0.002652400947425097,0.03321356315437169,0.002095948121243767,100,1.375
1,1,3.5,32,0.025,0.0344198870541185,0.002452352803543881,0.03354992436359694,0.001903752127172067,100,1.375
1,1,3.6,32,0.025,0.03329647392494883,0.002427542987267148,0.03256224448428475,0.002018497593093719,100,1.40625
1,1,3.7,32,0.025,0.03307074973673381,0.002270579835847982,0.0325956158345737,0.001931697668012259,100,1.4375
1,1,3.8,32,0.025,0.03287439720540279,0.002056147358669535,0.03244507243870762,0.001872856432846402,100,1.46875
1,1,3.9,32,0.025,0.0325978614542542,0.001860373270987882,0.03239304486541057,0.001787695716135415,100,1.5
1,1,4,32,0.025,0.03219987890150514,0.001732681166104168,0.03199841915247037,0.001738219024482698,100,1.53125
1,1,4.1,32,0.025,0.03165277306655401,0.001656538204215718,0.03165934665029584,0.001723170600238467,100,1.53125
1,1,4.2,32,0.025,0.02998256877941824,0.001823568959589545,0.03263947809731128,0.002298885292551223,100,1.59375
1,1,4.3,32,0.025,0.02964780909954964,0.001734590805757039,0.03246875110971745,0.002265703839284856,100,1.625
1,1,4.4,32,0.025,0.02986276094567447,0.001687681063691966,0.03205921548427536,0.002263070125355649,100,1.6875
1,1,4.5,32,0.025,0.02934587048314496,0.001794371186084537,0.03266604883789737,0.002337494423024595,100,1.75
1,1,4.6,32,0.025,0.02807840199683986,0.001880106789769474,0.0308964658516723,0.002489392216577386,100,1.78125
1,1,4.7,32,0.025,0.02803836703281576,0.001809466916215884,0.03028155819012305,0.002417276624683812,100,1.78125
1,1,4.8,32,0.025,0.02816957555655797,0.001785772652991588,0.02956366322383407,0.002309378736991973,100,1.84375
1,1,4.9,32,0.025,0.02805555435938622,0.001788576637156585,0.02898726917133698,0.002207705675559525,100,1.84375
1,1,5,32,0.025,0.02766612047740052,0.001919525711126493,0.02831312900473294,0.002211850389515695,100,1.96875
1,1,5.1,32,0.025,0.02688143616216763,0.002008301836407354,0.027924514037693,0.00216910039085,100,2
1,1,5.2,32,0.025,0.02694804691994984,0.002000067426435842,0.02729811152529629,0.002090690668511112,100,2.03125
1,1,5.3,32,0.025,0.02700802872611307,0.001924534071109253,0.02680838033740941,0.002021770448091548,100,2.03125
1,1,5.4,32,0.025,0.02681423881203724,0.001951739628181658,0.02656302782594683,0.001942583745734929,100,2.09375
1,1,5.5,32,0.025,0.02676506028932982,0.001903918174895442,0.02622341304501061,0.001876933717201239,100,2.09375
1,1,5.6,32,0.025,0.0263176819596551,0.001875714656255038,0.02581559576200681,0.001836983293854196,100,2.1875
1,1,5.7,32,0.025,0.02515667143859051,0.001885697306842677,0.02525966623783798,0.001747618638197926,100,2.21875
1,1,5.8,32,0.025,0.0249066701764975,0.001804138368017218,0.02479163822082881,0.001719703383317999,100,2.28125
1,1,5.9,32,0.025,0.02550083166419082,0.001877490573908006,0.02474516165972877,0.001815798550463773,100,2.3125
1,1,6,32,0.025,0.02627370642952408,0.001810152917881902,0.02387899246285222,0.001864476902255217,100,2.40625
1,1,6.1,32,0.025,0.02592985470791671,0.001752356173284981,0.02366316992036034,0.0018489302568525,100,2.40625
1,1,6.2,32,0.025,0.0254212166736873,0.001709662007187645,0.02342125821783641,0.001841058190138832,100,2.40625
1,1,6.3,32,0.025,0.02511697418169376,0.001729769049103777,0.02296508101550179,0.00183801261884174,100,2.53125
1,1,6.4,32,0.025,0.02460904846161891,0.001667396808832202,0.02290694900018095,0.00185090877395017,100,2.59375
1,1,6.5,32,0.025,0.02375377953981109,0.001761917141837927,0.02293046421914411,0.00186584829336418,100,2.65625
1,1,6.6,32,0.025,0.02356004460550543,0.001713788823008948,0.0227597279161205,0.001849380808161002,100,2.65625
1,1,6.7,32,0.025,0.02249485255877973,0.001705198998291416,0.02356372380794224,0.002049336983951248,100,2.75
1,1,6.8,32,0.025,0.02206435128436009,0.001653481025683481,0.02333446011240917,0.00202523501892015,100,2.78125
1,1,6.9,32,0.025,0.02054066258939525,0.001694014008062282,0.02246961293413366,0.002035980215839487,100,2.875
1,1,7,32,0.025,0.02036149464783678,0.001752307033648692,0.02188883687640494,0.002036624206933295,100,3
1,1,7.1,32,0.025,0.0202597149753518,0.001689312404753904,0.02162804290330848,0.001970518984175164,100,3
1,1,7.2,32,0.025,0.02022429950398681,0.001616035656417258,0.02133827083471354,0.001918126996257537,100,3.03125
1,1,7.3,32,0.025,0.02024593395568366,0.00163938361583416,0.02087368577604034,0.001828230803603412,100,3.0625
1,1,7.4,32,0.025,0.02014183223220682,0.001596445891795547,0.02050455355204163,0.001770239965699049,100,3.09375
1,1,7.5,32,0.025,0.02003755464167094,0.001574547973861866,0.02026263282785911,0.00170597942797501,100,3.125
1,1,7.6,32,0.025,0.01958424769992204,0.00161685861162487,0.01988478235068739,0.001662590320249577,100,3.15625
1,1,7.7,32,0.025,0.01949518505998782,0.00161610313795332,0.01961105966680284,0.001624688373219584,100,3.15625
1,1,7.8,32,0.025,0.01929909160517006,0.001592272055208875,0.01889066119566356,0.001711898937674352,100,3.21875
1,1,7.9,32,0.025,0.0191430702826348,0.001609832204894874,0.01863964694805522,0.001677138054282044,100,3.21875
1,1,8,32,0.025,0.0185863026668889,0.001656641789037732,0.01866479111669665,0.001668906067364286,100,3.28125
1,1,8.1,32,0.025,0.01768153826161359,0.001735020863976589,0.01903472525137851,0.001729229323240461,100,3.375
1,1,8.2,32,0.025,0.01750413854850003,0.001718951986315362,0.01878674200640846,0.001730471121544736,100,3.40625
1,1,8.3,32,0.025,0.01694416646261569,0.001731761419311738,0.01842298158332012,0.001709643214636809,100,3.4375
1,1,8.4,32,0.025,0.01679648337109971,0.00174160008126431,0.01802907902823609,0.001751673830479635,100,3.46875
1,1,8.5,32,0.025,0.01668470183181607,0.001754570515550358,0.01793689363369068,0.001782521171670921,100,3.5
1,1,8.6,32,0.025,0.01689152104255815,0.001758964616942184,0.01778539369792463,0.001807889184222248,100,3.53125
1,1,8.7,32,0.025,0.01683610604059789,0.00177320998894897,0.01755856226735831,0.001828165945654498,100,3.53125
1,1,8.8,32,0.025,0.01666032062599247,0.001811460218179126,0.01712178262187805,0.001842425674859579,100,3.5625
1,1,8.9,32,0.025,0.01682020814459659,0.001830172054457697,0.01692923520964117,0.001813266911174127,100,3.6875
1,1,9,32,0.025,0.01678789101678456,0.001866964337613436,0.01668641021103501,0.001798589027254097,100,3.71875
1,1,9.1,32,0.025,0.0167816548040115,0.001930550175613971,0.01642540418462424,0.001755200899273779,100,3.78125
1,1,9.2,32,0.025,0.01669117946045862,0.001948509850162271,0.01626034946366768,0.001764879648093517,100,3.8125
1,1,9.3,32,0.025,0.01644422107576945,0.001941874631530473,0.01587364049716096,0.001766045171385077,100,3.90625
1,1,9.4,32,0.025,0.01650903167189866,0.001947084145250979,0.0162400035556921,0.001876273741799332,100,4
1,1,9.5,32,0.025,0.01625873740041282,0.001917249770747882,0.01590762051953095,0.001834736896115122,100,4.03125
1,1,9.6,32,0.025,0.01596322102737449,0.001861001423610831,0.01564783433814379,0.001787647108691901,100,4.0625
1,1,9.7,32,0.025,0.01557495438373895,0.001804369926485648,0.01527445398450166,0.001770295372930644,100,4.09375
1,1,9.8,32,0.025,0.01512233074011713,0.001741262426660426,0.01495904426750072,0.001736120358530196,100,4.09375
1,1,9.9,32,0.025,0.01416087520546218,0.001705979406390297,0.01461626719114784,0.001679088342940208,100,4.15625
1,1,10,32,0.025,0.01347690501955774,0.001618099847148026,0.01420094036175646,0.001623395065696249,100,4.1875
1,1,0,64,0.025,0.03867330414515011,0,0.03981301563697726,4.371092296095392e-18,100,0
1,1,0.1,64,0.025,0.03797488430515076,0.0005869912513564359,0.04041272729749665,0.0006448442040624492,100,0.0625
1,1,0.2,64,0.025,0.0369403691315222,0.001292103644938931,0.03968396300499975,0.001219854972960879,100,0.140625
1,1,0.3,64,0.025,0.03692558153407184,0.001259462285339994,0.03930701906360169,0.00131613279308079,100,0.203125
1,1,0.4,64,0.025,0.03698715550120039,0.001204453757998673,0.03930086143956311,0.001287027518757688,100,0.203125
1,1,0.5,64,0.025,0.0369953030758816,0.001138652154886578,0.03926278333545528,0.001261045464034728,100,0.234375
1,1,0.6,64,0.025,0.03725337787361378,0.001087252895462719,0.03929288746395641,0.001242020960044251,100,0.25
1,1,0.7,64,0.025,0.03611408692730182,0.001283724661467396,0.03812428529305682,0.001411168975153463,100,0.328125
1,1,0.8,64,0.025,0.03606617354510427,0.001209688939909029,0.03772931597650787,0.001405668053878561,100,0.359375
1,1,0.9,64,0.025,0.0359323141599881,0.001130771088868979,0.03858655568605166,0.001496196830585054,100,0.375
1,1,1,64,0.025,0.03587814042584297,0.001049376243116477,0.0386494618328724,0.001410974207402907,100,0.40625
1,1,1.1,64,0.025,0.03521852957486541,0.001108818995024368,0.03807343047435191,0.00146252114777388,100,0.4375
1,1,1.2,64,0.025,0.03523458739963367,0.00112226625672093,0.03728957276479641,0.001505222265371521,100,0.46875
1,1,1.3,64,0.025,0.03506187930686778,0.001081937000486699,0.03731760574754372,0.00140558236471592,100,0.5
1,1,1.4,64,0.025,0.03491984855054311,0.001052047912489275,0.03743329172170349,0.001264100191078107,100,0.515625
1,1,1.5,64,0.025,0.03486754667933904,0.001039737703917828,0.03739151495200542,0.001173670952044424,100,0.5625
1,1,1.6,64,0.025,0.03537314419595158,0.0009511170025551393,0.03761398276935472,0.001684562716597327,100,0.609375
1,1,1.7,64,0.025,0.03423827026255999,0.001083643595489415,0.03679512094378139,0.001702707200109136,100,0.671875
1,1,1.8,64,0.025,0.03359951164620179,0.001211351843313662,0.03579703390874912,0.001697841423625444,100,0.734375
1,1,1.9,64,0.025,0.03348901682879377,0.001190483491972211,0.03565400479177704,0.001565426985701441,100,0.734375
1,1,2,64,0.025,0.03351696869000198,0.001199332840140062,0.03506149665351731,0.001520315664302319,100,0.765625
1,1,2.1,64,0.025,0.03333186912644984,0.001185185108200458,0.03464131537504274,0.001464127787481656,100,0.796875
1,1,2.2,64,0.025,0.03349377395911057,0.00125761822482081,0.03565810498914821,0.001474037401874164,100,0.859375
1,1,2.3,64,0.025,0.03356704020835415,0.001254469417545647,0.03564124054656,0.00140786913487928,100,0.890625
1,1,2.4,64,0.025,0.03363537075759383,0.001182060135789986,0.03602811618736119,0.001482420160553106,100,0.921875
1,1,2.5,64,0.025,0.03408860590099063,0.001340539467054442,0.03709395494836106,0.00152030536121031,100,0.96875
1,1,2.6,64,0.025,0.03388327033145807,0.001369234605942352,0.03662120914795392,0.001544078127590182,100,1
1,1,2.7,64,0.025,0.03375976828711776,0.001369294669631705,0.03647517002691512,0.001538585473824955,100,1.046875
1,1,2.8,64,0.025,0.03400097644443413,0.001343782798484757,0.03652572376292835,0.001471734597461179,100,1.109375
1,1,2.9,64,0.025,0.03338218889949536,0.001364843400345332,0.03566455341028955,0.001512966113006327,100,1.15625
1,1,3,64,0.025,0.03458418343399583,0.00175167591136314,0.03511574490442382,0.001727895200894642,100,1.265625
1,1,3.1,64,0.025,0.03481994292575782,0.001998165878621995,0.0342381757463963,0.001667857044408058,100,1.328125
1,1,3.2,64,0.025,0.03457991830309604,0.001910099223932591,0.03428951298749934,0.001555214109555169,100,1.375
1,1,3.3,64,0.025,0.03430748695537345,0.001803979415576075,0.03428853026419732,0.001439973430475777,100,1.375
1,1,3.4,64,0.025,0.03450744404969844,0.001844003316081129,0.03351483821388209,0.001396290520639097,100,1.453125
1,1,3.5,64,0.025,0.03415315230759917,0.001734050830164683,0.03331077915312472,0.001329150855323507,100,1.46875
1,1,3.6,64,0.025,0.03277275561469285,0.001744040052271661,0.03193091424789515,0.001436139948467631,100,1.515625
1,1,3.7,64,0.025,0.0323350521730417,0.001652565333521863,0.03179873940401064,0.001363346214738435,100,1.546875
1,1,3.8,64,0.025,0.03179260335249665,0.001580272637263971,0.03122814301742345,0.001361448868175299,100,1.578125
1,1,3.9,64,0.025,0.03143908532192755,0.001493401866043062,0.03111178640473135,0.00129088533497713,100,1.609375
1,1,4,64,0.025,0.03092111187770584,0.001422662862262796,0.03078996622204009,0.001236843117777269,100,1.625
1,1,4.1,64,0.025,0.03058953269068021,0.001425805350236605,0.03006835263761552,0.001221932348517742,100,1.65625
1,1,4.2,64,0.025,0.03016477584941076,0.001433026166102684,0.03070820582079955,0.001414035757653904,100,1.71875
1,1,4.3,64,0.025,0.02966009640525516,0.001304828977492573,0.03084747040568888,0.001409712395804262,100,1.765625
1,1,4.4,64,0.025,0.02926837251051684,0.001231651245416675,0.03060217122061477,0.001408617040618494,100,1.828125
1,1,4.5,64,0.025,0.02881691726116626,0.001219805418360095,0.03091114565360605,0.001440171329795248,100,1.890625
1,1,4.6,64,0.025,0.02764550617453533,0.001258709128930261,0.02962223759519984,0.001510198793266691,100,1.953125
1,1,4.7,64,0.025,0.02735913606558715,0.001250792002780868,0.02926041576378359,0.001487146255759718,100,1.984375
1,1,4.8,64,0.025,0.02684867544843701,0.001307544177989554,0.02757701138506556,0.001474248639556703,100,2.078125
1,1,4.9,64,0.025,0.02670767974519928,0.001303300910819892,0.02738138617337074,0.001412933462481938,100,2.109375
1,1,5,64,0.025,0.02654551757400189,0.001320666143919108,0.02693636568461217,0.001406995554967454,100,2.203125
1,1,5.1,64,0.025,0.02603718281540964,0.001335989797443884,0.02664714616161512,0.001373115332952634,100,2.25
1,1,5.2,64,0.025,0.02599145930868755,0.001342166907905003,0.02627269193102804,0.00132847765994015,100,2.28125
1,1,5.3,64,0.025,0.02635284603068457,0.001426785309997414,0.0259084711109429,0.001292913702280603,100,2.328125
1,1,5.4,64,0.025,0.02627751077279265,0.001421644423769791,0.02572386293926516,0.001255761338303762,100,2.375
1,1,5.5,64,0.025,0.02562590170220134,0.001400846145283235,0.02569867156844436,0.001247196606336653,100,2.40625
1,1,5.6,64,0.025,0.02577292635821775,0.001391353938035259,0.0254789041975484,0.001228139429724782,100,2.46875
1,1,5.7,64,0.025,0.02513802481301152,0.001374302425508913,0.02511323726220955,0.001191533812709375,100,2.484375
1,1,5.8,64,0.025,0.02487970720303789,0.001322164170543444,0.02478701444846311,0.001178048145239705,100,2.515625
1,1,5.9,64,0.025,0.02498974977215189,0.001325668807743149,0.02466617843145997,0.001210157304324503,100,2.546875
1,1,6,64,0.025,0.02512653328461471,0.00128340869328096,0.02408496710024439,0.001228268629447513,100,2.609375
1,1,6.1,64,0.025,0.02430051527202059,0.001262974155181574,0.02324467448496138,0.001240313490150472,100,2.640625
1,1,6.2,64,0.025,0.02403768385521427,0.001222123927552672,0.02305439739031392,0.001231929565623925,100,2.65625
1,1,6.3,64,0.025,0.02348526352437371,0.001171491420569866,0.02267104247543279,0.00124122446290028,100,2.78125
1,1,6.4,64,0.025,0.02321810019250227,0.001113529503996553,0.02241622456796724,0.001224364097073589,100,2.828125
1,1,6.5,64,0.025,0.02264514831362381,0.001150441446565519,0.02239168768778712,0.001216856045433279,100,2.890625
1,1,6.6,64,0.025,0.02245626819291034,0.001124608452316681,0.0221459389518591,0.001194628574035523,100,2.890625
1,1,6.7,64,0.025,0.0218494613193677,0.001116159744620359,0.02242953247985961,0.001267837084095138,100,2.953125
1,1,6.8,64,0.025,0.02139359660723653,0.001145736456446163,0.02211398092892503,0.001255740782253672,100,3
1,1,6.9,64,0.025,0.02075621654321072,0.001173844732443858,0.0216812209700852,0.001236879021477175,100,3.0625
1,1,7,64,0.025,0.0204897313808596,0.001205645031493621,0.02105025581423152,0.001256038312777116,100,3.15625
1,1,7.1,64,0.025,0.01960401964294386,0.001216071930023594,0.02043715013414698,0.001211404027166843,100,3.21875
1,1,7.2,64,0.025,0.0189167438174568,0.001186859006803763,0.02017883383908925,0.001174228440834077,100,3.28125
1,1,7.3,64,0.025,0.01882873449132545,0.001189980080917504,0.01990859113304996,0.001121456381448171,100,3.296875
1,1,7.4,64,0.025,0.01880277118440716,0.001168247357381722,0.01978585263828407,0.001077273555191868,100,3.359375
1,1,7.5,64,0.025,0.01866079689427506,0.001146466155091196,0.01957823830916304,0.001034311082774931,100,3.375
1,1,7.6,64,0.025,0.01832576176733908,0.001140290216621721,0.01928613161379069,0.001004581389078496,100,3.390625
1,1,7.7,64,0.025,0.01831858971183125,0.001129890895262699,0.01897658527790241,0.0009816386756389681,100,3.421875
1,1,7.8,64,0.025,0.01811134560233823,0.001098216215003362,0.01837237540242004,0.001040816935566084,100,3.484375
1,1,7.9,64,0.025,0.01800165508694147,0.001079569327908866,0.01812708755264782,0.001027130777616767,100,3.484375
1,1,8,64,0.025,0.01772018445612981,0.001075035166475246,0.01799088827737361,0.001025218687815514,100,3.546875
1,1,8.1,64,0.025,0.01710728832552508,0.001101260154591768,0.01796515412703756,0.001062269506645265,100,3.640625
1,1,8.2,64,0.025,0.01696581654273869,0.001074892758354104,0.01769267996536636,0.001057465518140254,100,3.71875
1,1,8.3,64,0.025,0.01686714137671004,0.001084124927020364,0.01738294762074998,0.00104440400955694,100,3.75
1,1,8.4,64,0.025,0.01672827690693281,0.001082971048440023,0.01708079115871649,0.001057422163815335,100,3.78125
1,1,8.5,64,0.025,0.01660166500826323,0.001084613248064209,0.01691108898157876,0.001066127743034634,100,3.796875
1,1,8.6,64,0.025,0.01680548213447716,0.001172698976153858,0.01761236916576397,0.00145420675937987,100,3.875
1,1,8.7,64,0.025,0.01668917610926217,0.001183578718008313,0.01731634567801874,0.001436098544002379,100,3.875
1,1,8.8,64,0.025,0.01650169095569217,0.001196138587325085,0.01693010293143044,0.001403140949987523,100,3.90625
1,1,8.9,64,0.025,0.01643890956639379,0.001191549477277794,0.01679036085947891,0.001355503527743463,100,4
1,1,9,64,0.025,0.01613252935245884,0.001198126918972922,0.01645674696918945,0.001303200316543361,100,4.03125
1,1,9.1,64,0.025,0.01573794555388577,0.00122544188084517,0.01617395985445463,0.001255854339597485,100,4.109375
1,1,9.2,64,0.025,0.01558031372804919,0.001227611307692854,0.01596917224771888,0.001244883248831919,100,4.15625
1,1,9.3,64,0.025,0.01536532598537921,0.001217824883817081,0.01564953299926227,0.001232273750509526,100,4.234375
1,1,9.4,64,0.025,0.01505243772244384,0.001258662017380134,0.01563000504072183,0.00128976188579447,100,4.34375
1,1,9.5,64,0.025,0.01489938372037163,0.001209420767649776,0.01532571558537246,0.001248967523103903,100,4.375
1,1,9.6,64,0.025,0.01427707931460253,0.001158785556847215,0.01502896455772767,0.001213440674098484,100,4.421875
1,1,9.7,64,0.025,0.01393864745085911,0.001118198925797478,0.01467074588207083,0.001198211883822444,100,4.4375
1,1,9.8,64,0.025,0.01359321262848464,0.001076084951486846,0.01434686546489806,0.001177137234475211,100,4.453125
1,1,9.9,64,0.025,0.01301353247509669,0.001044670025836813,0.01396259556944793,0.001144736392465523,100,4.5
1,1,10,64,0.025,0.01260979083860275,0.0009998221362977125,0.01349921155335028,0.001105694531015054,100,4.546875
1.01,0.990099009901,0,4,0.025,0.04862081964091888,0,0.03053053306185481,0,100,0
1.01,0.990099009901,0.1,4,0.025,0.04850826149345715,0,0.03046339517400246,0,100,0
1.01,0.990099009901,0.2,4,0.025,0.04839742745257386,0,0.03039753480957803,0,100,0
1.01,0.990099009901,0.3,4,0.025,0.04828915760845728,0,0.03033364907553747,0,100,0
1.01,0.990099009901,0.4,4,0.025,0.04818309872422014,0,0.03027144368044367,0,100,0
1.01,0.990099009901,0.5,4,0.025,0.04807909283952637,0,0.03021040943400368,0,100,0
1.01,0.990099009901,0.6,4,0.025,0.04797854913957245,0,0.03015131754960319,0,100,0
1.01,0.990099009901,0.7,4,0.025,0.04787518262185449,9.109692949548637e-06,0.02997576270219284,0.0001203552175151664,100,0.25
1.01,0.990099009901,0.8,4,0.025,0.04779067163399825,7.464859700974033e-06,0.02992635164598234,0.0001195460011437968,100,0.25
1.01,0.990099009901,0.9,4,0.025,0.04771846793071996,1.104830414672825e-06,0.02988428221269947,0.0001159344966416616,100,0.25
1.01,0.990099009901,1,4,0.025,0.04766091851451938,1.427718062815483e-05,0.02985024243113894,0.0001079936420562517,100,0.25
1.01,0.990099009901,1.1,4,0.025,0.04762602531580566,4.716231460708334e-05,0.02982781118752669,9.201671045376992e-05,100,0.25
1.01,0.990099009901,1.2,4,0.025,0.04762267549840012,0.0001051018767230343,0.02982340529121354,6.268430606381006e-05,100,0.25
1.01,0.990099009901,1.3,4,0.025,0.04766173542440035,0.000196524215385404,0.02984606586641616,1.214662967499464e-05,100,0.25
1.01,0.990099009901,1.4,4,0.025,0.04774772921380842,0.0003247081171809333,0.02990305272720354,6.686592491416277e-05,100,0.25
1.01,0.990099009901,1.5,4,0.025,0.04788292996403861,0.0004921487445973174,0.02999795069145907,0.0001786589500054944,100,0.25
1.01,0.990099009901,1.6,4,0.025,0.04806794876774958,0.0007004883558740481,0.03013028423922211,0.0003230694664965467,100,0.25
1.01,0.990099009901,1.7,4,0.025,0.04830131580595344,0.0009493940382783207,0.03029916262665987,0.0004987764036620762,100,0.25
1.01,0.990099009901,1.8,4,0.025,0.0499904211719962,0.001534901412784445,0.03036767284326032,0.0007604026686451078,100,0.5
1.01,0.990099009901,1.9,4,0.025,0.05038690295727862,0.001758363432670658,0.03060659590269912,0.0009878169374443399,100,0.5
1.01,0.990099009901,2,4,0.025,0.05085349327997518,0.002031263849307109,0.03087196139862181,0.001229709715547286,100,0.5
1.01,0.990099009901,2.1,4,0.025,0.05134778732814056,0.002313369217640889,0.03114523951623538,0.001463776336528115,100,0.5
1.01,0.990099009901,2.2,4,0.025,0.0518209671506516,0.002570890711558545,0.03140304232509259,0.001659145557400487,100,0.5
1.01,0.990099009901,2.3,4,0.025,0.0522330551438063,0.002783810505012361,0.03162226736557044,0.001789873099113117,100,0.5
1.01,0.990099009901,2.4,4,0.025,0.05255334056775485,0.002940491041177894,0.03179889149045562,0.001836857707001226,100,0.5
1.01,0.990099009901,2.5,4,0.025,0.05274612653302471,0.003027152604856023,0.03193013871089895,0.001792001064174934,100,0.5
1.01,0.990099009901,2.6,4,0.025,0.05276677128652564,0.00302652111775724,0.03200740272366043,0.001656111106226828,100,0.5
1.01,0.990099009901,2.7,4,0.025,0.05257187262363371,0.002926927444275339,0.03202115954673163,0.001441442658637193,100,0.5
1.01,0.990099009901,2.8,4,0.025,0.05351676513153031,0.003940627318064539,0.03155330838838753,0.001160454762052012,100,0.75
1.01,0.990099009901,2.9,4,0.025,0.04281281950857347,0.01104253415693542,0.02697961585032928,0.003860363156463561,100,1
1.01,0.990099009901,3,4,0.025,0.05448651157413694,0.01643010393655472,0.02577678934020003,0.003766560940544152,100,1.25
1.01,0.990099009901,3.1,4,0.025,0.05449123996252134,0.01622862109897521,0.02653600396950346,0.003675520925503122,100,1.25
1.01,0.990099009901,3.2,4,0.025,0.05409645044350025,0.01614490898171502,0.02742395455861499,0.003532045775595212,100,1.25
1.01,0.990099009901,3.3,4,0.025,0.05341504965138755,0.01582806339773108,0.0283364920463948,0.003354316928456027,100,1.25
1.01,0.990099009901,3.4,4,0.025,0.05255502579913965,0.01515566546549777,0.02918814656766677,0.003157158125571824,100,1.25
1.01,0.990099009901,3.5,4,0.025,0.0515123914586015,0.01429200765360166,0.02994248599838888,0.002935512437317071,100,1.25
1.01,0.990099009901,3.6,4,0.025,0.05018693126185327,0.01343499861995103,0.03057429329499605,0.002668271681858467,100,1.25
1.01,0.990099009901,3.7,4,0.025,0.04850637388602845,0.01257746046245955,0.03103285613345436,0.002345469441183429,100,1.25
1.01,0.990099009901,3.8,4,0.025,0.04653061833838696,0.01155729576440286,0.03125521331465104,0.00197928990027793,100,1.25
1.01,0.990099009901,3.9,4,0.025,0.04443268027745396,0.01029106150149072,0.03122606446697872,0.001610276455480456,100,1.25
1.01,0.990099009901,4,4,0.025,0.04240103214479468,0.00889311769834078,0.03099219620509207,0.001290173895172782,100,1.25
1.01,0.990099009901,4.1,4,0.025,0.04056327664869211,0.007588278631260292,0.03061808430539914,0.00106734790694299,100,1.25
1.01,0.990099009901,4.2,4,0.025,0.03894099748881237,0.006547760703284779,0.03014045473607987,0.0009873526390919204,100,1.25
1.01,0.990099009901,4.3,4,0.025,0.03746085586292917,0.005808489313236817,0.02957278593014773,0.001043396273736998,100,1.25
1.01,0.990099009901,4.4,4,0.025,0.0360529565235206,0.005332888261816643,0.02893617611179898,0.001159645299552177,100,1.25
1.01,0.990099009901,4.5,4,0.025,0.03473407781667235,0.005116244256708153,0.02825279631714317,0.001293281621004271,100,1.25
1.01,0.990099009901,4.6,4,0.025,0.03361023240336153,0.005153056762377165,0.02753645898518907,0.001468905113549598,100,1.25
1.01,0.990099009901,4.7,4,0.025,0.03278753647436042,0.005331232141763669,0.02680681184850975,0.001711349742391275,100,1.25
1.01,0.990099009901,4.8,4,0.025,0.03226983963925086,0.005502535557517854,0.02610197922779006,0.002000559826430007,100,1.25
1.01,0.990099009901,4.9,4,0.025,0.03194107146801098,0.0056247806648725,0.02546777018160346,0.002295266985522809,100,1.25
1.01,0.990099009901,5,4,0.025,0.03165099876676485,0.005735360347256913,0.02493528963027447,0.002564445189238223,100,1.25
1.01,0.990099009901,5.1,4,0.025,0.03134965454623365,0.005848626182490267,0.02450345479371908,0.002793931961658968,100,1.25
1.01,0.990099009901,5.2,4,0.025,0.03111802888340235,0.005933659036105293,0.02413692199515066,0.002982697380936739,100,1.25
1.01,0.990099009901,5.3,4,0.025,0.03103584818894192,0.005965407489552413,0.0238030250375429,0.003131283870512779,100,1.25
1.01,0.990099009901,5.4,4,0.025,0.02731167799871266,0.008400578697326242,0.02541583937506902,0.003003703834529956,100,1.5
1.01,0.990099009901,5.5,4,0.025,0.02747194371561685,0.008346609718257287,0.02532231829595971,0.002976529880105112,100,1.5
1.01,0.990099009901,5.6,4,0.025,0.02773980883731642,0.008111782218344566,0.02528912478718309,0.00284571048050153,100,1.5
1.01,0.990099009901,5.7,4,0.025,0.01714414400708052,0.005365543758685062,0.0236886481023904,0.001909094463541786,100,1.75
1.01,0.990099009901,5.8,4,0.025,0.01827375646251857,0.004429211573925892,0.02359455102794012,0.001646815810633945,100,1.75
1.01,0.990099009901,5.9,4,0.025,0.02018087464682899,0.002984483736924155,0.02336588760705711,0.001392562495517025,100,1.75
1.01,0.990099009901,6,4,0.025,0.02121431671293798,0.002145406132201929,0.02300408441043943,0.001138805790836489,100,1.75
1.01,0.990099009901,6.1,4,0.025,0.02075625746218811,0.002188536742837932,0.02249666089341572,0.0008942081202123164,100,1.75
1.01,0.990099009901,6.2,4,0.025,0.01974146432752064,0.003098619462777707,0.02182510001905314,0.0007739135958601677,100,1.75
1.01,0.990099009901,6.3,4,0.025,0.01950989390825672,0.003392885838617125,0.02099816598784502,0.0009216615479746511,100,1.75
1.01,0.990099009901,6.4,4,0.025,0.02045420263949563,0.002494669315703601,0.02006956050878039,0.001246818161959012,100,1.75
1.01,0.990099009901,6.5,4,0.025,0.02186100335136141,0.00117001350625324,0.01914586431420142,0.001592784022009446,100,1.75
1.01,0.990099009901,6.6,4,0.025,0.02285435828456043,0.0005646177380386635,0.01834255620347591,0.001868233663270577,100,1.75
1.01,0.990099009901,6.7,4,0.025,0.02324150674988172,0.0007280413216518672,0.01769730189380816,0.002053449375110152,100,1.75
1.01,0.990099009901,6.8,4,0.025,0.0234034191670795,0.0009486236873393853,0.01716797003116817,0.002188927844285179,100,1.75
1.01,0.990099009901,6.9,4,0.025,0.02315017118677513,0.001545667834746614,0.01753519948542704,0.002485439223835956,100,2
1.01,0.990099009901,7,4,0.025,0.02368070989034622,0.002222196535589371,0.01702689477545438,0.002581858317316495,100,2
1.01,0.990099009901,7.1,4,0.025,0.02419718611749811,0.002872705503977308,0.01665795512962983,0.002626638764446949,100,2
1.01,0.990099009901,7.2,4,0.025,0.02443761006511978,0.003282658090563511,0.01653173449872764,0.002581762360958142,100,2
1.01,0.990099009901,7.3,4,0.025,0.02426397211841894,0.003386213350133046,0.0166411855921944,0.002458434018449631,100,2
1.01,0.990099009901,7.4,4,0.025,0.02374376987964988,0.003243864172639539,0.01684687098831867,0.002296080642218555,100,2
1.01,0.990099009901,7.5,4,0.025,0.02308833203416425,0.003008908030693586,0.01699339087323269,0.002121852104714185,100,2
1.01,0.990099009901,7.6,4,0.025,0.02251820598390652,0.002848565050572094,0.01701349012135416,0.001936989933135826,100,2
1.01,0.990099009901,7.7,4,0.025,0.02212909733168749,0.002834543974054855,0.01694862394240226,0.001746352565229311,100,2
1.01,0.990099009901,7.8,4,0.025,0.02186128773141468,0.002905297659930108,0.01686899570808752,0.001577993373862132,100,2
1.01,0.990099009901,7.9,4,0.025,0.02158785609768037,0.002960596902246158,0.01678309011897814,0.001467629933983732,100,2
1.01,0.990099009901,8,4,0.025,0.0212593638704991,0.00299490243171138,0.01664226966730916,0.00142635654206484,100,2
1.01,0.990099009901,8.1,4,0.025,0.01546099646426165,0.003950656201184849,0.02025250763685674,0.002884182016453873,100,2.25
1.01,0.990099009901,8.2,4,0.025,0.01550352992263573,0.003595416136419257,0.02027378863917481,0.003345472259764323,100,2.25
1.01,0.990099009901,8.3,4,0.025,0.01556258439930903,0.003141903261156239,0.01995070824652888,0.003478095877945941,100,2.25
1.01,0.990099009901,8.4,4,0.025,0.0157684412902531,0.002698730941280906,0.01963102850510111,0.003561049758588263,100,2.25
1.01,0.990099009901,8.5,4,0.025,0.01577398837078419,0.002596091980019493,0.01956713666570955,0.003811521893904664,100,2.5
1.01,0.990099009901,8.6,4,0.025,0.0164976362221983,0.002528314347592373,0.01958320537602428,0.004090851571533016,100,2.5
1.01,0.990099009901,8.7,4,0.025,0.01733276011572189,0.002950749918939673,0.01944474536416365,0.004225554394875598,100,2.5
1.01,0.990099009901,8.8,4,0.025,0.01705764881786975,0.004159983952061662,0.01768455441240737,0.004787921664691134,100,2.75
1.01,0.990099009901,8.9,4,0.025,0.01767418808463466,0.004956247016015173,0.01707474848396321,0.004443881677451882,100,2.75
1.01,0.990099009901,9,4,0.025,0.01815928242396476,0.005719331544403863,0.01646025855178119,0.004097231169143545,100,2.75
1.01,0.990099009901,9.1,4,0.025,0.01854415813006724,0.00635859497236916,0.01594916175198848,0.003857045556352516,100,2.75
1.01,0.990099009901,9.2,4,0.025,0.01879157745670197,0.00682416708397007,0.01552174831075653,0.003727444531378648,100,2.75
1.01,0.990099009901,9.3,4,0.025,0.01885175914973464,0.007137916463895036,0.01514463778245449,0.003676768191485256,100,2.75
1.01,0.990099009901,9.4,4,0.025,0.01867570504419937,0.007289660100659773,0.01589924455413108,0.004491750029448973,100,3
1.01,0.990099009901,9.5,4,0.025,0.01845790074533328,0.007402360625692895,0.01536757522022308,0.00431518046143679,100,3
1.01,0.990099009901,9.6,4,0.025,0.0182000124755814,0.007420562797344424,0.01511588681168137,0.004407973861039454,100,3
1.01,0.990099009901,9.7,4,0.025,0.01786722533747998,0.007312045857984591,0.01493872654796347,0.004632535436247575,100,3
1.01,0.990099009901,9.8,4,0.025,0.01742311953772255,0.007098819222124073,0.01467269691507238,0.004805575293438021,100,3
1.01,0.990099009901,9.9,4,0.025,0.01710807179135047,0.006727047505412926,0.01450398066333524,0.004713810855486398,100,3.25
1.01,0.990099009901,10,4,0.025,0.01654741458822266,0.006508078017058902,0.01412915366197101,0.004675095180133371,100,3.25
1.01,0.990099009901,0,8,0.025,0.04862081964091887,2.622655377657235e-18,0.03053053306185482,2.622655377657235e-18,100,0
1.01,0.990099009901,0.1,8,0.025,0.04850826149345715,0,0.03046339517400246,0,100,0
1.01,0.990099009901,0.2,8,0.025,0.04839742745257386,0,0.03039753480957803,2.622655377657235e-18,100,0
1.01,0.990099009901,0.3,8,0.025,0.04828915760845728,0,0.03033364907553748,2.622655377657235e-18,100,0
1.01,0.990099009901,0.4,8,0.025,0.04818309872422014,0,0.03027144368044368,1.311327688828617e-18,100,0
1.01,0.990099009901,0.5,8,0.025,0.04807909283952638,2.622655377657235e-18,0.03021040943400368,0,100,0
1.01,0.990099009901,0.6,8,0.025,0.04797854913957245,0,0.0301513175496032,2.622655377657235e-18,100,0
1.01,0.990099009901,0.7,8,0.025,0.04787973746832926,4.554846474774318e-06,0.03003594031095043,6.01776087575832e-05,100,0.125
1.01,0.990099009901,0.8,8,0.025,0.04779440406384874,3.732429850487017e-06,0.02998612464655424,5.977300057189837e-05,100,0.125
1.01,0.990099009901,0.9,8,0.025,0.0477190203459273,5.524152073364124e-07,0.02994224946102031,5.796724832083083e-05,100,0.125
1.01,0.990099009901,1,8,0.025,0.04766338394600409,1.111793011766152e-05,0.02992330713222136,5.977803577726269e-05,100,0.25
1.01,0.990099009901,1.1,8,0.025,0.04761166649390929,2.406215305374113e-05,0.02989255027399208,5.209442467679538e-05,100,0.25
1.01,0.990099009901,1.2,8,0.025,0.04757822963016765,5.201537535022648e-05,0.02987249554293662,3.81609489946355e-05,100,0.25
1.01,0.990099009901,1.3,8,0.025,0.0475684602429816,9.767447898866037e-05,0.02986762944396483,1.742735218211252e-05,100,0.25
1.01,0.990099009901,1.4,8,0.025,0.04758521793570734,0.0001623765930803511,0.02988070274373911,3.368572010492162e-05,100,0.25
1.01,0.990099009901,1.5,8,0.025,0.04762928596714409,0.0002472692727351631,0.02991124314514274,8.899275754963547e-05,100,0.25
1.01,0.990099009901,1.6,8,0.025,0.04770120474403602,0.0003529792696191748,0.02995703209077145,0.0001636201673434405,100,0.25
1.01,0.990099009901,1.7,8,0.025,0.0477983184957745,0.0004795586203944645,0.03001619784933801,0.0002563480432676488,100,0.25
1.01,0.990099009901,1.8,8,0.025,0.04862154504944992,0.00087994197067979,0.03001903823336506,0.0003805746406010139,100,0.375
1.01,0.990099009901,1.9,8,0.025,0.04879480120306999,0.001014306636467173,0.03009967795520661,0.0005053520099262053,100,0.375
1.01,0.990099009901,2,8,0.025,0.04899813659350247,0.001176868847238673,0.0301834928064057,0.0006430204703510291,100,0.375
1.01,0.990099009901,2.1,8,0.025,0.04920906750527081,0.001348645202532306,0.0302589092112275,0.0007846473304840507,100,0.375
1.01,0.990099009901,2.2,8,0.025,0.04940084289354826,0.001512953901660139,0.03031321609397512,0.0009179968045935844,100,0.375
1.01,0.990099009901,2.3,8,0.025,0.04954965681560246,0.001660085727640709,0.03033528483005122,0.001033434752310158,100,0.375
1.01,0.990099009901,2.4,8,0.025,0.049635988719613,0.001785265704279693,0.03032548326083016,0.001126120316037429,100,0.375
1.01,0.990099009901,2.5,8,0.025,0.04963971198668057,0.001882711665772955,0.03028547817536816,0.00119646220964929,100,0.375
1.01,0.990099009901,2.6,8,0.025,0.04953895218451342,0.001944725494099128,0.03021311988283969,0.001249311020510388,100,0.375
1.01,0.990099009901,2.7,8,0.025,0.04931362716147406,0.00196697165701188,0.0301057561838984,0.001293928024411562,100,0.375
1.01,0.990099009901,2.8,8,0.025,0.04964171786174593,0.00249924342945783,0.02977554984263923,0.00129577712173563,100,0.625
1.01,0.990099009901,2.9,8,0.025,0.04412894079155279,0.005243405004756304,0.02738083155353235,0.00209820700049907,100,0.75
1.01,0.990099009901,3,8,0.025,0.04978836168826387,0.007909317952713407,0.0266809772370644,0.002144381033936292,100,0.875
1.01,0.990099009901,3.1,8,0.025,0.04960055535222926,0.007871359863167173,0.0269751044345893,0.002147465488860928,100,0.875
1.01,0.990099009901,3.2,8,0.025,0.04920799455694315,0.007875378435067786,0.02734755816906849,0.002142634856088111,100,0.875
1.01,0.990099009901,3.3,8,0.025,0.04867365364831854,0.007770138234234585,0.02774416935807571,0.002139951407188077,100,0.875
1.01,0.990099009901,3.4,8,0.025,0.04805611509718594,0.007508223601130596,0.02811928714004484,0.00214281525178369,100,0.875
1.01,0.990099009901,3.5,8,0.025,0.04735417552096785,0.007164448958655314,0.02845161130462481,0.002145807465909656,100,0.875
1.01,0.990099009901,3.6,8,0.025,0.0411550389479718,0.008525885540843933,0.0250629963081706,0.004024423156822349,100,1
1.01,0.990099009901,3.7,8,0.025,0.04014344096605769,0.008153227354269002,0.02530740396822588,0.003977945869870745,100,1.125
1.01,0.990099009901,3.8,8,0.025,0.0397137668053858,0.007292935180433445,0.02553874857972097,0.003811984072135065,100,1.125
1.01,0.990099009901,3.9,8,0.025,0.03884323202342257,0.006596150792243756,0.02556739367846149,0.003680045800067467,100,1.125
1.01,0.990099009901,4,8,0.025,0.03741508044074025,0.00621885031094402,0.02530891709624311,0.003679857748971343,100,1.125
1.01,0.990099009901,4.1,8,0.025,0.03593522343192761,0.006029495097144327,0.02488471196806694,0.003746369498260645,100,1.125
1.01,0.990099009901,4.2,8,0.025,0.03496444593250447,0.005717729578161759,0.02447719707168078,0.003742729840867816,100,1.125
1.01,0.990099009901,4.3,8,0.025,0.03464068341815659,0.005164916047362183,0.0248837199780602,0.003470746140603315,100,1.25
1.01,0.990099009901,4.4,8,0.025,0.03485480205607897,0.004850692905525188,0.02436534284121357,0.00333507568385853,100,1.375
1.01,0.990099009901,4.5,8,0.025,0.03609986102409858,0.005542047384972664,0.02521854602705988,0.003828403620082908,100,1.5
1.01,0.990099009901,4.6,8,0.025,0.03560761756946779,0.005517340215351705,0.02465527644014863,0.00378475891050802,100,1.5
1.01,0.990099009901,4.7,8,0.025,0.03538055277038767,0.00554668171844038,0.02393865762703303,0.003649960027654379,100,1.5
1.01,0.990099009901,4.8,8,0.025,0.03556417071823086,0.005567473357122149,0.02315091017506633,0.003424301776777889,100,1.5
1.01,0.990099009901,4.9,8,0.025,0.03597319500451778,0.005605192739575693,0.02233835108017365,0.003166633896045309,100,1.5
1.01,0.990099009901,5,8,0.025,0.03628271613023981,0.005681021252861504,0.02154647480970919,0.002943012629397453,100,1.5
1.01,0.990099009901,5.1,8,0.025,0.03634374459103085,0.005756735788640771,0.0208400867728163,0.002779356796190213,100,1.5
1.01,0.990099009901,5.2,8,0.025,0.03624490365843026,0.005785762128172381,0.02027842169127609,0.002660616122240948,100,1.5
1.01,0.990099009901,5.3,8,0.025,0.03612018209938406,0.00574907407661905,0.01989377760382973,0.002559608450444105,100,1.5
1.01,0.990099009901,5.4,8,0.025,0.03411056552924955,0.006521832554938435,0.02064597541585485,0.002627105066947348,100,1.625
1.01,0.990099009901,5.5,8,0.025,0.0339516615945387,0.006342443177725894,0.02067470769180282,0.002510204594836983,100,1.625
1.01,0.990099009901,5.6,8,0.025,0.03062568442607986,0.006773623901316883,0.02032077055775458,0.002510634418038259,100,1.75
1.01,0.990099009901,5.7,8,0.025,0.02510678660307131,0.006458283398485338,0.0196620828477712,0.001984168313949249,100,1.875
1.01,0.990099009901,5.8,8,0.025,0.02546326365988111,0.005758586303124216,0.01977382604032198,0.001840496839415259,100,1.875
1.01,0.990099009901,5.9,8,0.025,0.02618491224517915,0.004906415394544659,0.01985990150443717,0.001690531720315767,100,1.875
1.01,0.990099009901,6,8,0.025,0.02641633662566503,0.004279362111070223,0.01991909133576074,0.001532193472712268,100,1.875
1.01,0.990099009901,6.1,8,0.025,0.02589376472283939,0.003947976105500112,0.01990101946401497,0.001367800300303735,100,1.875
1.01,0.990099009901,6.2,8,0.025,0.02516636809957166,0.003861393491611209,0.01976016755663842,0.001202018055230288,100,1.875
1.01,0.990099009901,6.3,8,0.025,0.024940372305849,0.003691427402959944,0.01952094455435519,0.001050400898988084,100,1.875
1.01,0.990099009901,6.4,8,0.025,0.024212756815786,0.002678817653678291,0.01995773304414115,0.001455872973131671,100,2
1.01,0.990099009901,6.5,8,0.025,0.0217244364311058,0.00330225802754278,0.01942209594433139,0.001259345376554164,100,2.125
1.01,0.990099009901,6.6,8,0.025,0.02254703895128105,0.003062753077914894,0.01922366630447725,0.001357003116183963,100,2.125
1.01,0.990099009901,6.7,8,0.025,0.01953226272812464,0.002554215475136776,0.02226965917242968,0.003412803013782656,100,2.375
1.01,0.990099009901,6.8,8,0.025,0.0196791053734226,0.002527908054648662,0.02334677765634602,0.004008226073781619,100,2.5
1.01,0.990099009901,6.9,8,0.025,0.0198309822419586,0.00235289777342468,0.02342813611464471,0.003893321738806127,100,2.625
1.01,0.990099009901,7,8,0.025,0.02050278204400618,0.002256180296524211,0.0228793685536914,0.003743387253012845,100,2.625
1.01,0.990099009901,7.1,8,0.025,0.02121563001745835,0.002186934487517567,0.02241037028467887,0.003591510240938036,100,2.625
1.01,0.990099009901,7.2,8,0.025,0.02176757640589095,0.002079660110540999,0.02215616272436075,0.003450666887764886,100,2.625
1.01,0.990099009901,7.3,8,0.025,0.02202109806275672,0.001922140283815373,0.02197417229429354,0.003265151478209359,100,2.625
1.01,0.990099009901,7.4,8,0.025,0.02199273113288232,0.001748055315584049,0.02165647528566583,0.003013271294051646,100,2.625
1.01,0.990099009901,7.5,8,0.025,0.02177249314683399,0.001619836622724642,0.02119610225907278,0.002755086171776194,100,2.625
1.01,0.990099009901,7.6,8,0.025,0.02142131895144019,0.00157935834088747,0.02073555102363202,0.00254094246418167,100,2.625
1.01,0.990099009901,7.7,8,0.025,0.02107484869310077,0.001601733497123517,0.02035375997835583,0.002353392448604091,100,2.625
1.01,0.990099009901,7.8,8,0.025,0.02086548086069106,0.001635723142309028,0.01999388968738988,0.002170239717709184,100,2.625
1.01,0.990099009901,7.9,8,0.025,0.02074690911930147,0.001644975003256553,0.01955012294366159,0.001985631073650122,100,2.625
1.01,0.990099009901,8,8,0.025,0.01856011172106202,0.002858783514127387,0.01886188985127823,0.001847391062473355,100,2.75
1.01,0.990099009901,8.1,8,0.025,0.01570446616205824,0.002824161340597742,0.02039961932585296,0.001885818039593412,100,2.875
1.01,0.990099009901,8.2,8,0.025,0.01574977870425984,0.002544547739330199,0.02022556834637148,0.001958591971699849,100,2.875
1.01,0.990099009901,8.3,8,0.025,0.01354746537273733,0.002426972724887102,0.01887249243435511,0.001686484765134972,100,3
1.01,0.990099009901,8.4,8,0.025,0.01383595182888463,0.002182878548577067,0.01845050204625009,0.001756030066951789,100,3
1.01,0.990099009901,8.5,8,0.025,0.01420080567678024,0.001928563302525975,0.01820883961848128,0.00191115010615391,100,3.125
1.01,0.990099009901,8.6,8,0.025,0.01494711462702355,0.001719769018740478,0.01800487747684001,0.002039907265900815,100,3.125
1.01,0.990099009901,8.7,8,0.025,0.01564143513354264,0.001748487030975078,0.01768381197663764,0.002086829308456143,100,3.125
1.01,0.990099009901,8.8,8,0.025,0.0156584633095869,0.002116326108726556,0.0165405851440627,0.002264851198191712,100,3.25
1.01,0.990099009901,8.9,8,0.025,0.01606054595909464,0.002439035660377356,0.01603852971736947,0.00210238515872028,100,3.25
1.01,0.990099009901,9,8,0.025,0.01640186012221924,0.002775756848095039,0.01593477070312329,0.001921079750128417,100,3.375
1.01,0.990099009901,9.1,8,0.025,0.01668568237231186,0.003074488208782397,0.01556346309036264,0.001813936719904605,100,3.375
1.01,0.990099009901,9.2,8,0.025,0.01717231212843131,0.003298935152257762,0.01545772620314197,0.001773664246000056,100,3.5
1.01,0.990099009901,9.3,8,0.025,0.0171683019032412,0.003449540711483234,0.01507039215036524,0.001766295772084468,100,3.5
1.01,0.990099009901,9.4,8,0.025,0.01701423638668017,0.003522779881569706,0.01566667578886082,0.002162871056585373,100,3.75
1.01,0.990099009901,9.5,8,0.025,0.01668613706748219,0.00358324219125494,0.0151929711431138,0.002090835040694739,100,3.75
1.01,0.990099009901,9.6,8,0.025,0.01628841950269612,0.003601954375211525,0.0149112350250305,0.002153470205001344,100,3.75
1.01,0.990099009901,9.7,8,0.025,0.01585723434992585,0.003562241452485712,0.01467572505486641,0.002281590424964812,100,3.75
1.01,0.990099009901,9.8,8,0.025,0.01539289383726854,0.003471713292030873,0.01436753000489595,0.002386493349265927,100,3.75
1.01,0.990099009901,9.9,8,0.025,0.01498931790942594,0.003318419235355077,0.01408521005713152,0.00237537773031757,100,3.875
1.01,0.990099009901,10,8,0.025,0.01442435647941447,0.003224490555664611,0.0137148980984097,0.002379208964125796,100,3.875
1.01,0.990099009901,0,16,0.025,0.04862081964091888,1.791614702062191e-18,0.03053053306185482,2.687422053093286e-18,100,0
1.01,0.990099009901,0.1,16,0.025,0.04829948365002202,0.0002087778434351172,0.03066448609573022,0.0002010909217277732,100,0.0625
1.01,0.990099009901,0.2,16,0.025,0.0481893986093279,0.0002080288432459373,0.03059752314180922,0.0001999883322311995,100,0.0625
1.01,0.990099009901,0.3,16,0.025,0.04808145309622464,0.0002077045122326564,0.03053236137879797,0.0001987123032604916,100,0.0625
1.01,0.990099009901,0.4,16,0.025,0.04797519275919754,0.0002079059650225883,0.03046864495752905,0.0001972012770853784,100,0.0625
1.01,0.990099009901,0.5,16,0.025,0.04763471005974777,0.0003042058087938944,0.03060319542213427,0.0002683290558029493,100,0.125
1.01,0.990099009901,0.6,16,0.025,0.04753382456221755,0.0003043212471203222,0.03054043073228662,0.0002658294464944107,100,0.125
1.01,0.990099009901,0.7,16,0.025,0.0449013813669375,0.002914660867589832,0.02882655164766703,0.001637529146584474,100,0.3125
1.01,0.990099009901,0.8,16,0.025,0.04487777816938539,0.002872494659009068,0.02891546025698169,0.001495816089025213,100,0.3125
1.01,0.990099009901,0.9,16,0.025,0.04494884968734307,0.002761764653232347,0.02913821938061711,0.001227461330924344,100,0.3125
1.01,0.990099009901,1,16,0.025,0.04521282766184588,0.002604666472416477,0.02914021806852743,0.001089461741263828,100,0.4375
1.01,0.990099009901,1.1,16,0.025,0.0453851977997102,0.002432568007970324,0.02897299861567466,0.001208892270519724,100,0.4375
1.01,0.990099009901,1.2,16,0.025,0.04555631737165572,0.002275053271252092,0.02873459296070466,0.001406486796761551,100,0.4375
1.01,0.990099009901,1.3,16,0.025,0.04570400107691589,0.00215115574967931,0.02866198963641716,0.001452747620133396,100,0.4375
1.01,0.990099009901,1.4,16,0.025,0.04581486516072845,0.002066505476316967,0.02880967538571785,0.001293802466561753,100,0.4375
1.01,0.990099009901,1.5,16,0.025,0.04587788209018825,0.002020286756499597,0.02903527466049932,0.001067720247595614,100,0.4375
1.01,0.990099009901,1.6,16,0.025,0.04587612247825917,0.002014378480015341,0.02918507260822822,0.0009274897880360657,100,0.4375
1.01,0.990099009901,1.7,16,0.025,0.04526595511720514,0.002178092101480206,0.02983813891343322,0.001120322835374974,100,0.5
1.01,0.990099009901,1.8,16,0.025,0.04549210553800915,0.002302267837434609,0.02983793028952368,0.00110761956416931,100,0.5625
1.01,0.990099009901,1.9,16,0.025,0.04535211019074348,0.00238424212623067,0.02991273437084961,0.001063912102908668,100,0.5625
1.01,0.990099009901,2,16,0.025,0.04523271513992323,0.002440314867912335,0.03001769789788938,0.0009996074722071625,100,0.5625
1.01,0.990099009901,2.1,16,0.025,0.04513890245657592,0.002460119325656683,0.03009589427899725,0.0009581791011617339,100,0.5625
1.01,0.990099009901,2.2,16,0.025,0.04503278975014471,0.002465616728255143,0.03009706219201041,0.0009638396723843889,100,0.5625
1.01,0.990099009901,2.3,16,0.025,0.04486599221836775,0.002488889569766586,0.03000231427259182,0.001007551622012047,100,0.5625
1.01,0.990099009901,2.4,16,0.025,0.04444245235401979,0.002531600164851754,0.03108634469719776,0.002051123739473,100,0.625
1.01,0.990099009901,2.5,16,0.025,0.04415492181701088,0.002607025831861323,0.0308404701792161,0.00207521630079029,100,0.625
1.01,0.990099009901,2.6,16,0.025,0.04297335792239834,0.003248838972864747,0.03116817189715369,0.001938862897895372,100,0.6875
1.01,0.990099009901,2.7,16,0.025,0.04251785937155968,0.003315500571689891,0.03111347169987058,0.001855815722393035,100,0.75
1.01,0.990099009901,2.8,16,0.025,0.04263401080324813,0.003374239292992908,0.03074300641593578,0.001782270315062678,100,0.875
1.01,0.990099009901,2.9,16,0.025,0.0399464331055934,0.003705098785570324,0.02938427393990289,0.001946370254901865,100,0.9375
1.01,0.990099009901,3,16,0.025,0.04295599056493117,0.004821146902626608,0.02891090245001659,0.001907330907624295,100,1
1.01,0.990099009901,3.1,16,0.025,0.04312714168855892,0.004705499068140376,0.02893389276640725,0.001797547297256741,100,1
1.01,0.990099009901,3.2,16,0.025,0.04325163906758596,0.004593526152119476,0.02895382258811635,0.001659464255342691,100,1
1.01,0.990099009901,3.3,16,0.025,0.0433364031745158,0.004435941766946172,0.02892560776278318,0.001514081177943121,100,1
1.01,0.990099009901,3.4,16,0.025,0.0431540790555574,0.004273563682822947,0.02880267485289035,0.001391027624998355,100,1.0625
1.01,0.990099009901,3.5,16,0.025,0.04310364455365278,0.004040128162372705,0.02900671813280275,0.001307216782185409,100,1.0625
1.01,0.990099009901,3.6,16,0.025,0.04022459183840411,0.004467978308925873,0.02732683371819679,0.002149952393651385,100,1.125
1.01,0.990099009901,3.7,16,0.025,0.03985563008632603,0.004286637271254441,0.02738166296508238,0.00209971147236001,100,1.1875
1.01,0.990099009901,3.8,16,0.025,0.03970391346921677,0.003904666910394577,0.02735888552681769,0.001999415970570613,100,1.1875
1.01,0.990099009901,3.9,16,0.025,0.03994190249038234,0.003477377572226907,0.02709032123291087,0.001950754377127082,100,1.25
1.01,0.990099009901,4,16,0.025,0.0391843926642814,0.003340275704791304,0.0268172429768472,0.001944710537814088,100,1.25
1.01,0.990099009901,4.1,16,0.025,0.03834122163998765,0.003306271701178831,0.02651333455321396,0.001974561034592453,100,1.25
1.01,0.990099009901,4.2,16,0.025,0.03474002342457269,0.003834408178443946,0.02853038831850487,0.003225929215690139,100,1.3125
1.01,0.990099009901,4.3,16,0.025,0.034403083574473,0.003620752399286575,0.02869574497749004,0.003150799621789032,100,1.375
1.01,0.990099009901,4.4,16,0.025,0.03554977921249044,0.003533518211320705,0.02841203143092251,0.003160224696064686,100,1.5
1.01,0.990099009901,4.5,16,0.025,0.03618813204424931,0.00366103331203388,0.02869489961021294,0.003260804257119253,100,1.5625
1.01,0.990099009901,4.6,16,0.025,0.0359712492224393,0.003557054729558054,0.02820666969895023,0.00323962346896913,100,1.5625
1.01,0.990099009901,4.7,16,0.025,0.0358249560380154,0.003491613100399805,0.02761915959137384,0.003167187907168153,100,1.5625
1.01,0.990099009901,4.8,16,0.025,0.03578961674997729,0.0034495052846268,0.02699761963950025,0.003058300974108604,100,1.5625
1.01,0.990099009901,4.9,16,0.025,0.03579458213412952,0.003442980214273378,0.02635549132758939,0.002942157644471876,100,1.5625
1.01,0.990099009901,5,16,0.025,0.03589770230228687,0.00344048724020739,0.02579490825306731,0.002824258626151944,100,1.625
1.01,0.990099009901,5.1,16,0.025,0.03566274925418907,0.003491874790784593,0.02508311734341006,0.002709849523764634,100,1.625
1.01,0.990099009901,5.2,16,0.025,0.03562433243371763,0.003617919969937118,0.02418820557039504,0.002541150009071771,100,1.6875
1.01,0.990099009901,5.3,16,0.025,0.03528400502595728,0.003646397654735136,0.0235707595486889,0.002368655273874143,100,1.6875
1.01,0.990099009901,5.4,16,0.025,0.03399155019615571,0.003972191452302525,0.02355373227878921,0.002198378434462931,100,1.75
1.01,0.990099009901,5.5,16,0.025,0.03362804150652416,0.003942724789495243,0.02322436976510199,0.002051122800701749,100,1.75
1.01,0.990099009901,5.6,16,0.025,0.03171279142464486,0.004142496504621434,0.02273569985273965,0.001985009656949217,100,1.8125
1.01,0.990099009901,5.7,16,0.025,0.02874372619556295,0.004136535723483706,0.02210076265038597,0.001793640864890172,100,1.875
1.01,0.990099009901,5.8,16,0.025,0.02861269242662402,0.003881075504903194,0.02207725211894619,0.001613659217288639,100,1.9375
1.01,0.990099009901,5.9,16,0.025,0.02972027726547299,0.004010793437042063,0.02231940703324186,0.001783383842990224,100,2
1.01,0.990099009901,6,16,0.025,0.03134350162627508,0.003735288029419886,0.0207008221826309,0.002017516687124678,100,2.125
1.01,0.990099009901,6.1,16,0.025,0.03050364827555771,0.003471119850710371,0.02069291375194184,0.002009624544576252,100,2.125
1.01,0.990099009901,6.2,16,0.025,0.0294405302845837,0.003241646634867572,0.02068329401912068,0.001994042946322543,100,2.125
1.01,0.990099009901,6.3,16,0.025,0.02870002385020647,0.00303110422218919,0.02066168118851138,0.001962838582550877,100,2.1875
1.01,0.990099009901,6.4,16,0.025,0.02771520615031511,0.002670438252712101,0.0209760064745384,0.00198025006638687,100,2.25
1.01,0.990099009901,6.5,16,0.025,0.02592222461021811,0.002880620613354505,0.02077443866196208,0.001911888098128201,100,2.3125
1.01,0.990099009901,6.6,16,0.025,0.0257938327184665,0.002719091175442186,0.02073101071930084,0.001874302750838342,100,2.3125
1.01,0.990099009901,6.7,16,0.025,0.02379071998352628,0.002626076284260381,0.02241400247290699,0.002301558996915753,100,2.5
1.01,0.990099009901,6.8,16,0.025,0.02335424054803719,0.002506346155281353,0.02299003133613568,0.002463103966087011,100,2.5625
1.01,0.990099009901,6.9,16,0.025,0.02266090065088736,0.002471997179325233,0.02275267965702315,0.00242523149601877,100,2.6875
1.01,0.990099009901,7,16,0.025,0.02330729403481518,0.002319178504764148,0.02296674677930904,0.002235602406623497,100,2.75
1.01,0.990099009901,7.1,16,0.025,0.02342919320115738,0.002273302250404398,0.02249412283565922,0.002147843579194094,100,2.75
1.01,0.990099009901,7.2,16,0.025,0.02351904814155901,0.002219731731766012,0.02212950665092965,0.002074404821870848,100,2.75
1.01,0.990099009901,7.3,16,0.025,0.02350179786307114,0.002167400412285613,0.02181755688423723,0.001997082693202395,100,2.75
1.01,0.990099009901,7.4,16,0.025,0.0233757310164406,0.002136519365958921,0.02143601031099864,0.001906717539944957,100,2.75
1.01,0.990099009901,7.5,16,0.025,0.02318076926929218,0.00213652805015068,0.0209670257435444,0.00182318234554865,100,2.75
1.01,0.990099009901,7.6,16,0.025,0.02294855060931547,0.002165746873034485,0.02049235611570285,0.001760449789033218,100,2.75
1.01,0.990099009901,7.7,16,0.025,0.02274727437693125,0.002213540810090702,0.02007859209265648,0.001707061331063103,100,2.75
1.01,0.990099009901,7.8,16,0.025,0.02241744282422682,0.002106535287332197,0.01991262942599487,0.001748301912141254,100,2.8125
1.01,0.990099009901,7.9,16,0.025,0.02233514508403405,0.002149341846276952,0.01954422237525425,0.001700259772063932,100,2.8125
1.01,0.990099009901,8,16,0.025,0.02118602150887611,0.002513664365812714,0.01907502304342252,0.001672972495093137,100,2.875
1.01,0.990099009901,8.1,16,0.025,0.01966790098934943,0.002636562152124556,0.01973651200445578,0.001702216479435393,100,2.9375
1.01,0.990099009901,8.2,16,0.025,0.01956604227708267,0.002566007055090927,0.01948852554201025,0.001717664033705429,100,3
1.01,0.990099009901,8.3,16,0.025,0.01833631396634713,0.002661991330663834,0.01874833423887549,0.001641142944538612,100,3.0625
1.01,0.990099009901,8.4,16,0.025,0.01814965951516826,0.002623947916382978,0.01801475358230546,0.001847100334965885,100,3.125
1.01,0.990099009901,8.5,16,0.025,0.01815007991070451,0.002549804479477842,0.017836909952396,0.001892285157493677,100,3.1875
1.01,0.990099009901,8.6,16,0.025,0.01836086691974536,0.002461749283475608,0.01770377864598508,0.001935195970012018,100,3.1875
1.01,0.990099009901,8.7,16,0.025,0.01853381065737576,0.002424499426808776,0.01752018135048155,0.001956873052481171,100,3.1875
1.01,0.990099009901,8.8,16,0.025,0.01835536558413954,0.002489777144060428,0.01690513830966272,0.002006064510753498,100,3.25
1.01,0.990099009901,8.9,16,0.025,0.01846706578167703,0.002538319395986251,0.01659082721458063,0.001954085363593812,100,3.3125
1.01,0.990099009901,9,16,0.025,0.01851441094312219,0.002605849594714036,0.01646277439118909,0.001889326255922824,100,3.375
1.01,0.990099009901,9.1,16,0.025,0.01876487086830482,0.002803254408034567,0.01608176472292275,0.001764767870500506,100,3.4375
1.01,0.990099009901,9.2,16,0.025,0.0188990681779478,0.002836120078319502,0.0160184784294875,0.0017526388365926,100,3.5
1.01,0.990099009901,9.3,16,0.025,0.01878673385110722,0.002854755389119453,0.01581474256115532,0.001758388672574874,100,3.5625
1.01,0.990099009901,9.4,16,0.025,0.01855763508455454,0.002861875065845402,0.01608915830354277,0.001845652657977054,100,3.6875
1.01,0.990099009901,9.5,16,0.025,0.01822369823967328,0.002866856046168935,0.01579915196079105,0.001811568986570958,100,3.6875
1.01,0.990099009901,9.6,16,0.025,0.01783847775558283,0.002852731497891665,0.01558620174929373,0.001802182046407633,100,3.6875
1.01,0.990099009901,9.7,16,0.025,0.01741216906662966,0.002811756900578624,0.01537871492999332,0.00180772582313915,100,3.6875
1.01,0.990099009901,9.8,16,0.025,0.01694264009555368,0.002748688475416581,0.01510637713543631,0.001809544928115547,100,3.6875
1.01,0.990099009901,9.9,16,0.025,0.01550228721548048,0.002768583683666075,0.01491764812073367,0.00180442685760494,100,3.8125
1.01,0.990099009901,10,16,0.025,0.01506085195152808,0.002699214195802885,0.01459606257836086,0.001785344401363814,100,3.8125
1.01,0.990099009901,0,32,0.025,0.04862081964091885,4.985048541372019e-18,0.03053053306185482,1.246262135343005e-18,100,0
1.01,0.990099009901,0.1,32,0.025,0.04840387257173957,0.0001043889217175586,0.03056394063486633,0.0001005454608638867,100,0.03125
1.01,0.990099009901,0.2,32,0.025,0.04693792305172309,0.001356125334178896,0.02962328723802824,0.0008831406396276147,100,0.0625
1.01,0.990099009901,0.3,32,0.025,0.04703859490602864,0.001342726225098011,0.02941329588989331,0.0008828062281242189,100,0.125
1.01,0.990099009901,0.4,32,0.025,0.04701375740289093,0.001262812877223108,0.0293667634799092,0.0008673327219033848,100,0.125
1.01,0.990099009901,0.5,32,0.025,0.04688958482365339,0.001171857977901441,0.02942514493838289,0.000856276988419508,100,0.1875
1.01,0.990099009901,0.6,32,0.025,0.04691855833455044,0.001053216321321916,0.02939430836286634,0.0008286658873415699,100,0.1875
1.01,0.990099009901,0.7,32,0.025,0.04568990729375352,0.001710293233968111,0.02854224287558267,0.001111364844818628,100,0.28125
1.01,0.990099009901,0.8,32,0.025,0.04591790132086138,0.001651139569068568,0.02780526327405995,0.001280138069895691,100,0.3125
1.01,0.990099009901,0.9,32,0.025,0.04569988169278429,0.001528406803116509,0.02922891709432291,0.001646059413264594,100,0.34375
1.01,0.990099009901,1,32,0.025,0.04589656248411158,0.001409349696059854,0.02938020691733675,0.001582774805463343,100,0.40625
1.01,0.990099009901,1.1,32,0.025,0.04603816283891405,0.001297185206162154,0.02948499902883972,0.00156005537300099,100,0.40625
1.01,0.990099009901,1.2,32,0.025,0.04618240170077338,0.001216883247600948,0.02952114694464208,0.001549844693301557,100,0.4375
1.01,0.990099009901,1.3,32,0.025,0.04618276311902079,0.001186587827025128,0.02970709783095077,0.001505120336960109,100,0.46875
1.01,0.990099009901,1.4,32,0.025,0.0462687882265518,0.001211973738433932,0.02986500397906903,0.00140541365079925,100,0.46875
1.01,0.990099009901,1.5,32,0.025,0.04637968626982086,0.001302757842431558,0.02995256118520782,0.0013211241565758,100,0.53125
1.01,0.990099009901,1.6,32,0.025,0.04684204646495871,0.001468455786777002,0.02924936547045491,0.001515389708405483,100,0.5625
1.01,0.990099009901,1.7,32,0.025,0.04570552618946829,0.001633785427612194,0.02874353175818959,0.00169465216024819,100,0.65625
1.01,0.990099009901,1.8,32,0.025,0.04448095552380944,0.002128753262641445,0.02780513542711519,0.001821417434656057,100,0.71875
1.01,0.990099009901,1.9,32,0.025,0.04421078382443958,0.002164643800966509,0.02781253681093977,0.001730252437200516,100,0.71875
1.01,0.990099009901,2,32,0.025,0.04393851817778131,0.002181746006335501,0.02781622298703971,0.001615361006909388,100,0.71875
1.01,0.990099009901,2.1,32,0.025,0.04371075253442086,0.002167595150346747,0.02781218473788863,0.001495357948585743,100,0.75
1.01,0.990099009901,2.2,32,0.025,0.04276698429757525,0.002367531893007551,0.02830704973693137,0.001239867130374833,100,0.78125
1.01,0.990099009901,2.3,32,0.025,0.04276837403599541,0.002239512299951071,0.02830399513541606,0.001151169696734667,100,0.78125
1.01,0.990099009901,2.4,32,0.025,0.04249171609408346,0.002169344158406527,0.02884711311621874,0.00140435785791329,100,0.8125
1.01,0.990099009901,2.5,32,0.025,0.04334874871925666,0.00267298436643569,0.02961644622276459,0.001790842151410348,100,0.875
1.01,0.990099009901,2.6,32,0.025,0.04250008521217155,0.002822681314857397,0.02895330264037745,0.001886332785007702,100,0.9375
1.01,0.990099009901,2.7,32,0.025,0.04192175730354034,0.002903665591053638,0.02873284885082141,0.001929789122450124,100,1
1.01,0.990099009901,2.8,32,0.025,0.04200594386387529,0.002838895081008327,0.02896230822412092,0.001840548992088739,100,1.09375
1.01,0.990099009901,2.9,32,0.025,0.03916853291240766,0.003022094603668579,0.02803155523993045,0.001930276476893177,100,1.15625
1.01,0.990099009901,3,32,0.025,0.04204594362966851,0.003690527281151984,0.02705892898005736,0.001939030264031514,100,1.28125
1.01,0.990099009901,3.1,32,0.025,0.04213906375982612,0.003595363889527903,0.0270809489138679,0.001853368542858058,100,1.28125
1.01,0.990099009901,3.2,32,0.025,0.04210747792789628,0.00352382060307205,0.0272006546995253,0.001736212677739627,100,1.28125
1.01,0.990099009901,3.3,32,0.025,0.04197104138475669,0.003418496899923864,0.02743707226346811,0.001572083431623794,100,1.28125
1.01,0.990099009901,3.4,32,0.025,0.04156774622452733,0.003303748855249642,0.02704753925813582,0.001530108297175188,100,1.375
1.01,0.990099009901,3.5,32,0.025,0.04144322370916186,0.003084642910401708,0.02741210446375648,0.001357558073116702,100,1.375
1.01,0.990099009901,3.6,32,0.025,0.03991260129843408,0.003072147039151962,0.02670516358499559,0.001474932956954576,100,1.40625
1.01,0.990099009901,3.7,32,0.025,0.03955387518207973,0.002896759027996326,0.02676051802050751,0.001393627475203512,100,1.4375
1.01,0.990099009901,3.8,32,0.025,0.03922518362715808,0.002660761946046458,0.02664288735856967,0.001343670282019694,100,1.46875
1.01,0.990099009901,3.9,32,0.025,0.03901552993501588,0.002421989551448457,0.02649596556441227,0.001286103978230714,100,1.5
1.01,0.990099009901,4,32,0.025,0.03840579001716065,0.002290322838728332,0.0262966690196323,0.001248453840059402,100,1.53125
1.01,0.990099009901,4.1,32,0.025,0.037599389793533,0.002216006436962642,0.02608840723827443,0.001240950537178353,100,1.53125
1.01,0.990099009901,4.2,32,0.025,0.03542590794816864,0.002382253136725244,0.02698258816567998,0.00177997217538033,100,1.59375
1.01,0.990099009901,4.3,32,0.025,0.03490701919844481,0.002288855713926006,0.02693494796870438,0.00175193535700597,100,1.625
1.01,0.990099009901,4.4,32,0.025,0.0351628276740711,0.002259235331739882,0.02665323980239814,0.001754644256654435,100,1.6875
1.01,0.990099009901,4.5,32,0.025,0.03612131285350922,0.002533956703248197,0.02620511504353411,0.001942110682929163,100,1.75
1.01,0.990099009901,4.6,32,0.025,0.03439294315940801,0.002602407063638595,0.02495730709205777,0.002059291554705899,100,1.78125
1.01,0.990099009901,4.7,32,0.025,0.03423343328462861,0.002514671570564414,0.02466903082975307,0.001989476493285931,100,1.78125
1.01,0.990099009901,4.8,32,0.025,0.03427157153205666,0.00248491100621957,0.02430479927276518,0.001886058242631354,100,1.84375
1.01,0.990099009901,4.9,32,0.025,0.03402058341825199,0.002499592534064234,0.02409721297432729,0.001775315640847194,100,1.84375
1.01,0.990099009901,5,32,0.025,0.03352788769222399,0.00262238253202299,0.02386855067681828,0.001745651673242,100,1.96875
1.01,0.990099009901,5.1,32,0.025,0.03264271886811979,0.002728044340961824,0.02364165055295025,0.00167361220821967,100,2
1.01,0.990099009901,5.2,32,0.025,0.03256229694054637,0.002706554954767798,0.02329162210146353,0.001590968964153917,100,2.03125
1.01,0.990099009901,5.3,32,0.025,0.03247699048123014,0.002618281773193227,0.02304283900726595,0.001523185250283893,100,2.03125
1.01,0.990099009901,5.4,32,0.025,0.03208422612650384,0.002627025071203951,0.02304920654429081,0.001469294508027562,100,2.09375
1.01,0.990099009901,5.5,32,0.025,0.03184924784772648,0.002567058807024576,0.0228739926108881,0.001425623246411661,100,2.09375
1.01,0.990099009901,5.6,32,0.025,0.03124412369196347,0.002795651906326531,0.02282906663753033,0.001460415028206819,100,2.1875
1.01,0.990099009901,5.7,32,0.025,0.02957140559650145,0.002706151080370243,0.02234247044435828,0.00139536712535276,100,2.21875
1.01,0.990099009901,5.8,32,0.025,0.02919547940246446,0.002561243930648891,0.02209378053812498,0.001333864635246565,100,2.28125
1.01,0.990099009901,5.9,32,0.025,0.02968113287944384,0.002579934908339803,0.02198300930292054,0.001377954093559203,100,2.3125
1.01,0.990099009901,6,32,0.025,0.0303940267629896,0.002482077861003474,0.02125770137074054,0.001463981942964462,100,2.40625
1.01,0.990099009901,6.1,32,0.025,0.02983643020653138,0.002390760268026606,0.02104337791534168,0.001436073477782804,100,2.40625
1.01,0.990099009901,6.2,32,0.025,0.02914291292124547,0.002314505517340484,0.02082830577937636,0.001407599849359257,100,2.40625
1.01,0.990099009901,6.3,32,0.025,0.02876525984821181,0.002333545976155248,0.02045409735705541,0.001390439877402385,100,2.53125
1.01,0.990099009901,6.4,32,0.025,0.02815190696373903,0.002238572617934638,0.02045480716059035,0.001383818034127424,100,2.59375
1.01,0.990099009901,6.5,32,0.025,0.02720547313871388,0.002311063224752109,0.02025944900698516,0.001349601046628341,100,2.65625
1.01,0.990099009901,6.6,32,0.025,0.02690864401114139,0.002261459320006175,0.02014911362634612,0.001326573646872643,100,2.65625
1.01,0.990099009901,6.7,32,0.025,0.02559844507039228,0.002240160626561545,0.02087082244075113,0.001491685155448024,100,2.75
1.01,0.990099009901,6.8,32,0.025,0.02503207192262044,0.002181818914906246,0.0210149476854,0.001558326288919736,100,2.78125
1.01,0.990099009901,6.9,32,0.025,0.02315107813375828,0.002187711115599822,0.02032282058578225,0.001576668338030826,100,2.875
1.01,0.990099009901,7,32,0.025,0.02291961213302221,0.002210201871289149,0.02005810204151083,0.001574267717647637,100,3
1.01,0.990099009901,7.1,32,0.025,0.02281298142029396,0.002141263993921982,0.01982760121010232,0.001516675641377444,100,3
1.01,0.990099009901,7.2,32,0.025,0.02274794768882564,0.002063801214837051,0.0195893480596942,0.001472255386153845,100,3.03125
1.01,0.990099009901,7.3,32,0.025,0.02273521751285637,0.002084357352419295,0.01918791203611721,0.001400750070928033,100,3.0625
1.01,0.990099009901,7.4,32,0.025,0.02258394277297445,0.002036583926129039,0.01885453722717214,0.001340544450159416,100,3.09375
1.01,0.990099009901,7.5,32,0.025,0.02241525216410504,0.002010468574149713,0.01866867986038908,0.001282324930076578,100,3.125
1.01,0.990099009901,7.6,32,0.025,0.02183902718113357,0.00206982582668153,0.01838990693591129,0.001248275144248117,100,3.15625
1.01,0.990099009901,7.7,32,0.025,0.02168934729347609,0.002074095110462136,0.01820354064789371,0.001224468005338424,100,3.15625
1.01,0.990099009901,7.8,32,0.025,0.02139203102140757,0.002040960889846258,0.01760142814961684,0.001322764742455516,100,3.21875
1.01,0.990099009901,7.9,32,0.025,0.02120243825111756,0.002053539697677458,0.01742769717454912,0.001293297678858249,100,3.21875
1.01,0.990099009901,8,32,0.025,0.02041936227670658,0.0021476297232231,0.01720776950995621,0.001265841994952872,100,3.28125
1.01,0.990099009901,8.1,32,0.025,0.01928979404429784,0.00221619908197322,0.01752527042892659,0.001284521073125873,100,3.375
1.01,0.990099009901,8.2,32,0.025,0.01907853135884344,0.002189210706981953,0.01737857752086353,0.00127948806552994,100,3.40625
1.01,0.990099009901,8.3,32,0.025,0.01833213166768972,0.002213409810663062,0.0169910698713396,0.001234916138503402,100,3.4375
1.01,0.990099009901,8.4,32,0.025,0.01812978147242475,0.002207742328718853,0.01659398386993023,0.001291836819756771,100,3.46875
1.01,0.990099009901,8.5,32,0.025,0.01801891204852722,0.002198303097080973,0.01644633746513154,0.001313771425895813,100,3.5
1.01,0.990099009901,8.6,32,0.025,0.01822576202341546,0.002183300042447137,0.01632122278123064,0.001340597786970642,100,3.53125
1.01,0.990099009901,8.7,32,0.025,0.01817044997853275,0.002191304709260065,0.01614656093571513,0.00136315248145483,100,3.53125
1.01,0.990099009901,8.8,32,0.025,0.01798062898519976,0.002227438213315401,0.0157633197161809,0.001389583458117841,100,3.5625
1.01,0.990099009901,8.9,32,0.025,0.01813432033077101,0.002250148668526703,0.01544028877787519,0.001412586333660133,100,3.6875
1.01,0.990099009901,9,32,0.025,0.0180719753626849,0.002286668730646458,0.01530229755978005,0.001409232718470895,100,3.71875
1.01,0.990099009901,9.1,32,0.025,0.01802720084062592,0.002358411324697108,0.01509524302069866,0.001384480108480434,100,3.78125
1.01,0.990099009901,9.2,32,0.025,0.01789244363757298,0.002372968822597898,0.01497316345813284,0.001402611286930289,100,3.8125
1.01,0.990099009901,9.3,32,0.025,0.01758590518484873,0.002362892098325455,0.01466509305518979,0.001413810582608635,100,3.90625
1.01,0.990099009901,9.4,32,0.025,0.01762190331918129,0.002360873143865496,0.01468274270758115,0.001458016943171858,100,4
1.01,0.990099009901,9.5,32,0.025,0.01733536610234535,0.00231861892605914,0.01444488242546343,0.001446733320231121,100,4.03125
1.01,0.990099009901,9.6,32,0.025,0.01699161427817756,0.002249177694855884,0.01427767261383916,0.00142494916811203,100,4.0625
1.01,0.990099009901,9.7,32,0.025,0.01656297823925213,0.002173495054273003,0.01396589546937234,0.001429938999758789,100,4.09375
1.01,0.990099009901,9.8,32,0.025,0.01606301371147699,0.002090811794034404,0.01369184358334726,0.001418817113107532,100,4.09375
1.01,0.990099009901,9.9,32,0.025,0.01506359366035702,0.002025028553025798,0.013480398642018,0.001408460842122541,100,4.15625
1.01,0.990099009901,10,32,0.025,0.01431475610606009,0.001922067902139279,0.01312678438430691,0.001390152622740992,100,4.1875
1.01,0.990099009901,0,64,0.025,0.04862081964091886,2.622655377657235e-18,0.03053053306185481,0,100,0
1.01,0.990099009901,0.1,64,0.025,0.04774592678672317,0.0007343201923292874,0.0310786209871376,0.0005694809161080004,100,0.0625
1.01,0.990099009901,0.2,64,0.025,0.04631104989090197,0.001574869921814044,0.03060460966046957,0.00100839203253249,100,0.140625
1.01,0.990099009901,0.3,64,0.025,0.0464790730235005,0.001536084137817991,0.03019547452564226,0.00107390869118641,100,0.203125
1.01,0.990099009901,0.4,64,0.025,0.04655146738406527,0.00146456333756266,0.03019547229326276,0.001052937710293473,100,0.203125
1.01,0.990099009901,0.5,64,0.025,0.04656672159845861,0.00137998575613622,0.03017468705997523,0.001031595208764788,100,0.234375
1.01,0.990099009901,0.6,64,0.025,0.04685723946492603,0.001309809758201638,0.03018315968033621,0.001011696253987182,100,0.25
1.01,0.990099009901,0.7,64,0.025,0.04542867606573636,0.001569860145941139,0.02931594439473167,0.001128252350262521,100,0.328125
1.01,0.990099009901,0.8,64,0.025,0.04537003418564406,0.001483444931006104,0.02903284963630503,0.001114016385377519,100,0.359375
1.01,0.990099009901,0.9,64,0.025,0.04510994694762076,0.001381424748866103,0.02979879317466723,0.001155967219313662,100,0.375
1.01,0.990099009901,1,64,0.025,0.04503229100645004,0.001291573924846047,0.02983782146754961,0.0010860785565213,100,0.40625
1.01,0.990099009901,1.1,64,0.025,0.04418021939846479,0.001388647964308673,0.02941280051172783,0.001119272513066523,100,0.4375
1.01,0.990099009901,1.2,64,0.025,0.0441846440896056,0.001409694461521176,0.02881559152161164,0.001148644112321959,100,0.46875
1.01,0.990099009901,1.3,64,0.025,0.04396837338574371,0.001374109468400938,0.02884492809116881,0.001070636565880111,100,0.5
1.01,0.990099009901,1.4,64,0.025,0.04378469064119216,0.001351031489618594,0.02893938336764579,0.0009611512874776527,100,0.515625
1.01,0.990099009901,1.5,64,0.025,0.04370390877859053,0.001348464220368414,0.02892111653985222,0.0008990249030738533,100,0.5625
1.01,0.990099009901,1.6,64,0.025,0.04397368278419745,0.001329353758141613,0.02972663767928705,0.001749254884714922,100,0.609375
1.01,0.990099009901,1.7,64,0.025,0.04260594926664013,0.001470773967984562,0.02915232077444894,0.001722735241576337,100,0.671875
1.01,0.990099009901,1.8,64,0.025,0.04234555461587736,0.001519259853919902,0.02809362672832898,0.001710117794473403,100,0.734375
1.01,0.990099009901,1.9,64,0.025,0.04223491701878695,0.00150336768329202,0.0279511465176796,0.001570569474965489,100,0.734375
1.01,0.990099009901,2,64,0.025,0.04226137054201877,0.001520965878533185,0.0274961271764895,0.001476554751230123,100,0.765625
1.01,0.990099009901,2.1,64,0.025,0.04210602993210577,0.001510202675475151,0.02707618363305704,0.00137707447511158,100,0.796875
1.01,0.990099009901,2.2,64,0.025,0.04215930237684991,0.001578395135896046,0.02796459516024514,0.001358953126667766,100,0.859375
1.01,0.990099009901,2.3,64,0.025,0.04204466376162439,0.001594210854370427,0.02798721222942318,0.001276513118791066,100,0.890625
1.01,0.990099009901,2.4,64,0.025,0.04197068419620104,0.001510851651676452,0.02830855544394304,0.001286785633559321,100,0.921875
1.01,0.990099009901,2.5,64,0.025,0.04232860564229253,0.001662279779349371,0.02965687511720466,0.001401668882944454,100,0.96875
1.01,0.990099009901,2.6,64,0.025,0.04193380808362823,0.00169926686631678,0.02936194468459292,0.001379963026371769,100,1
1.01,0.990099009901,2.7,64,0.025,0.04156191683998587,0.001722301756669736,0.02931425248037499,0.001342186523585491,100,1.046875
1.01,0.990099009901,2.8,64,0.025,0.04170204712844439,0.001692657213482783,0.02941831189193966,0.001266532152799986,100,1.109375
1.01,0.990099009901,2.9,64,0.025,0.04050133788547126,0.001732298116277781,0.02887062054008517,0.001274137604968465,100,1.15625
1.01,0.990099009901,3,64,0.025,0.041755046355212,0.002182325114203609,0.02862720885863031,0.001443671088378369,100,1.265625
1.01,0.990099009901,3.1,64,0.025,0.04167201299031048,0.002452082186420647,0.02797544036771302,0.001370135730137555,100,1.328125
1.01,0.990099009901,3.2,64,0.025,0.04132676763096959,0.00235149418230489,0.02805837324120976,0.001268297485881136,100,1.375
1.01,0.990099009901,3.3,64,0.025,0.0409436577232326,0.002228812991587279,0.0281006242570997,0.001163020593771902,100,1.375
1.01,0.990099009901,3.4,64,0.025,0.04112202270395775,0.002257509620602371,0.02762316481667175,0.001117213866610428,100,1.453125
1.01,0.990099009901,3.5,64,0.025,0.04070376058884113,0.002123970313490508,0.0274921860846345,0.001054604342521374,100,1.46875
1.01,0.990099009901,3.6,64,0.025,0.03893591518686662,0.00213365683523688,0.0264269931052429,0.001151885586840397,100,1.515625
1.01,0.990099009901,3.7,64,0.025,0.03842834079835893,0.002023158866890809,0.0262996617579857,0.001088626975516443,100,1.546875
1.01,0.990099009901,3.8,64,0.025,0.03773120202365239,0.001940718876181422,0.02583867242504497,0.001077726883296625,100,1.578125
1.01,0.990099009901,3.9,64,0.025,0.03734292186525324,0.001829103570883926,0.02569846755656895,0.001014468736350749,100,1.609375
1.01,0.990099009901,4,64,0.025,0.03662922717943384,0.001758583951832049,0.02550185076375175,0.0009643350729365247,100,1.625
1.01,0.990099009901,4.1,64,0.025,0.03592175723947372,0.001755568140937724,0.02504191796663858,0.0009298680005151886,100,1.65625
1.01,0.990099009901,4.2,64,0.025,0.03531541022514611,0.00176846323296794,0.02559276655339702,0.001097699226247625,100,1.71875
1.01,0.990099009901,4.3,64,0.025,0.03469164304575537,0.0016583811796876,0.02573770219004589,0.001074825469700088,100,1.765625
1.01,0.990099009901,4.4,64,0.025,0.03421334016589068,0.001597392990540867,0.02553649146303074,0.001065877968283752,100,1.828125
1.01,0.990099009901,4.5,64,0.025,0.03446359919144325,0.001657822062651699,0.02525833752735172,0.001130202466953869,100,1.890625
1.01,0.990099009901,4.6,64,0.025,0.03293457466860063,0.001687216892635598,0.02430619589323735,0.001195073015327506,100,1.953125
1.01,0.990099009901,4.7,64,0.025,0.03255472424023246,0.001670651781766701,0.02411746009573593,0.001165006445169747,100,1.984375
1.01,0.990099009901,4.8,64,0.025,0.03178725462694387,0.001695063540111629,0.02372530487217443,0.001202303202242759,100,2.078125
1.01,0.990099009901,4.9,64,0.025,0.0315299519425459,0.001693671128239877,0.02367762527763216,0.001156446728944139,100,2.109375
1.01,0.990099009901,5,64,0.025,0.03128322638544091,0.001708939953038358,0.02345971591434924,0.001152297738328652,100,2.203125
1.01,0.990099009901,5.1,64,0.025,0.03074931203459189,0.001746870012508201,0.02325759561632926,0.00111736374905443,100,2.25
1.01,0.990099009901,5.2,64,0.025,0.03059784050119948,0.001748070667320978,0.02298775137944177,0.001075535337029354,100,2.28125
1.01,0.990099009901,5.3,64,0.025,0.0308166400480921,0.001785528831635944,0.0226966431032259,0.001032743299185354,100,2.328125
1.01,0.990099009901,5.4,64,0.025,0.03060292611600108,0.001779191100051451,0.02265791642266552,0.001007890058968472,100,2.375
1.01,0.990099009901,5.5,64,0.025,0.02969366158149315,0.001750437125777221,0.02277465489093335,0.001015115953048691,100,2.40625
1.01,0.990099009901,5.6,64,0.025,0.02950628052705744,0.001820678395818026,0.02273740944693444,0.001023490268523594,100,2.46875
1.01,0.990099009901,5.7,64,0.025,0.02862848062750366,0.001768729932672556,0.0224433514647883,0.0009946909395432294,100,2.484375
1.01,0.990099009901,5.8,64,0.025,0.0283143645386547,0.001699260080240416,0.02226233612356216,0.0009656934876524805,100,2.515625
1.01,0.990099009901,5.9,64,0.025,0.02835235720962597,0.001697601369986113,0.02214668508175987,0.000973367573063878,100,2.546875
1.01,0.990099009901,6,64,0.025,0.02843054091306176,0.001656137731560911,0.02169248842217379,0.001002372796729145,100,2.609375
1.01,0.990099009901,6.1,64,0.025,0.02733667950064901,0.0016166434809536,0.02107053229010543,0.001023284792259284,100,2.640625
1.01,0.990099009901,6.2,64,0.025,0.0270133966747643,0.001564237993311188,0.02091762390842592,0.001007568344398383,100,2.65625
1.01,0.990099009901,6.3,64,0.025,0.02633368611327128,0.001510080997953061,0.02053965768038016,0.0009998056338940194,100,2.78125
1.01,0.990099009901,6.4,64,0.025,0.02604539437388251,0.001444710250324822,0.02048534178909547,0.0009948876903462306,100,2.828125
1.01,0.990099009901,6.5,64,0.025,0.02545009830943169,0.001478129637943113,0.02036260237448317,0.0009816998587667942,100,2.890625
1.01,0.990099009901,6.6,64,0.025,0.02519072845999857,0.001456260335202888,0.02017027505463797,0.0009648982662204173,100,2.890625
1.01,0.990099009901,6.7,64,0.025,0.02445706741238557,0.001445310498049798,0.02039394239764957,0.001008695637505548,100,2.953125
1.01,0.990099009901,6.8,64,0.025,0.02420102306426054,0.001425458695779944,0.02032412060150168,0.001016595730845532,100,3
1.01,0.990099009901,6.9,64,0.025,0.0231968750746957,0.001441198612228651,0.019893671845366,0.001002150817497749,100,3.0625
1.01,0.990099009901,7,64,0.025,0.02284967381643033,0.001476244363698717,0.01957767704016632,0.0009977682181733334,100,3.15625
1.01,0.990099009901,7.1,64,0.025,0.02176140353726247,0.001462351436694515,0.01908907551121845,0.0009730102029222296,100,3.21875
1.01,0.990099009901,7.2,64,0.025,0.02087603430656097,0.001406454811803317,0.01881221526260301,0.0009384172203164033,100,3.28125
1.01,0.990099009901,7.3,64,0.025,0.02074672723338954,0.001407503519775487,0.01855076543745139,0.0008964756604952218,100,3.296875
1.01,0.990099009901,7.4,64,0.025,0.02070707216844486,0.001382290890841641,0.01842369140091257,0.0008571434855681493,100,3.359375
1.01,0.990099009901,7.5,64,0.025,0.02052698273832004,0.001356179091166494,0.01824342251495302,0.0008226405031399531,100,3.375
1.01,0.990099009901,7.6,64,0.025,0.02013859300597723,0.001353681060439268,0.01800981144171342,0.0008046179830289348,100,3.390625
1.01,0.990099009901,7.7,64,0.025,0.02012563672565474,0.001338535706833415,0.01775898387767107,0.0007954786363510091,100,3.421875
1.01,0.990099009901,7.8,64,0.025,0.01999682577162249,0.001294221608240644,0.01724037768274631,0.0008559266493312124,100,3.484375
1.01,0.990099009901,7.9,64,0.025,0.01989116890571189,0.001275558131111043,0.01707653481745716,0.0008441355590295472,100,3.484375
1.01,0.990099009901,8,64,0.025,0.01951722742521408,0.001295051586868752,0.01685850221483304,0.0008311723177450705,100,3.546875
1.01,0.990099009901,8.1,64,0.025,0.01870069894714973,0.001319091234719419,0.01698234774818166,0.0008465588740830881,100,3.640625
1.01,0.990099009901,8.2,64,0.025,0.01857449528244976,0.00129976223276265,0.01693350966417019,0.0008403570189747704,100,3.71875
1.01,0.990099009901,8.3,64,0.025,0.01835315860360736,0.00131439820417611,0.01657453585956907,0.0008205151260431203,100,3.75
1.01,0.990099009901,8.4,64,0.025,0.01814890167140105,0.00131383535801578,0.01623739970250443,0.0008398362265748683,100,3.78125
1.01,0.990099009901,8.5,64,0.025,0.01798257646825805,0.001311801644615943,0.01601996197380432,0.0008458787082350416,100,3.796875
1.01,0.990099009901,8.6,64,0.025,0.01813064890464437,0.001392494694138632,0.01685507497483452,0.001353779537356041,100,3.875
1.01,0.990099009901,8.7,64,0.025,0.01800915148386166,0.00139877929574483,0.01656729763901309,0.001336413465075689,100,3.875
1.01,0.990099009901,8.8,64,0.025,0.01781095613184411,0.001411511343384674,0.01618379454723951,0.001303520598498452,100,3.90625
1.01,0.990099009901,8.9,64,0.025,0.01772278037080613,0.001405968268741275,0.01597615484286433,0.001275544164463487,100,4
1.01,0.990099009901,9,64,0.025,0.01735742023100318,0.001408648180047974,0.01570360774073009,0.001219106231010574,100,4.03125
1.01,0.990099009901,9.1,64,0.025,0.01692903489823453,0.001432689568063195,0.01553265432922399,0.00116268330778825,100,4.109375
1.01,0.990099009901,9.2,64,0.025,0.01672644982864138,0.001429645761527987,0.01535502451737341,0.001147905873555326,100,4.15625
1.01,0.990099009901,9.3,64,0.025,0.01645539271797504,0.001414049425553288,0.01504028525189156,0.001128477603252894,100,4.234375
1.01,0.990099009901,9.4,64,0.025,0.01610245475614114,0.001445790805113996,0.01483744316585634,0.001146722317968958,100,4.34375
1.01,0.990099009901,9.5,64,0.025,0.0158989860103961,0.00139083283754266,0.01456836334977061,0.00110521373306887,100,4.375
1.01,0.990099009901,9.6,64,0.025,0.01524829858561528,0.001328449355734868,0.01431296031581809,0.001075931631104818,100,4.421875
1.01,0.990099009901,9.7,64,0.025,0.01485794843248857,0.001277091316965653,0.01398410728611582,0.00106267967613739,100,4.4375
1.01,0.990099009901,9.8,64,0.025,0.01445998388155206,0.001224327902694302,0.01368340475797079,0.001045683122598622,100,4.453125
1.01,0.990099009901,9.9,64,0.025,0.01383266805641848,0.001179602876682372,0.01337524495713203,0.001026770851188209,100,4.5
1.01,0.990099009901,10,64,0.025,0.01337671615093734,0.001126631281258934,0.01296580358089888,0.001000026617937306,100,4.546875
1.02,0.980392156863,0,4,0.025,0.05851569990430334,0,0.02269655542640119,0,100,0
1.02,0.980392156863,0.1,4,0.025,0.05838100704167363,0,0.02264808661592777,0,100,0
1.02,0.980392156863,0.2,4,0.025,0.0582476789274715,0,0.02260048333296719,0,100,0
1.02,0.980392156863,0.3,4,0.025,0.05811710669268513,0,0.02255437251083568,0,100,0
1.02,0.980392156863,0.4,4,0.025,0.05798966323453339,0,0.02250961853145384,0,100,0
1.02,0.980392156863,0.5,4,0.025,0.05786520818924058,0,0.02246581737870882,0,100,0
1.02,0.980392156863,0.6,4,0.025,0.05774517114974158,0,0.02242345024756583,0,100,0
1.02,0.980392156863,0.7,4,0.025,0.05894889278673864,0.00131667697119912,0.02097114165849273,0.001412765141521898,100,0.25
1.02,0.980392156863,0.8,4,0.025,0.05884751099997609,0.00131934124943258,0.02097870532642544,0.001369361047564867,100,0.25
1.02,0.980392156863,0.9,4,0.025,0.0587750159391402,0.00134231781147582,0.02105740768546773,0.001258280523903508,100,0.25
1.02,0.980392156863,1,4,0.025,0.05873814335936059,0.00139388603455794,0.02119690243273178,0.001089363340146463,100,0.25
1.02,0.980392156863,1.1,4,0.025,0.05874217644237825,0.00147994166952053,0.021384568568934,0.0008751346177654201,100,0.25
1.02,0.980392156863,1.2,4,0.025,0.05879120061436721,0.001602953907659892,0.02161038859421317,0.0006263232404725844,100,0.25
1.02,0.980392156863,1.3,4,0.025,0.05888980061892173,0.001764843684976191,0.02186411241630542,0.0003538403922603208,100,0.25
1.02,0.980392156863,1.4,4,0.025,0.05904511139337966,0.001971105761494205,0.02212620100611538,7.716472086932019e-05,100,0.25
1.02,0.980392156863,1.5,4,0.025,0.05926461453659107,0.002229596707311477,0.0223640878196144,0.0001713039922697623,100,0.25
1.02,0.980392156863,1.6,4,0.025,0.05954727196992411,0.002541252579668366,0.02254238048457655,0.00035597608124412,100,0.25
1.02,0.980392156863,1.7,4,0.025,0.05987319112671553,0.002887740173953632,0.02264229626208041,0.0004578548990423499,100,0.25
1.02,0.980392156863,1.8,4,0.025,0.06173938732120934,0.003077119708140065,0.02249190952653986,0.0005653134070692759,100,0.5
1.02,0.980392156863,1.9,4,0.025,0.06211874229012887,0.00333808881858289,0.02245709171788911,0.0005235851235645398,100,0.5
1.02,0.980392156863,2,4,0.025,0.06248625024912459,0.003526722579225732,0.02236260844810272,0.0004156292470469061,100,0.5
1.02,0.980392156863,2.1,4,0.025,0.06283062839022244,0.00365136933751476,0.0221961377940472,0.0002375751304880574,100,0.5
1.02,0.980392156863,2.2,4,0.025,0.06314883933703569,0.003739297511969396,0.02195364724613403,0.0001619677715302984,100,0.5
1.02,0.980392156863,2.3,4,0.025,0.06341238034375288,0.003792969068865653,0.02165511133107476,0.0004798683081270838,100,0.5
1.02,0.980392156863,2.4,4,0.025,0.06354884396107024,0.003775163214510029,0.02134366425040244,0.0008880450879745275,100,0.5
1.02,0.980392156863,2.5,4,0.025,0.06346180720549624,0.00364509383760814,0.02106365568200047,0.00131588454046993,100,0.5
1.02,0.980392156863,2.6,4,0.025,0.06309056148676015,0.003417220462554763,0.02084233422142699,0.001731216176431327,100,0.5
1.02,0.980392156863,2.7,4,0.025,0.06245622376002761,0.003172242923018897,0.02069165434495211,0.00211501907885792,100,0.5
1.02,0.980392156863,2.8,4,0.025,0.06292588427195468,0.004200119101686775,0.01952750309500872,0.002134829484690958,100,0.75
1.02,0.980392156863,2.9,4,0.025,0.05919359157863122,0.005544893732726165,0.02158383922766383,0.0005011130521084893,100,1
1.02,0.980392156863,3,4,0.025,0.07251973145918282,0.01167582033762398,0.02028239594630856,0.001258326923274901,100,1.25
1.02,0.980392156863,3.1,4,0.025,0.07173235266073112,0.01195172632157145,0.02048625592335031,0.00124094588293707,100,1.25
1.02,0.980392156863,3.2,4,0.025,0.06942352414802604,0.01294415733936711,0.02074427102792317,0.001168668940826914,100,1.25
1.02,0.980392156863,3.3,4,0.025,0.06750113328417032,0.01334531358912869,0.02102698037330713,0.001044579574230244,100,1.25
1.02,0.980392156863,3.4,4,0.025,0.06704455394645246,0.0124038199966481,0.0213224028986428,0.0008811334691696696,100,1.25
1.02,0.980392156863,3.5,4,0.025,0.06731860257381059,0.01098032193358689,0.02159885778441133,0.0007032246782088795,100,1.25
1.02,0.980392156863,3.6,4,0.025,0.06663938473383962,0.01014605873338282,0.02177268307496502,0.0006127590617747738,100,1.25
1.02,0.980392156863,3.7,4,0.025,0.0641684160217509,0.009755493063061541,0.02176552872452564,0.0007764253423266543,100,1.25
1.02,0.980392156863,3.8,4,0.025,0.06064410171493734,0.009324712220320464,0.02158648122375615,0.001121455882035734,100,1.25
1.02,0.980392156863,3.9,4,0.025,0.05731258703506256,0.008559038519994042,0.02132181805233606,0.001460971252605889,100,1.25
1.02,0.980392156863,4,4,0.025,0.05474012539815823,0.007554135006976092,0.02106076841929213,0.001697680131760359,100,1.25
1.02,0.980392156863,4.1,4,0.025,0.05264602258199688,0.006808215138812108,0.02083164523120528,0.001826015985306721,100,1.25
1.02,0.980392156863,4.2,4,0.025,0.0504482168235767,0.006542062845596218,0.02061352258317814,0.00187717546133291,100,1.25
1.02,0.980392156863,4.3,4,0.025,0.04787558905194509,0.006529762462603284,0.02039550915484883,0.00186173956787525,100,1.25
1.02,0.980392156863,4.4,4,0.025,0.0451318885935366,0.006597488611220716,0.02020714163931673,0.001761234497937357,100,1.25
1.02,0.980392156863,4.5,4,0.025,0.04263995507748093,0.00673060828044854,0.02008225614973313,0.001583805064460471,100,1.25
1.02,0.980392156863,4.6,4,0.025,0.04072468221435219,0.0069580092612704,0.02002011802892787,0.001415756475481033,100,1.25
1.02,0.980392156863,4.7,4,0.025,0.03943681667150508,0.007237900551901796,0.0199872490970984,0.001384620062376478,100,1.25
1.02,0.980392156863,4.8,4,0.025,0.03857749369788163,0.007470234216676815,0.01993566486537975,0.001521753883559506,100,1.25
1.02,0.980392156863,4.9,4,0.025,0.03786187148041556,0.007624142357702575,0.01983982598915439,0.001727936028129145,100,1.25
1.02,0.980392156863,5,4,0.025,0.03714843216034803,0.007738953537076459,0.0197062356718417,0.00191133451715749,100,1.25
1.02,0.980392156863,5.1,4,0.025,0.03651952763484376,0.007839862592761053,0.01954866886895508,0.002044229896762408,100,1.25
1.02,0.980392156863,5.2,4,0.025,0.03615106592004592,0.007910190332591898,0.01937068138480758,0.002132967248842606,100,1.25
1.02,0.980392156863,5.3,4,0.025,0.03612372190509072,0.007929940605735005,0.01916872288737865,0.002180660510385154,100,1.25
1.02,0.980392156863,5.4,4,0.025,0.03207175555728603,0.01107254509598669,0.02257817247628013,0.004841636316746366,100,1.5
1.02,0.980392156863,5.5,4,0.025,0.03240587303677259,0.01096922788587396,0.02255273711139369,0.004797365661976334,100,1.5
1.02,0.980392156863,5.6,4,0.025,0.03264569407897595,0.01073156440309302,0.02254172611292746,0.004680947434970085,100,1.5
1.02,0.980392156863,5.7,4,0.025,0.01952727704852292,0.007553575250022383,0.02122490121839471,0.004635009683531898,100,1.75
1.02,0.980392156863,5.8,4,0.025,0.02068322300975713,0.006583920828642995,0.02111596667958088,0.004461985426889109,100,1.75
1.02,0.980392156863,5.9,4,0.025,0.02288464587857319,0.005228652472995706,0.02086636769030175,0.004281513246160106,100,1.75
1.02,0.980392156863,6,4,0.025,0.0241614588849291,0.004412818320336946,0.02047560750812852,0.004069770994848899,100,1.75
1.02,0.980392156863,6.1,4,0.025,0.02366841995998096,0.00417752257536801,0.01997007234922555,0.003839228574592199,100,1.75
1.02,0.980392156863,6.2,4,0.025,0.02242767137995371,0.00462439284745568,0.01938642420307735,0.003637139350535248,100,1.75
1.02,0.980392156863,6.3,4,0.025,0.02206074510204457,0.004581519939685147,0.01875241861019079,0.003501396307208757,100,1.75
1.02,0.980392156863,6.4,4,0.025,0.02313543322446852,0.003394569061617807,0.01807281493585975,0.003420834684977352,100,1.75
1.02,0.980392156863,6.5,4,0.025,0.02485698319053963,0.001906971992968828,0.0173638603958577,0.00334193285800723,100,1.75
1.02,0.980392156863,6.6,4,0.025,0.02615736120191333,0.001128466285962809,0.01669352276534612,0.003236753615550482,100,1.75
1.02,0.980392156863,6.7,4,0.025,0.02671944973175198,0.0009287013759076639,0.01612770237985389,0.003129282990041953,100,1.75
1.02,0.980392156863,6.8,4,0.025,0.02691071815801428,0.001026637009814759,0.01568053729086279,0.003058896774572276,100,1.75
1.02,0.980392156863,6.9,4,0.025,0.02737023689994135,0.001510927033635027,0.01538987498044728,0.003086844650268826,100,2
1.02,0.980392156863,7,4,0.025,0.02788990846217632,0.002393692445549741,0.01510773333994493,0.003066692658594259,100,2
1.02,0.980392156863,7.1,4,0.025,0.02842791457883271,0.003183893882010738,0.01492455246932217,0.003007935689563231,100,2
1.02,0.980392156863,7.2,4,0.025,0.02869134902030004,0.003640301035441702,0.01484506661194203,0.002877404026801311,100,2
1.02,0.980392156863,7.3,4,0.025,0.02844331616334479,0.00373831604105098,0.01483705314693983,0.002701364677596625,100,2
1.02,0.980392156863,7.4,4,0.025,0.02768473292257864,0.003591526471171071,0.01484166943593105,0.002527290539307848,100,2
1.02,0.980392156863,7.5,4,0.025,0.02668809529313166,0.003368198323762307,0.01482258775126631,0.002377815554098303,100,2
1.02,0.980392156863,7.6,4,0.025,0.02582959522966817,0.003207574808899831,0.01479865269598334,0.002249679078066392,100,2
1.02,0.980392156863,7.7,4,0.025,0.02532467441107687,0.003148593695358752,0.01480400206600527,0.002143481608256109,100,2
1.02,0.980392156863,7.8,4,0.025,0.02508907395642659,0.00311929992728027,0.01484166327242778,0.002074256181035481,100,2
1.02,0.980392156863,7.9,4,0.025,0.02487730417745972,0.00303137330343051,0.01486934045751189,0.002048957844691712,100,2
1.02,0.980392156863,8,4,0.025,0.02454310224306185,0.002922764646800308,0.01483681262542424,0.002054226559960876,100,2
1.02,0.980392156863,8.1,4,0.025,0.01783257605417403,0.004053042296605545,0.01777919293695565,0.001965424504478956,100,2.25
1.02,0.980392156863,8.2,4,0.025,0.01787117246698773,0.003554786736696177,0.01797623688563852,0.002185126512960041,100,2.25
1.02,0.980392156863,8.3,4,0.025,0.01798840727750582,0.002965077878239031,0.01795814073632154,0.002178750967254697,100,2.25
1.02,0.980392156863,8.4,4,0.025,0.01832304360370044,0.002333296657677978,0.01791509176205677,0.00215400086997084,100,2.25
1.02,0.980392156863,8.5,4,0.025,0.0185769115183276,0.002010765579836663,0.0177114642601897,0.002066327832147662,100,2.5
1.02,0.980392156863,8.6,4,0.025,0.01955532424319904,0.001736482400390041,0.01776065551417371,0.00221366907080711,100,2.5
1.02,0.980392156863,8.7,4,0.025,0.02067721261306216,0.002345589053669593,0.01768630977780842,0.002263822299025763,100,2.5
1.02,0.980392156863,8.8,4,0.025,0.02411715633744164,0.003147158415452751,0.01752195749397377,0.002104874667045389,100,2.75
1.02,0.980392156863,8.9,4,0.025,0.02487991739914473,0.004056687735337185,0.01706065682389894,0.001889786052993541,100,2.75
1.02,0.980392156863,9,4,0.025,0.0254769421343792,0.004961017462436678,0.01659604490517026,0.001704175770663801,100,2.75
1.02,0.980392156863,9.1,4,0.025,0.02593374691190983,0.005677771315152967,0.01619725715084156,0.001603133874186206,100,2.75
1.02,0.980392156863,9.2,4,0.025,0.02618719829464391,0.006160741688864471,0.01589777793912503,0.001571482257810266,100,2.75
1.02,0.980392156863,9.3,4,0.025,0.02617172591324159,0.006477354109337566,0.01572486301760245,0.001588986876263861,100,2.75
1.02,0.980392156863,9.4,4,0.025,0.02592887260950643,0.006723035005348752,0.01636793840023114,0.002110822086649216,100,3
1.02,0.980392156863,9.5,4,0.025,0.0255198632298024,0.006852430671647801,0.01616638554835347,0.002094307928489829,100,3
1.02,0.980392156863,9.6,4,0.025,0.02507528131793406,0.006852579005632364,0.01613510511885228,0.002269477248451799,100,3
1.02,0.980392156863,9.7,4,0.025,0.02455477130920333,0.006682805040934818,0.01612970183779772,0.002536793316590642,100,3
1.02,0.980392156863,9.8,4,0.025,0.02388540520461033,0.00639767891091424,0.01606271529912909,0.002750014924791793,100,3
1.02,0.980392156863,9.9,4,0.025,0.02355497115696254,0.005920133862770446,0.01594150773925605,0.002858322119893854,100,3.25
1.02,0.980392156863,10,4,0.025,0.0226769602199924,0.005656374387511922,0.01583750685808757,0.002909467815228946,100,3.25
1.02,0.980392156863,0,8,0.025,0.05851569990430334,0,0.02269655542640119,1.311327688828617e-18,100,0
1.02,0.980392156863,0.1,8,0.025,0.05838100704167364,2.622655377657235e-18,0.02264808661592777,1.311327688828617e-18,100,0
1.02,0.980392156863,0.2,8,0.025,0.05824767892747151,2.622655377657235e-18,0.02260048333296719,0,100,0
1.02,0.980392156863,0.3,8,0.025,0.05811710669268512,2.622655377657235e-18,0.02255437251083568,1.311327688828617e-18,100,0
1.02,0.980392156863,0.4,8,0.025,0.05798966323453338,5.24531075531447e-18,0.02250961853145384,1.311327688828617e-18,100,0
1.02,0.980392156863,0.5,8,0.025,0.05786520818924058,2.622655377657235e-18,0.02246581737870882,0,100,0
1.02,0.980392156863,0.6,8,0.025,0.05774517114974159,2.622655377657235e-18,0.02242345024756583,0,100,0
1.02,0.980392156863,0.7,8,0.025,0.05829055430113907,0.0006583384855995603,0.02167752422925368,0.000706382570760949,100,0.125
1.02,0.980392156863,0.8,8,0.025,0.0581878403752598,0.0006596706247162902,0.02166338585020787,0.0006846805237824336,100,0.125
1.02,0.980392156863,0.9,8,0.025,0.05810385703340229,0.0006711589057379098,0.02168654794741948,0.0006291402619517541,100,0.125
1.02,0.980392156863,1,8,0.025,0.05806741262095808,0.0006936837114610714,0.02174068368059807,0.0005445537675636686,100,0.25
1.02,0.980392156863,1.1,8,0.025,0.05802807646652378,0.000736720105926386,0.0218209010457473,0.0004373926118000046,100,0.25
1.02,0.980392156863,1.2,8,0.025,0.05801464950964362,0.0007982974070834072,0.02192147961963972,0.0003128725328336613,100,0.25
1.02,0.980392156863,1.3,8,0.025,0.05802986805839675,0.0008794907994378538,0.02203740003128934,0.0001764378912065592,100,0.25
1.02,0.980392156863,1.4,8,0.025,0.05807762154135726,0.000983135010078914,0.02215802038896527,3.820712637356823e-05,100,0.25
1.02,0.980392156863,1.5,8,0.025,0.05816123234379886,0.001113224816957178,0.0222653336617987,8.847919059747397e-05,100,0.25
1.02,0.980392156863,1.6,8,0.025,0.05827914626747524,0.001270271474097551,0.0223402173449301,0.0001830124910395936,100,0.25
1.02,0.980392156863,1.7,8,0.025,0.05841937313891184,0.001445324752160038,0.02237267922966502,0.0002381697653747746,100,0.25
1.02,0.980392156863,1.8,8,0.025,0.05932810905911291,0.001691239440231582,0.02227576290264458,0.000280391215898445,100,0.375
1.02,0.980392156863,1.9,8,0.025,0.05948965675541106,0.001837875474020765,0.02223097715051333,0.0002713415033725588,100,0.375
1.02,0.980392156863,2,8,0.025,0.05963943824973946,0.001957146132270864,0.02214871725366527,0.0002427319824391936,100,0.375
1.02,0.980392156863,2.1,8,0.025,0.05976965478387292,0.002052646742598814,0.02202122920842172,0.0002138827963419839,100,0.375
1.02,0.980392156863,2.2,8,0.025,0.05987535243604863,0.002136724424097656,0.02184633403577667,0.0002442493017317886,100,0.375
1.02,0.980392156863,2.3,8,0.025,0.05993753717457086,0.002210183203106183,0.02163423734802517,0.0003709362374037694,100,0.375
1.02,0.980392156863,2.4,8,0.025,0.05991576678537446,0.002254980789409365,0.0214081834216103,0.0005559611357057506,100,0.375
1.02,0.980392156863,2.5,8,0.025,0.05975958301572364,0.002250376320352734,0.02119281052674308,0.0007624845857977933,100,0.375
1.02,0.980392156863,2.6,8,0.025,0.05943842536761473,0.002200924922521912,0.02100284259996599,0.0009700981053108064,100,0.375
1.02,0.980392156863,2.7,8,0.025,0.0589636273119305,0.002143941791631375,0.02084637655863998,0.001167543566171735,100,0.375
1.02,0.980392156863,2.8,8,0.025,0.05903439477287259,0.002649157642251869,0.02018192054409067,0.001248915890351639,100,0.625
1.02,0.980392156863,2.9,8,0.025,0.056967995161616,0.002978180293505074,0.02113504150540585,0.0008580557925281673,100,0.75
1.02,0.980392156863,3,8,0.025,0.06341113610619278,0.006579424301052094,0.02041752474387396,0.001062582463974876,100,0.875
1.02,0.980392156863,3.1,8,0.025,0.06278149770155025,0.006715096333884294,0.02046261185813906,0.001115816101944672,100,0.875
1.02,0.980392156863,3.2,8,0.025,0.06138298290834145,0.00701044002377086,0.02054500438413698,0.001152959059628254,100,0.875
1.02,0.980392156863,3.3,8,0.025,0.06017733446301486,0.007136601625599812,0.02064821849445889,0.001177435091652691,100,0.875
1.02,0.980392156863,3.4,8,0.025,0.05971050067612589,0.006852420459713466,0.0207640708347763,0.001195273635058332,100,0.875
1.02,0.980392156863,3.5,8,0.025,0.05961633108145509,0.006472786285659405,0.02087497209478854,0.001211810806243222,100,0.875
1.02,0.980392156863,3.6,8,0.025,0.05251345708454965,0.00916482258334329,0.01820610225777147,0.002753746815052136,100,1
1.02,0.980392156863,3.7,8,0.025,0.05112435587434495,0.008827078772166836,0.01822867851513554,0.002713979995914732,100,1.125
1.02,0.980392156863,3.8,8,0.025,0.04998230039769184,0.007855116128630203,0.01824909101715182,0.002596972254074817,100,1.125
1.02,0.980392156863,3.9,8,0.025,0.04849643174532486,0.007180329297818853,0.01816992891259198,0.002527226493239629,100,1.125
1.02,0.980392156863,4,8,0.025,0.04671091565442125,0.006992585800261421,0.01795216479764454,0.002565799494346284,100,1.125
1.02,0.980392156863,4.1,8,0.025,0.04499877530710193,0.007053447778789995,0.01768197985133421,0.002646918151609927,100,1.125
1.02,0.980392156863,4.2,8,0.025,0.04370125767457881,0.006900007837140826,0.01747870897267326,0.002662151809377834,100,1.125
1.02,0.980392156863,4.3,8,0.025,0.04291417634670167,0.006351598835445234,0.01798526602290622,0.002521782116055942,100,1.25
1.02,0.980392156863,4.4,8,0.025,0.04250847332727556,0.006020106399982887,0.01776099219913266,0.002423379198945166,100,1.375
1.02,0.980392156863,4.5,8,0.025,0.04352325459249651,0.006887324208888291,0.01879380590126413,0.002910175471354952,100,1.5
1.02,0.980392156863,4.6,8,0.025,0.04260761632817443,0.006906235380282627,0.01866146459025782,0.002873995968202354,100,1.5
1.02,0.980392156863,4.7,8,0.025,0.04214524854869492,0.006965465428869809,0.01843356148797069,0.002778275204128792,100,1.5
1.02,0.980392156863,4.8,8,0.025,0.04220284755806931,0.007000940043398724,0.01813104508178235,0.002625891930294935,100,1.5
1.02,0.980392156863,4.9,8,0.025,0.04248367806885556,0.007047611745451561,0.01775357425401473,0.002455359672725523,100,1.5
1.02,0.980392156863,5,8,0.025,0.04262217123544185,0.007128637417648805,0.01732411001903059,0.002307000947321758,100,1.5
1.02,0.980392156863,5.1,8,0.025,0.04251463983088218,0.007196093751837095,0.01690172594592454,0.002193245526980713,100,1.5
1.02,0.980392156863,5.2,8,0.025,0.0423052473468818,0.007198315927794421,0.0165521061804573,0.002101078350980004,100,1.5
1.02,0.980392156863,5.3,8,0.025,0.04214438808883682,0.007119474242313486,0.01631460674282709,0.002008892502990764,100,1.5
1.02,0.980392156863,5.4,8,0.025,0.03989331539614152,0.008090398928517744,0.01800874910807788,0.003084841390255231,100,1.625
1.02,0.980392156863,5.5,8,0.025,0.03972643976065992,0.007842834069357235,0.01808257101253532,0.003003771855051516,100,1.625
1.02,0.980392156863,5.6,8,0.025,0.03531393505685342,0.008529655147056685,0.01765072793430311,0.003071880905311437,100,1.75
1.02,0.980392156863,5.7,8,0.025,0.02840352537317948,0.008047453405376506,0.01712748375366174,0.002857765585563271,100,1.875
1.02,0.980392156863,5.8,8,0.025,0.02860569164011259,0.007270821257003528,0.01723341435222478,0.002731832016791077,100,1.875
1.02,0.980392156863,5.9,8,0.025,0.0293088768717053,0.006334549663770022,0.01730439716821296,0.00258598732245513,100,1.875
1.02,0.980392156863,6,8,0.025,0.02954386374676055,0.005617819042782014,0.01733011820239405,0.002411450779889009,100,1.875
1.02,0.980392156863,6.1,8,0.025,0.0289405927586887,0.005176508272767713,0.01728912982954057,0.002218184044972468,100,1.875
1.02,0.980392156863,6.2,8,0.025,0.02805997934931365,0.004969866352813048,0.01718124360338335,0.002026343081904605,100,1.875
1.02,0.980392156863,6.3,8,0.025,0.02772347225747297,0.00467854380980356,0.01704923288132342,0.001852486561883967,100,1.875
1.02,0.980392156863,6.4,8,0.025,0.02697777629089656,0.003474521743836452,0.01763273412612252,0.001896321362163646,100,2
1.02,0.980392156863,6.5,8,0.025,0.02381942660096475,0.003878757417491378,0.01627808981678473,0.001634786476196442,100,2.125
1.02,0.980392156863,6.6,8,0.025,0.02479538538407779,0.00364229527103016,0.01616767158286071,0.001546427316260418,100,2.125
1.02,0.980392156863,6.7,8,0.025,0.02109995992149647,0.003207728323277466,0.01786394277121427,0.00320733812150248,100,2.375
1.02,0.980392156863,6.8,8,0.025,0.02128842405405391,0.003168908352832834,0.01743351803690843,0.003350880210116712,100,2.5
1.02,0.980392156863,6.9,8,0.025,0.02175596096937272,0.003124412546894333,0.01731975289972476,0.003409563722077281,100,2.625
1.02,0.980392156863,7,8,0.025,0.0223915806366847,0.003119782919330929,0.01733354545241553,0.003409587345926836,100,2.625
1.02,0.980392156863,7.1,8,0.025,0.02306762070211348,0.003137427877570546,0.01737747874520329,0.003390640171529372,100,2.625
1.02,0.980392156863,7.2,8,0.025,0.0235841685907714,0.003059378598102005,0.01734963216167499,0.003363129810862721,100,2.625
1.02,0.980392156863,7.3,8,0.025,0.02381822036900285,0.002839125706919461,0.01728589723271311,0.003303520091483128,100,2.625
1.02,0.980392156863,7.4,8,0.025,0.02378120556487425,0.002540942716872043,0.01728870915191414,0.003167831233371927,100,2.625
1.02,0.980392156863,7.5,8,0.025,0.02351446433150427,0.002302942969204764,0.01738499245681052,0.00295492841267928,100,2.625
1.02,0.980392156863,7.6,8,0.025,0.02307984300327594,0.002202781039763104,0.01752675636996987,0.002714472880402575,100,2.625
1.02,0.980392156863,7.7,8,0.025,0.02267454057324496,0.002194629722716682,0.01765239475607894,0.002502402183310679,100,2.625
1.02,0.980392156863,7.8,8,0.025,0.02245343527434027,0.002188590494579371,0.01770847393699332,0.002345265737295572,100,2.625
1.02,0.980392156863,7.9,8,0.025,0.02234571897543821,0.002123430107875905,0.01764589088542433,0.002231437321059432,100,2.625
1.02,0.980392156863,8,8,0.025,0.01998108505200119,0.003323338634639752,0.01735289438068248,0.002147945761969081,100,2.75
1.02,0.980392156863,8.1,8,0.025,0.01660839010682632,0.003039001648312504,0.01886743133964235,0.001810005383372693,100,2.875
1.02,0.980392156863,8.2,8,0.025,0.01658377166139995,0.002727424052647662,0.01904541838824741,0.001744638779496393,100,2.875
1.02,0.980392156863,8.3,8,0.025,0.01450286431366454,0.002585398097807646,0.01748208130558807,0.001036677443143106,100,3
1.02,0.980392156863,8.4,8,0.025,0.01485323632681822,0.002335599664317959,0.01727600117825286,0.001066519623683072,100,3
1.02,0.980392156863,8.5,8,0.025,0.0153718561643567,0.002055276935905149,0.01698031694559992,0.001082902790048295,100,3.125
1.02,0.980392156863,8.6,8,0.025,0.01627808175648544,0.001871123003849333,0.0167686290841288,0.001163403018382543,100,3.125
1.02,0.980392156863,8.7,8,0.025,0.01713807876766027,0.001982413747327847,0.0164651750963552,0.001174403262721562,100,3.125
1.02,0.980392156863,8.8,8,0.025,0.01902869228535996,0.002562015393479969,0.01615512814236738,0.001120369281313302,100,3.25
1.02,0.980392156863,8.9,8,0.025,0.01951984385043715,0.002870868315202019,0.01579638884030707,0.001021616584399837,100,3.25
1.02,0.980392156863,9,8,0.025,0.01995225447645404,0.003198694178140836,0.01584111249856165,0.0009187911679714901,100,3.375
1.02,0.980392156863,9.1,8,0.025,0.02029192635748682,0.003481819751636662,0.0155227578080861,0.0009178985143962555,100,3.375
1.02,0.980392156863,9.2,8,0.025,0.02080738251496348,0.003631253038896448,0.01547848546486797,0.0009846131439591259,100,3.5
1.02,0.980392156863,9.3,8,0.025,0.02079506399555583,0.003746239983835897,0.0152014412385415,0.00104287543494018,100,3.5
1.02,0.980392156863,9.4,8,0.025,0.02063847722949311,0.003819460866888735,0.01577061716704165,0.001299388292068658,100,3.75
1.02,0.980392156863,9.5,8,0.025,0.02022659607146036,0.003865133992176643,0.0155104788829565,0.001295077721013093,100,3.75
1.02,0.980392156863,9.6,8,0.025,0.019740051131023,0.003871473771100455,0.0153658374047155,0.001390045272116404,100,3.75
1.02,0.980392156863,9.7,8,0.025,0.01921598875525339,0.003807169934269027,0.01522155894966939,0.001537920714901345,100,3.75
1.02,0.980392156863,9.8,8,0.025,0.01864107976038913,0.003679054660554737,0.01501395033512237,0.001663841203664615,100,3.75
1.02,0.980392156863,9.9,8,0.025,0.01823490853414365,0.003515397050547861,0.01476601306334564,0.001739176905538507,100,3.875
1.02,0.980392156863,10,8,0.025,0.01751365912948599,0.003382898618319889,0.01455107869448534,0.001783129098049233,100,3.875
1.02,0.980392156863,0,16,0.025,0.05851569990430336,5.374844106186573e-18,0.0226965554264012,1.791614702062191e-18,100,0
1.02,0.980392156863,0.1,16,0.025,0.05817968003049962,0.0002013270111739938,0.02282129216928984,0.0001732055533620685,100,0.0625
1.02,0.980392156863,0.2,16,0.025,0.05804709280298946,0.000200586124482044,0.02277272102166162,0.0001722376886944259,100,0.0625
1.02,0.980392156863,0.3,16,0.025,0.05791689186130691,0.0002002148313782078,0.02272552830019269,0.0001711557893570098,100,0.0625
1.02,0.980392156863,0.4,16,0.025,0.05778935147136582,0.0002003117631675473,0.02267943184873617,0.0001698133172823317,100,0.0625
1.02,0.980392156863,0.5,16,0.025,0.0574326862668302,0.0002963196361120919,0.02280397867100898,0.0002310127620165582,100,0.125
1.02,0.980392156863,0.6,16,0.025,0.05731269884638072,0.000296163955008436,0.02275829884439864,0.0002287587985316429,100,0.125
1.02,0.980392156863,0.7,16,0.025,0.05444085611383592,0.003535081110779912,0.02119687133839767,0.001203219347091041,100,0.3125
1.02,0.980392156863,0.8,16,0.025,0.0544123059438575,0.003484637711183941,0.02128004110596124,0.001096395707759417,100,0.3125
1.02,0.980392156863,0.9,16,0.025,0.05449969933358287,0.003353375195926198,0.02148369572024255,0.0008941797086768693,100,0.3125
1.02,0.980392156863,1,16,0.025,0.05482223472161305,0.003169815993970565,0.02149413390953248,0.0007727277691534141,100,0.4375
1.02,0.980392156863,1.1,16,0.025,0.05503731791487518,0.002968759540353118,0.02141575037364164,0.0008460886250163483,100,0.4375
1.02,0.980392156863,1.2,16,0.025,0.05525048193468304,0.002787529039181812,0.02128720296561499,0.0009864148353792728,100,0.4375
1.02,0.980392156863,1.3,16,0.025,0.05543344360280848,0.002649841263389539,0.02128904640880938,0.001018739210056468,100,0.4375
1.02,0.980392156863,1.4,16,0.025,0.05557098137502205,0.00256253699417609,0.02145704071813063,0.0008970279314454543,100,0.4375
1.02,0.980392156863,1.5,16,0.025,0.05565252135294285,0.00252353578447573,0.02167198870358353,0.0007262763567316363,100,0.4375
1.02,0.980392156863,1.6,16,0.025,0.05565803512758742,0.00253376254245139,0.02180620233492639,0.0006230491813840992,100,0.4375
1.02,0.980392156863,1.7,16,0.025,0.05503285818449925,0.002704757955622233,0.02238679929414211,0.0008393109187829542,100,0.5
1.02,0.980392156863,1.8,16,0.025,0.05525537575781883,0.002851400588222316,0.02233602296282079,0.0008263235615109321,100,0.5625
1.02,0.980392156863,1.9,16,0.025,0.05505369259905211,0.002953914519794858,0.02233900285463997,0.0007849773899206024,100,0.5625
1.02,0.980392156863,2,16,0.025,0.05485032030128631,0.003014222910247466,0.0223462203513258,0.0007237391580917068,100,0.5625
1.02,0.980392156863,2.1,16,0.025,0.05466139694783931,0.003021233986352609,0.02231654996087087,0.0006746823784304181,100,0.5625
1.02,0.980392156863,2.2,16,0.025,0.05445475967335645,0.003006824459153954,0.02221693270200084,0.0006606350799218619,100,0.5625
1.02,0.980392156863,2.3,16,0.025,0.05417480624942492,0.003015118950523016,0.02204236412161346,0.0006832820897860528,100,0.5625
1.02,0.980392156863,2.4,16,0.025,0.05363037884664737,0.003054682879367271,0.02264827995059733,0.001418437705686317,100,0.625
1.02,0.980392156863,2.5,16,0.025,0.05316996814273971,0.003124681619802298,0.02237991299811199,0.001435634731698513,100,0.625
1.02,0.980392156863,2.6,16,0.025,0.05160956915414959,0.003885719844518321,0.02264115029411972,0.001384714244950207,100,0.6875
1.02,0.980392156863,2.7,16,0.025,0.05090324737739597,0.003961225632414998,0.02266187942613761,0.001393468785412386,100,0.75
1.02,0.980392156863,2.8,16,0.025,0.05081382262218778,0.004005761087603511,0.02224301965825543,0.001388198998996075,100,0.875
1.02,0.980392156863,2.9,16,0.025,0.04978868397034138,0.003851354220315068,0.02267937556790028,0.001224813502292921,100,0.9375
1.02,0.980392156863,3,16,0.025,0.0531438891895096,0.005075946796265144,0.02232079711763133,0.001247816350995701,100,1
1.02,0.980392156863,3.1,16,0.025,0.05305715566255057,0.004975025581130692,0.02235264038244516,0.001204710801414761,100,1
1.02,0.980392156863,3.2,16,0.025,0.05264570879516614,0.004877843123183209,0.02237465584848486,0.001152324303499902,100,1
1.02,0.980392156863,3.3,16,0.025,0.0523642796274201,0.004749845569670012,0.022356239148985,0.00109818970195321,100,1
1.02,0.980392156863,3.4,16,0.025,0.05228395079195186,0.004579738198410199,0.02287289472089216,0.001216097462864015,100,1.0625
1.02,0.980392156863,3.5,16,0.025,0.05250486781173133,0.004375712839073283,0.02306119001521227,0.001265710093210021,100,1.0625
1.02,0.980392156863,3.6,16,0.025,0.04912159318514928,0.005122327735613313,0.02177610408726498,0.001886693841818524,100,1.125
1.02,0.980392156863,3.7,16,0.025,0.04849562755414622,0.004950796955122802,0.02177885374498516,0.001854180693981173,100,1.1875
1.02,0.980392156863,3.8,16,0.025,0.04790857628598542,0.00454005964083149,0.021755636085697,0.001796470704529925,100,1.1875
1.02,0.980392156863,3.9,16,0.025,0.04786968883013605,0.004054926441753706,0.02154478619706555,0.001767670753422494,100,1.25
1.02,0.980392156863,4,16,0.025,0.04683302081955107,0.004000099829854989,0.02133706668172872,0.001748868247520622,100,1.25
1.02,0.980392156863,4.1,16,0.025,0.04576620251869495,0.004070499489052989,0.02109346510507315,0.001727991632042592,100,1.25
1.02,0.980392156863,4.2,16,0.025,0.04131491191410639,0.004752251434648376,0.02285701348607085,0.002680754936096278,100,1.3125
1.02,0.980392156863,4.3,16,0.025,0.04067972925807162,0.004551286606687602,0.02303333881611095,0.002596266385776161,100,1.375
1.02,0.980392156863,4.4,16,0.025,0.04167439124576416,0.004446974838180748,0.02293116365500024,0.002584758250139216,100,1.5
1.02,0.980392156863,4.5,16,0.025,0.0421920105604792,0.004645266030449966,0.02328508215103783,0.002621980767776545,100,1.5625
1.02,0.980392156863,4.6,16,0.025,0.04175879080295854,0.004552785657533766,0.02299546196434224,0.002580314761880493,100,1.5625
1.02,0.980392156863,4.7,16,0.025,0.04148160569705471,0.004500340606585781,0.02263318595695848,0.002505613240744311,100,1.5625
1.02,0.980392156863,4.8,16,0.025,0.04136511880099591,0.004470899595620815,0.02223017075786153,0.002410018128223411,100,1.5625
1.02,0.980392156863,4.9,16,0.025,0.04128773597408777,0.004475169988910237,0.02178305865069915,0.002312662188644188,100,1.5625
1.02,0.980392156863,5,16,0.025,0.04126411179804173,0.004472739829726399,0.02138893644124946,0.002229023996737797,100,1.625
1.02,0.980392156863,5.1,16,0.025,0.04092181832529846,0.004525375300221107,0.0208339565996508,0.002123739231558163,100,1.625
1.02,0.980392156863,5.2,16,0.025,0.04078799307970652,0.004641857286646454,0.02011819213440224,0.001985469069776626,100,1.6875
1.02,0.980392156863,5.3,16,0.025,0.04040237446645737,0.004661243401566636,0.0196167753892938,0.001832937343970641,100,1.6875
1.02,0.980392156863,5.4,16,0.025,0.03896430813803032,0.005046323062032013,0.0201053839036216,0.001972340012808541,100,1.75
1.02,0.980392156863,5.5,16,0.025,0.03857944661869744,0.004999195363437985,0.0198246425600591,0.001860411585275373,100,1.75
1.02,0.980392156863,5.6,16,0.025,0.03611431979848858,0.005280089329514863,0.01932434249757646,0.001838393189092357,100,1.8125
1.02,0.980392156863,5.7,16,0.025,0.03245560496639001,0.005217238794448267,0.01879353594097007,0.001712738389121989,100,1.875
1.02,0.980392156863,5.8,16,0.025,0.0322763515670428,0.00494300625060561,0.01913045741477568,0.001506241559818188,100,1.9375
1.02,0.980392156863,5.9,16,0.025,0.03345111888956454,0.005064867754392405,0.01920499682647253,0.001510849036485597,100,2
1.02,0.980392156863,6,16,0.025,0.03530202934169366,0.004781617057096371,0.01784174415156511,0.001725680128674016,100,2.125
1.02,0.980392156863,6.1,16,0.025,0.03434839241891957,0.004449192743005558,0.01778493500221361,0.001672197972897162,100,2.125
1.02,0.980392156863,6.2,16,0.025,0.03310535285984149,0.004148519102116097,0.01778738838149597,0.001612295224111227,100,2.125
1.02,0.980392156863,6.3,16,0.025,0.03224969339303173,0.003894998624312843,0.0178481192262182,0.001558835225070333,100,2.1875
1.02,0.980392156863,6.4,16,0.025,0.0311493530776142,0.003465546448885578,0.01821452842861932,0.001526772726970554,100,2.25
1.02,0.980392156863,6.5,16,0.025,0.02893646755053617,0.003627551842302213,0.0175603998144738,0.001437254747600498,100,2.3125
1.02,0.980392156863,6.6,16,0.025,0.02880817120196972,0.003448096859415971,0.01751474115500599,0.001366002120068617,100,2.3125
1.02,0.980392156863,6.7,16,0.025,0.02637306982839264,0.003379339994094436,0.01850360949647383,0.001848372796649177,100,2.5
1.02,0.980392156863,6.8,16,0.025,0.02586716167031678,0.003233732820023228,0.01831873532735654,0.001873233731302916,100,2.5625
1.02,0.980392156863,6.9,16,0.025,0.02531663487236135,0.003193490705739417,0.01806889727593072,0.001885651895469597,100,2.6875
1.02,0.980392156863,7,16,0.025,0.02581273879644366,0.00307158143078904,0.01851029184778871,0.001857264440942817,100,2.75
1.02,0.980392156863,7.1,16,0.025,0.02589110897451306,0.003046921070583742,0.01831385894419715,0.00182975387462354,100,2.75
1.02,0.980392156863,7.2,16,0.025,0.02594817182260245,0.002995867313815301,0.01808591826048826,0.001807349960022861,100,2.75
1.02,0.980392156863,7.3,16,0.025,0.02590380495424731,0.002922325164186864,0.01785895396394801,0.001780136123178449,100,2.75
1.02,0.980392156863,7.4,16,0.025,0.02575488765445612,0.002860805886227596,0.01766762750929452,0.001727408950598718,100,2.75
1.02,0.980392156863,7.5,16,0.025,0.02552986149013327,0.002840951931329394,0.01751654030261532,0.001647231006745104,100,2.75
1.02,0.980392156863,7.6,16,0.025,0.02526630974534991,0.002864926094352353,0.01739045789166934,0.001559750594842901,100,2.75
1.02,0.980392156863,7.7,16,0.025,0.02505552929615069,0.002911657735515576,0.01727832474335632,0.001484481618374467,100,2.75
1.02,0.980392156863,7.8,16,0.025,0.02474003997727872,0.002801434345106161,0.01733990533810507,0.001484645519263312,100,2.8125
1.02,0.980392156863,7.9,16,0.025,0.02466280398960536,0.002825332979008068,0.01720307929827657,0.001446618236562539,100,2.8125
1.02,0.980392156863,8,16,0.025,0.02340726850080116,0.003173180173926626,0.01697598649263839,0.001422443069989191,100,2.875
1.02,0.980392156863,8.1,16,0.025,0.02159833806510381,0.003255835532316921,0.0176750793598011,0.001351745604131616,100,2.9375
1.02,0.980392156863,8.2,16,0.025,0.02144751039283971,0.003189183880755405,0.01766143934814028,0.001346161484991845,100,3
1.02,0.980392156863,8.3,16,0.025,0.02023414524104754,0.003264757290664802,0.01685955267958052,0.00112581678537834,100,3.0625
1.02,0.980392156863,8.4,16,0.025,0.01999436389227713,0.003222938510329458,0.01629474512740287,0.001354216290155006,100,3.125
1.02,0.980392156863,8.5,16,0.025,0.02001462886514378,0.003129296200103041,0.0161329645515547,0.001368116083635624,100,3.1875
1.02,0.980392156863,8.6,16,0.025,0.02024352132396863,0.003028723996949872,0.01603901917750452,0.001394892670998165,100,3.1875
1.02,0.980392156863,8.7,16,0.025,0.0204356316798032,0.002985818508248389,0.01590876809587757,0.001405613569901825,100,3.1875
1.02,0.980392156863,8.8,16,0.025,0.02113231364633539,0.003023578121551151,0.01575867663784589,0.001398919532100142,100,3.25
1.02,0.980392156863,8.9,16,0.025,0.02123125104584355,0.003067981270710202,0.0155844651725879,0.001374229622880624,100,3.3125
1.02,0.980392156863,9,16,0.025,0.02127763201263175,0.003132606441642772,0.01558920147040317,0.001351626368391182,100,3.375
1.02,0.980392156863,9.1,16,0.025,0.02151376957170338,0.003331008102746585,0.0153125723793233,0.001293911697790671,100,3.4375
1.02,0.980392156863,9.2,16,0.025,0.02162647208948368,0.003347413504050929,0.01533274393721137,0.001320207257302005,100,3.5
1.02,0.980392156863,9.3,16,0.025,0.02147088484069789,0.003356636129841732,0.01522565948439459,0.001351577156933816,100,3.5625
1.02,0.980392156863,9.4,16,0.025,0.02121106508203389,0.003362284825833884,0.01552244604489813,0.001411884999387263,100,3.6875
1.02,0.980392156863,9.5,16,0.025,0.02081382065286753,0.003359497116889781,0.01537216946865458,0.001403581209379434,100,3.6875
1.02,0.980392156863,9.6,16,0.025,0.0203694222299889,0.003336721844016453,0.01525390936719264,0.001404700123894939,100,3.6875
1.02,0.980392156863,9.7,16,0.025,0.01988214666484286,0.003283300387792078,0.01510635688368417,0.001412210747418851,100,3.6875
1.02,0.980392156863,9.8,16,0.025,0.01933917368369646,0.003203253034426776,0.01488813917805191,0.001413261910829698,100,3.6875
1.02,0.980392156863,9.9,16,0.025,0.01784817204555164,0.003234875655342513,0.01488119499819937,0.001498595550554534,100,3.8125
1.02,0.980392156863,10,16,0.025,0.01732084897664973,0.003135989824343981,0.01462365083350091,0.001486775328366231,100,3.8125
1.02,0.980392156863,0,32,0.025,0.05851569990430331,4.985048541372019e-18,0.02269655542640117,2.49252427068601e-18,100,0
1.02,0.980392156863,0.1,32,0.025,0.05828034353608667,0.0001006635055869969,0.0227346893926088,8.660277668103425e-05,100,0.03125
1.02,0.980392156863,0.2,32,0.025,0.05649653863894817,0.001650658481523173,0.02206347393423751,0.0006317969587886729,100,0.0625
1.02,0.980392156863,0.3,32,0.025,0.05657837932007957,0.001626605730316141,0.02188769968285224,0.0006336308211709105,100,0.125
1.02,0.980392156863,0.4,32,0.025,0.05655094608291385,0.001527980127633602,0.02185435249129356,0.0006223711660286779,100,0.125
1.02,0.980392156863,0.5,32,0.025,0.05642894656379769,0.001415564932279348,0.02191182616239139,0.0006153737037376303,100,0.1875
1.02,0.980392156863,0.6,32,0.025,0.05646730152157257,0.001268578551932858,0.02188999837908138,0.0005950886382008804,100,0.1875
1.02,0.980392156863,0.7,32,0.025,0.05513813570539489,0.002066065485548749,0.02111273311118265,0.0008034472040580808,100,0.28125
1.02,0.980392156863,0.8,32,0.025,0.05539561180798822,0.001990199170687112,0.02060151559990033,0.0009143271133485064,100,0.3125
1.02,0.980392156863,0.9,32,0.025,0.05534749580529708,0.001864515114901803,0.02173686604754424,0.001320280480707912,100,0.375
1.02,0.980392156863,1,32,0.025,0.05558206390281411,0.001724154435087766,0.02185362949667556,0.001278316304852333,100,0.4375
1.02,0.980392156863,1.1,32,0.025,0.0557512345418532,0.00159319007990718,0.02195125143057173,0.001261409314160275,100,0.4375
1.02,0.980392156863,1.2,32,0.025,0.05592409558354424,0.001502099448773503,0.02199006601477341,0.001249323450629128,100,0.46875
1.02,0.980392156863,1.3,32,0.025,0.05594206749394917,0.001471411732441651,0.02216140481802323,0.001213941335688241,100,0.5
1.02,0.980392156863,1.4,32,0.025,0.05603006986877541,0.001504463214981883,0.02230318237189887,0.001141621771925988,100,0.5
1.02,0.980392156863,1.5,32,0.025,0.05618292802465562,0.00160907069695138,0.02235322065074263,0.001087114575235872,100,0.5625
1.02,0.980392156863,1.6,32,0.025,0.05668072267944083,0.001783435415002982,0.02184908295545186,0.00119106538048454,100,0.59375
1.02,0.980392156863,1.7,32,0.025,0.05547122555424342,0.001939569387777137,0.02151294157270675,0.001292746719850611,100,0.6875
1.02,0.980392156863,1.8,32,0.025,0.05391923083989089,0.002557774543419467,0.02076624024104557,0.001343726519690092,100,0.75
1.02,0.980392156863,1.9,32,0.025,0.05357003629703067,0.002595087294469423,0.02071537376109507,0.001248640736080645,100,0.75
1.02,0.980392156863,2,32,0.025,0.05320188941590677,0.002606859241222173,0.02066980022156178,0.001143481666203504,100,0.75
1.02,0.980392156863,2.1,32,0.025,0.05288128172354487,0.002588807889533912,0.02061423526472638,0.001037990150160343,100,0.78125
1.02,0.980392156863,2.2,32,0.025,0.05170735349544108,0.002856406958492981,0.02094637913512616,0.000835209038379021,100,0.8125
1.02,0.980392156863,2.3,32,0.025,0.05165783727448736,0.002736263378382659,0.02091365341267176,0.000763245046069559,100,0.8125
1.02,0.980392156863,2.4,32,0.025,0.05130603391805354,0.002702236608976537,0.02125999858850317,0.0009474170035865008,100,0.84375
1.02,0.980392156863,2.5,32,0.025,0.05211805218651101,0.003214148350550783,0.02197755712950446,0.001363465164527648,100,0.90625
1.02,0.980392156863,2.6,32,0.025,0.05105512610964021,0.003419923090494012,0.02162363893483103,0.001435714608267143,100,0.96875
1.02,0.980392156863,2.7,32,0.025,0.05024442986490351,0.003552753369837392,0.02157775712047885,0.001486943586646602,100,1.03125
1.02,0.980392156863,2.8,32,0.025,0.05018436253846813,0.003485904864374265,0.02181839806485545,0.001431583521260028,100,1.125
1.02,0.980392156863,2.9,32,0.025,0.04773571833625127,0.003602348389929062,0.02197247321626459,0.001425595637382472,100,1.1875
1.02,0.980392156863,3,32,0.025,0.05077010385466678,0.004293387460999733,0.02129801653663848,0.001457729616445462,100,1.3125
1.02,0.980392156863,3.1,32,0.025,0.05053302269245224,0.0042143931469727,0.02140421377890698,0.001391733059328146,100,1.3125
1.02,0.980392156863,3.2,32,0.025,0.05003935833641378,0.004144616152283368,0.02154879601102843,0.001307729285357614,100,1.3125
1.02,0.980392156863,3.3,32,0.025,0.04956591759882896,0.004033463800994995,0.02175457720729077,0.001191893668191627,100,1.3125
1.02,0.980392156863,3.4,32,0.025,0.04904510692968685,0.003903902859362824,0.02170229329421859,0.001236861542475407,100,1.40625
1.02,0.980392156863,3.5,32,0.025,0.04885383130686445,0.003684246519685947,0.02200709219433038,0.001126445585363679,100,1.40625
1.02,0.980392156863,3.6,32,0.025,0.04681652131138556,0.003721972304629757,0.02148102388304837,0.001224816727807713,100,1.4375
1.02,0.980392156863,3.7,32,0.025,0.04606964374152024,0.003542562109392771,0.02152336395659186,0.001160073459598847,100,1.46875
1.02,0.980392156863,3.8,32,0.025,0.04531844488042185,0.003290615514349131,0.02140780913624049,0.001130871682362383,100,1.5
1.02,0.980392156863,3.9,32,0.025,0.04478942680919067,0.003038185076642153,0.0212921220350358,0.001096556655966208,100,1.53125
1.02,0.980392156863,4,32,0.025,0.04385671639781467,0.002921160061929537,0.02114876129229305,0.00106861199968474,100,1.5625
1.02,0.980392156863,4.1,32,0.025,0.0427801549809661,0.002871512488945605,0.02095368832952428,0.001044765004122094,100,1.5625
1.02,0.980392156863,4.2,32,0.025,0.04003808609322701,0.003034766881856628,0.02172924765427481,0.001458607970913054,100,1.625
1.02,0.980392156863,4.3,32,0.025,0.03923251983410532,0.002942431586601934,0.02171892363911507,0.001424850989403467,100,1.65625
1.02,0.980392156863,4.4,32,0.025,0.03929817265193621,0.002918214394793457,0.02157516102069267,0.001421996828627383,100,1.71875
1.02,0.980392156863,4.5,32,0.025,0.03998398604730098,0.003151833586736751,0.02115764424402457,0.001626316014333788,100,1.78125
1.02,0.980392156863,4.6,32,0.025,0.0377895378601305,0.003199016400026937,0.02028463748907642,0.001705632596175334,100,1.8125
1.02,0.980392156863,4.7,32,0.025,0.0375292141669087,0.00311573919761069,0.02014697984422519,0.001627962539270169,100,1.8125
1.02,0.980392156863,4.8,32,0.025,0.03745528044339482,0.003067112274416432,0.02001136363461508,0.001526778386969271,100,1.875
1.02,0.980392156863,4.9,32,0.025,0.03710417311376527,0.003090091671739282,0.01994605378730425,0.001418541852946146,100,1.875
1.02,0.980392156863,5,32,0.025,0.03653869723704942,0.003198084411547022,0.0200547351802401,0.001376701045760025,100,2
1.02,0.980392156863,5.1,32,0.025,0.03562701031243901,0.003293644203786062,0.01990505469689771,0.001303642413275102,100,2.03125
1.02,0.980392156863,5.2,32,0.025,0.03547426574355489,0.003280977193137913,0.0196805685651038,0.001239898343992542,100,2.0625
1.02,0.980392156863,5.3,32,0.025,0.0353503721721463,0.003198982442325822,0.01952249430113041,0.001192397165742631,100,2.0625
1.02,0.980392156863,5.4,32,0.025,0.03485001081419536,0.003232384606853551,0.01979662584646645,0.001265444203582313,100,2.125
1.02,0.980392156863,5.5,32,0.025,0.03456135347840258,0.003174915616492832,0.01966475777190644,0.001245334289207717,100,2.125
1.02,0.980392156863,5.6,32,0.025,0.03355437130322886,0.00336550530331666,0.01964161889113385,0.001333777539094001,100,2.21875
1.02,0.980392156863,5.7,32,0.025,0.03149254625481444,0.003243489690305482,0.01924289616781157,0.001293357280827066,100,2.25
1.02,0.980392156863,5.8,32,0.025,0.03108125353819605,0.003108083734563429,0.01921994656529259,0.001221596877325488,100,2.3125
1.02,0.980392156863,5.9,32,0.025,0.03159929424383141,0.003156856671110793,0.01908009423235006,0.001215608468153818,100,2.34375
1.02,0.980392156863,6,32,0.025,0.03242914945366492,0.003085847429261294,0.0184945481728389,0.001314978942795096,100,2.4375
1.02,0.980392156863,6.1,32,0.025,0.03182627790580063,0.002967443927676509,0.01827767586396758,0.001270554822865049,100,2.4375
1.02,0.980392156863,6.2,32,0.025,0.0310626342526732,0.002859542942698366,0.01808718302451762,0.001224997363174499,100,2.4375
1.02,0.980392156863,6.3,32,0.025,0.03058190249255706,0.002920165909356343,0.01782232741217631,0.001205400914721527,100,2.5625
1.02,0.980392156863,6.4,32,0.025,0.02991148013857516,0.002808596333141186,0.01786157235456228,0.001183065444970974,100,2.625
1.02,0.980392156863,6.5,32,0.025,0.0287536950645499,0.002861155347422686,0.0174368482267947,0.001146025085715471,100,2.6875
1.02,0.980392156863,6.6,32,0.025,0.02849101993092927,0.002812984646806745,0.01732036365882977,0.001115008623545899,100,2.6875
1.02,0.980392156863,6.7,32,0.025,0.02701072392666704,0.002787327691413616,0.01770717307843035,0.001265750691122224,100,2.78125
1.02,0.980392156863,6.8,32,0.025,0.0264395476447385,0.002729307219142135,0.01750349811962458,0.001256700407015528,100,2.8125
1.02,0.980392156863,6.9,32,0.025,0.02511997166200913,0.002774046924186771,0.01711499207500271,0.001255393696252002,100,2.90625
1.02,0.980392156863,7,32,0.025,0.02440058569649647,0.003011698981166011,0.01682679421728808,0.001436020227527206,100,3.03125
1.02,0.980392156863,7.1,32,0.025,0.02422720403021151,0.0029504401309705,0.01668746419348284,0.001402902269507407,100,3.03125
1.02,0.980392156863,7.2,32,0.025,0.02408823775879968,0.00286903521948332,0.01650314156496352,0.001379053558674403,100,3.0625
1.02,0.980392156863,7.3,32,0.025,0.02402563004179439,0.002850883332221916,0.01615731552921176,0.001346137175769079,100,3.09375
1.02,0.980392156863,7.4,32,0.025,0.0238565871378436,0.002760222044169249,0.01588736999423931,0.001303059910512337,100,3.125
1.02,0.980392156863,7.5,32,0.025,0.02367244878213253,0.002688081448738447,0.01580840207790049,0.001263552952177482,100,3.15625
1.02,0.980392156863,7.6,32,0.025,0.02299853997932121,0.002704710130181279,0.0157076776094629,0.001227867234983662,100,3.1875
1.02,0.980392156863,7.7,32,0.025,0.02282285223363619,0.002673091343863701,0.01563420639359874,0.001205184870342796,100,3.1875
1.02,0.980392156863,7.8,32,0.025,0.02246091611024253,0.00260383100061863,0.01513491720413909,0.00126387002781628,100,3.25
1.02,0.980392156863,7.9,32,0.025,0.02228347835735466,0.00258501179196381,0.01505880636638291,0.001238885857915984,100,3.25
1.02,0.980392156863,8,32,0.025,0.02147124019774501,0.002648394814159305,0.01499267284981389,0.001208547808265071,100,3.3125
1.02,0.980392156863,8.1,32,0.025,0.02019687220379218,0.002675397207279023,0.01533050748860183,0.001187281100939401,100,3.40625
1.02,0.980392156863,8.2,32,0.025,0.01995498625288298,0.002639569073997028,0.01531689670581378,0.001170725616158637,100,3.4375
1.02,0.980392156863,8.3,32,0.025,0.01921537641966134,0.002647360557633651,0.01491769615669375,0.001076389118871085,100,3.46875
1.02,0.980392156863,8.4,32,0.025,0.0189922128341798,0.002638082219097649,0.01462773200308991,0.001117733502594119,100,3.5
1.02,0.980392156863,8.5,32,0.025,0.01890035855886213,0.002623997521838861,0.01451634529106173,0.001117358627687371,100,3.53125
1.02,0.980392156863,8.6,32,0.025,0.01911600009074377,0.002608162812685268,0.01444886034944419,0.001128534846565617,100,3.5625
1.02,0.980392156863,8.7,32,0.025,0.01907243236904685,0.002618504350972398,0.01433667069749055,0.001137768273993854,100,3.5625
1.02,0.980392156863,8.8,32,0.025,0.01932574505277507,0.002656689713284313,0.01422426705844519,0.001143221879606409,100,3.59375
1.02,0.980392156863,8.9,32,0.025,0.01948617460182452,0.00267985028493835,0.01398722219034531,0.001174422261639453,100,3.71875
1.02,0.980392156863,9,32,0.025,0.01943816155443841,0.002715918100408238,0.01394963368524456,0.001178810481060496,100,3.75
1.02,0.980392156863,9.1,32,0.025,0.01941065557229366,0.002788500426375857,0.01382712579077543,0.00117032262119525,100,3.8125
1.02,0.980392156863,9.2,32,0.025,0.01929381242836133,0.002795597818076295,0.01377406173916611,0.00119257876247529,100,3.84375
1.02,0.980392156863,9.3,32,0.025,0.01900447183677427,0.002778639560614759,0.013575262359584,0.001206989674351222,100,3.9375
1.02,0.980392156863,9.4,32,0.025,0.01906967970203645,0.002763822076216524,0.01363594393762459,0.001238858337639916,100,4.03125
1.02,0.980392156863,9.5,32,0.025,0.01877122731006785,0.002705018927024051,0.01349648379014625,0.00123483541569094,100,4.0625
1.02,0.980392156863,9.6,32,0.025,0.01835857489719399,0.002622967846387144,0.01336864119099686,0.001227390107932399,100,4.09375
1.02,0.980392156863,9.7,32,0.025,0.0177836632376401,0.002550390176629559,0.01314900770730842,0.001247002532303132,100,4.125
1.02,0.980392156863,9.8,32,0.025,0.01722717126760171,0.002448528675760319,0.01294346818102192,0.001247647627269012,100,4.125
1.02,0.980392156863,9.9,32,0.025,0.01618647388932902,0.002364727980621064,0.01286404560698225,0.001281318214798399,100,4.1875
1.02,0.980392156863,10,32,0.025,0.01535952940225366,0.00224136569638138,0.01260032734214988,0.001278375880998409,100,4.21875
1.02,0.980392156863,0,64,0.025,0.05851569990430333,8.742184592190784e-19,0.02269655542640118,1.311327688828617e-18,100,0
1.02,0.980392156863,0.1,64,0.025,0.05747136795126798,0.0008802180878297738,0.02317831575434227,0.0004878866303395045,100,0.0625
1.02,0.980392156863,0.2,64,0.025,0.05561595058308542,0.001850718109552408,0.02291027202801934,0.0008153171027614189,100,0.140625
1.02,0.980392156863,0.3,64,0.025,0.05579052711198542,0.001801243641801402,0.02261750263824648,0.0008581355671242448,100,0.203125
1.02,0.980392156863,0.4,64,0.025,0.05587464043828274,0.001712834714073044,0.02262093039218426,0.0008438871763545928,100,0.203125
1.02,0.980392156863,0.5,64,0.025,0.05590177257528191,0.001609162248303295,0.0226110964040664,0.000826708145160796,100,0.234375
1.02,0.980392156863,0.6,64,0.025,0.05621835075341072,0.00152000332177785,0.02260376235709155,0.0008072081914220962,100,0.25
1.02,0.980392156863,0.7,64,0.025,0.05467578473369115,0.001818886750286854,0.02180915468012111,0.0008374857143170151,100,0.328125
1.02,0.980392156863,0.8,64,0.025,0.05466587308546603,0.001720969153899251,0.02157910068990746,0.0008206913763237617,100,0.359375
1.02,0.980392156863,0.9,64,0.025,0.05443251936500629,0.001617813669771904,0.02219344110545563,0.0008962488683377485,100,0.390625
1.02,0.980392156863,1,64,0.025,0.05429278031479882,0.001529590329461764,0.02223039061698014,0.0008477590019223371,100,0.421875
1.02,0.980392156863,1.1,64,0.025,0.05320745188796466,0.001675954388948678,0.02194712596288478,0.0008664599964237309,100,0.453125
1.02,0.980392156863,1.2,64,0.025,0.05315875348880956,0.001713681865223916,0.02152086080022687,0.0008821239159449718,100,0.484375
1.02,0.980392156863,1.3,64,0.025,0.05285297003351795,0.001691241960088738,0.0215613376640367,0.0008235874418717931,100,0.515625
1.02,0.980392156863,1.4,64,0.025,0.05251090139817765,0.001677361905360563,0.02172285389500598,0.0007469819968546561,100,0.53125
1.02,0.980392156863,1.5,64,0.025,0.05237717195024284,0.001684941611802263,0.02170487235057711,0.0007039215328774594,100,0.578125
1.02,0.980392156863,1.6,64,0.025,0.05240916959461476,0.001767392753913547,0.02298638059582366,0.001903522728145265,100,0.625
1.02,0.980392156863,1.7,64,0.025,0.05079096682782188,0.001901010938987113,0.02253522458389868,0.001829921485074976,100,0.6875
1.02,0.980392156863,1.8,64,0.025,0.05042963535523703,0.001945918978654372,0.02166507492518385,0.001754921490961163,100,0.75
1.02,0.980392156863,1.9,64,0.025,0.05027970997005164,0.001913928074782581,0.02149920011360355,0.001601476559266879,100,0.75
1.02,0.980392156863,2,64,0.025,0.05028265771493754,0.001915037487942493,0.02112574268399234,0.001472901776662138,100,0.78125
1.02,0.980392156863,2.1,64,0.025,0.05021279160222118,0.001864322892317427,0.02070471711914001,0.001349749172547808,100,0.8125
1.02,0.980392156863,2.2,64,0.025,0.05016364514989839,0.001925110917217913,0.02140964521116099,0.001305937337023353,100,0.875
1.02,0.980392156863,2.3,64,0.025,0.04991037872563628,0.001969895037274668,0.02141179313916006,0.001217912958027716,100,0.90625
1.02,0.980392156863,2.4,64,0.025,0.04980248015202571,0.001890367169757624,0.02162131702832095,0.001180686640429427,100,0.9375
1.02,0.980392156863,2.5,64,0.025,0.05018446920365143,0.002037539356750092,0.02321212974635077,0.001476212441785448,100,0.984375
1.02,0.980392156863,2.6,64,0.025,0.04970285906624457,0.002089248888515974,0.02305584455516887,0.001414096038693537,100,1.015625
1.02,0.980392156863,2.7,64,0.025,0.0492055573942573,0.002130331039158637,0.02307138950747867,0.001337888456593729,100,1.0625
1.02,0.980392156863,2.8,64,0.025,0.04925693459407167,0.00210425660064929,0.02317862678647451,0.001254873902479378,100,1.125
1.02,0.980392156863,2.9,64,0.025,0.04807511110570037,0.002118692060650347,0.02321769590683384,0.001214495381408636,100,1.171875
1.02,0.980392156863,3,64,0.025,0.04943310966845413,0.002631919377834249,0.02318844080346696,0.001330743031134852,100,1.28125
1.02,0.980392156863,3.1,64,0.025,0.04892424199567884,0.002925140497007775,0.02271870314679692,0.00125529427107012,100,1.34375
1.02,0.980392156863,3.2,64,0.025,0.04840719592687959,0.002802657011544716,0.02291682396152817,0.001175478031085325,100,1.390625
1.02,0.980392156863,3.3,64,0.025,0.04778484799703214,0.002666150749982767,0.02295812679890405,0.001087092930381265,100,1.390625
1.02,0.980392156863,3.4,64,0.025,0.04786210202500655,0.002685881629752471,0.02270039208113407,0.001059439760282038,100,1.46875
1.02,0.980392156863,3.5,64,0.025,0.04734399246674684,0.002547371319100304,0.02259968183732867,0.001003298621942464,100,1.484375
1.02,0.980392156863,3.6,64,0.025,0.04510951289319025,0.002573962526283949,0.02180031278935918,0.001061938950614354,100,1.53125
1.02,0.980392156863,3.7,64,0.025,0.04436524376666262,0.002453645333245617,0.02170007786854783,0.001003088204971296,100,1.5625
1.02,0.980392156863,3.8,64,0.025,0.04336692696631167,0.002362142732587155,0.02134884149746219,0.0009831763759187723,100,1.59375
1.02,0.980392156863,3.9,64,0.025,0.0427636307628191,0.002234181998773934,0.02125151309767342,0.0009309379247820139,100,1.625
1.02,0.980392156863,4,64,0.025,0.04183055357434749,0.002162915673020856,0.02111241172995254,0.0008838696198356289,100,1.640625
1.02,0.980392156863,4.1,64,0.025,0.04079363263555365,0.002163199525726853,0.02086200228106503,0.0008382997760573301,100,1.671875
1.02,0.980392156863,4.2,64,0.025,0.04000510557101743,0.002177024698213426,0.02136101640980457,0.0009503716296533292,100,1.734375
1.02,0.980392156863,4.3,64,0.025,0.03924081187050211,0.002077869587736189,0.02147701388442461,0.0009251328226272483,100,1.78125
1.02,0.980392156863,4.4,64,0.025,0.03862419214173447,0.002010834907099099,0.02135017704139976,0.0009168423436814012,100,1.84375
1.02,0.980392156863,4.5,64,0.025,0.03870052629676629,0.002048856769013313,0.0210720083228112,0.0009829439499633532,100,1.90625
1.02,0.980392156863,4.6,64,0.025,0.03680451316957713,0.002069715005426122,0.02039951829167133,0.001037680134074887,100,1.96875
1.02,0.980392156863,4.7,64,0.025,0.0363321699140661,0.00205065095292645,0.02032304751100527,0.001002862506909946,100,2
1.02,0.980392156863,4.8,64,0.025,0.03532988371247267,0.002058517807373791,0.02011206801891583,0.001019325898395081,100,2.09375
1.02,0.980392156863,4.9,64,0.025,0.03495647887230914,0.002060911362385501,0.02014991218329169,0.0009779551148653457,100,2.125
1.02,0.980392156863,5,64,0.025,0.03461201623639683,0.00207252895838117,0.02015715066499612,0.0009656563310136344,100,2.21875
1.02,0.980392156863,5.1,64,0.025,0.03401253355861605,0.00211331072910431,0.0200392388881594,0.0009296274908383636,100,2.265625
1.02,0.980392156863,5.2,64,0.025,0.03379618773440918,0.002118254396193646,0.0199252990390499,0.0009098374848204084,100,2.296875
1.02,0.980392156863,5.3,64,0.025,0.03381257567940277,0.002123619653594837,0.01967746250174366,0.0008530198309074301,100,2.34375
1.02,0.980392156863,5.4,64,0.025,0.03351020479502081,0.002129298824677163,0.01984329360684696,0.0008739928584255279,100,2.390625
1.02,0.980392156863,5.5,64,0.025,0.03241336628986993,0.002088842391752272,0.02000463152355851,0.000882977754258469,100,2.421875
1.02,0.980392156863,5.6,64,0.025,0.03179936935111783,0.002158177420425697,0.02000537640417752,0.0009131945731491514,100,2.484375
1.02,0.980392156863,5.7,64,0.025,0.03073672007594075,0.002093324375151165,0.0198155581645593,0.0008938785520171811,100,2.5
1.02,0.980392156863,5.8,64,0.025,0.03041478974466937,0.002026823741847071,0.01981585543830113,0.0008595555784899061,100,2.53125
1.02,0.980392156863,5.9,64,0.025,0.03045682917862191,0.002037122900775527,0.01974361375921952,0.0008482457355514167,100,2.5625
1.02,0.980392156863,6,64,0.025,0.03056166587878147,0.002006722875539842,0.01942245903297079,0.0008847577610116024,100,2.625
1.02,0.980392156863,6.1,64,0.025,0.02927357267786791,0.001938936243028397,0.01898861841208983,0.0009073867807352668,100,2.65625
1.02,0.980392156863,6.2,64,0.025,0.02893236033788214,0.00187357821996157,0.01887361020615242,0.000888888026821705,100,2.671875
1.02,0.980392156863,6.3,64,0.025,0.02811442483233912,0.001828135392841209,0.01858227344157415,0.0008837149769202934,100,2.796875
1.02,0.980392156863,6.4,64,0.025,0.02783370520611962,0.00176040757079004,0.01871080291204372,0.0008973834248548122,100,2.84375
1.02,0.980392156863,6.5,64,0.025,0.02716036052065395,0.001791929444187778,0.01847085552036035,0.0008922794269719214,100,2.90625
1.02,0.980392156863,6.6,64,0.025,0.02690576951360599,0.001776654844569905,0.01827671911203312,0.0008755869401977464,100,2.90625
1.02,0.980392156863,6.7,64,0.025,0.02607799875166058,0.001770700680748437,0.01831677836337826,0.0009031216120618766,100,2.96875
1.02,0.980392156863,6.8,64,0.025,0.02575886150657477,0.00175966819016408,0.01805418702376779,0.0008769615483478711,100,3.015625
1.02,0.980392156863,6.9,64,0.025,0.02503612229806569,0.001793703019772151,0.01782428323672291,0.000853126340830609,100,3.078125
1.02,0.980392156863,7,64,0.025,0.02454604443527357,0.001897039109169261,0.0175299538051212,0.0009120319064619351,100,3.171875
1.02,0.980392156863,7.1,64,0.025,0.02318537593259064,0.001861292447336255,0.01720070642477278,0.0008999344441811475,100,3.234375
1.02,0.980392156863,7.2,64,0.025,0.02206153537544576,0.001778013708970596,0.01693825476787725,0.0008792815937254995,100,3.296875
1.02,0.980392156863,7.3,64,0.025,0.02185632455855461,0.001767034024492796,0.01670729867806734,0.0008604103785333669,100,3.3125
1.02,0.980392156863,7.4,64,0.025,0.02180067374701246,0.001724845810914676,0.0165866406366034,0.0008359306984330408,100,3.375
1.02,0.980392156863,7.5,64,0.025,0.02159017611331259,0.001679773145946916,0.01647969157372407,0.0008162429523684114,100,3.390625
1.02,0.980392156863,7.6,64,0.025,0.02113911575467512,0.001660458378451644,0.01635689709045805,0.0008037168773276879,100,3.40625
1.02,0.980392156863,7.7,64,0.025,0.02110687546491654,0.001627373976919553,0.01617517029266727,0.0007977360983318862,100,3.4375
1.02,0.980392156863,7.8,64,0.025,0.02088562602572214,0.001570801501344144,0.01598902693350987,0.0008277041839320772,100,3.5
1.02,0.980392156863,7.9,64,0.025,0.02077084853953595,0.001542056336208344,0.01589610979300476,0.0008207221786358046,100,3.5
1.02,0.980392156863,8,64,0.025,0.02037772144840652,0.001554552670890195,0.01576104820188281,0.0008087470156379511,100,3.5625
1.02,0.980392156863,8.1,64,0.025,0.01936462284553514,0.001560725439020279,0.01584256952744747,0.0008005356861115685,100,3.65625
1.02,0.980392156863,8.2,64,0.025,0.01922088505626991,0.001542753665319546,0.01586345155940429,0.0007887924890804835,100,3.734375
1.02,0.980392156863,8.3,64,0.025,0.01900615194973853,0.001551169579525834,0.01549929453868804,0.0007538296804747532,100,3.765625
1.02,0.980392156863,8.4,64,0.025,0.01880413356895733,0.00155237549389858,0.01520628488001135,0.0007672387878341656,100,3.796875
1.02,0.980392156863,8.5,64,0.025,0.01865681436515194,0.001550575987938517,0.01498906327495878,0.0007656252619234414,100,3.8125
1.02,0.980392156863,8.6,64,0.025,0.0187731247885346,0.001638385602562842,0.01589738190087979,0.00135109733249563,100,3.890625
1.02,0.980392156863,8.7,64,0.025,0.01863813629103895,0.001642438151161195,0.01565004845593038,0.001331516677778819,100,3.890625
1.02,0.980392156863,8.8,64,0.025,0.01869501262849992,0.001663542351371739,0.01537047521321389,0.001290350761524172,100,3.921875
1.02,0.980392156863,8.9,64,0.025,0.01863531359830112,0.001661410414693873,0.01526883282998324,0.00127038583294121,100,4.015625
1.02,0.980392156863,9,64,0.025,0.01829074074330608,0.00165830230874207,0.01507706408612594,0.001207588749979114,100,4.046875
1.02,0.980392156863,9.1,64,0.025,0.01784429266969499,0.001677243055616838,0.01495623817920053,0.001149671052767877,100,4.125
1.02,0.980392156863,9.2,64,0.025,0.0176847356717027,0.001668418332091322,0.01474554261440993,0.00112558229322676,100,4.171875
1.02,0.980392156863,9.3,64,0.025,0.01739075788195435,0.001640310603076835,0.01448006354518201,0.001098275929492429,100,4.25
1.02,0.980392156863,9.4,64,0.025,0.01705675202383084,0.001654999815590616,0.01446605580196847,0.001081624265478694,100,4.359375
1.02,0.980392156863,9.5,64,0.025,0.01684956620897274,0.00159442853720434,0.01424834087556566,0.001041595785042759,100,4.390625
1.02,0.980392156863,9.6,64,0.025,0.01616978992798757,0.001524837207624146,0.0140069001643634,0.001007978546876744,100,4.4375
1.02,0.980392156863,9.7,64,0.025,0.01569640762425726,0.001469893847498795,0.01368964264744481,0.0009907654061608387,100,4.453125
1.02,0.980392156863,9.8,64,0.025,0.01525348695504518,0.001403440209732864,0.01339140831651885,0.0009735832447172936,100,4.46875
1.02,0.980392156863,9.9,64,0.025,0.01459690075868974,0.00134556029404093,0.01313625190286033,0.000965485518162072,100,4.515625
1.02,0.980392156863,10,64,0.025,0.01410372304556588,0.001280169655481081,0.0127638433490271,0.0009417109189167803,100,4.5625
