tD,tR_over_tD,time,samples,dt,odd_mean,odd_stderr,even_mean,even_stderr,max_bond_dimension,mean_cumulative_jumps
0.98,1.02040816327,0,4,0.025,0.02163772651773256,0,0.06025784985001684,0,100,0
0.98,1.02040816327,0.1,4,0.025,0.0215880631122448,0,0.06012101034715524,0,100,0
0.98,1.02040816327,0.2,4,0.025,0.02153938448693771,0,0.05998569198211881,0,100,0
0.98,1.02040816327,0.3,4,0.025,0.02149230436605149,0,0.05985325868035906,0,100,0
0.98,1.02040816327,0.4,4,0.025,0.02144640803311614,0,0.05972406247649856,0,100,0
0.98,1.02040816327,0.5,4,0.025,0.02140106341082374,0,0.0595978192210125,0,100,0
0.98,1.02040816327,0.6,4,0.025,0.02135709992080615,0,0.0594757631001961,0,100,0
0.98,1.02040816327,0.7,4,0.025,0.0225061449895406,0.001189988220349135,0.05707947649662524,0.002281025232042481,100,0.25
0.98,1.02040816327,0.8,4,0.025,0.02246944754209578,0.001190595501496636,0.05706001867423595,0.002193552649093796,100,0.25
0.98,1.02040816327,0.9,4,0.025,0.02244887975703233,0.001204763192168368,0.05717700152148714,0.001976776471518567,100,0.25
0.98,1.02040816327,1,4,0.025,0.02244893998813825,0.001237427209829518,0.05741162639053839,0.001648565428129073,100,0.25
0.98,1.02040816327,1.1,4,0.025,0.02247340353777767,0.001291623934843262,0.05774059960223445,0.001233261087219615,100,0.25
0.98,1.02040816327,1.2,4,0.025,0.02252430015101815,0.001368582231683971,0.05814371884749935,0.0007527701137232234,100,0.25
0.98,1.02040816327,1.3,4,0.025,0.02260331079802833,0.001469326557931509,0.05860110976292059,0.0002283538706574877,100,0.25
0.98,1.02040816327,1.4,4,0.025,0.02271405197569424,0.001597691946859711,0.0590789485972785,0.000306216739457332,100,0.25
0.98,1.02040816327,1.5,4,0.025,0.02286223859466116,0.001759663907020577,0.05951803586181439,0.0007925434474095189,100,0.25
0.98,1.02040816327,1.6,4,0.025,0.02305042967378763,0.001957251867434191,0.05984712667601233,0.001159413024784877,100,0.25
0.98,1.02040816327,1.7,4,0.025,0.02326912978766276,0.002180626480147881,0.06001461954801603,0.001354404992241705,100,0.25
0.98,1.02040816327,1.8,4,0.025,0.0243342569104641,0.002268882903568108,0.0600453370183667,0.001354019131122506,100,0.5
0.98,1.02040816327,1.9,4,0.025,0.02457190010947761,0.002456793427133149,0.05988655546277245,0.001195747874213929,100,0.5
0.98,1.02040816327,2,4,0.025,0.02479419997785418,0.002605765821670276,0.05958247750347637,0.0008716647627553394,100,0.5
0.98,1.02040816327,2.1,4,0.025,0.02500225859921758,0.002719123001057179,0.05911465499415333,0.0003613923032321253,100,0.5
0.98,1.02040816327,2.2,4,0.025,0.02520478466287869,0.002809771953418767,0.0584752043918919,0.000405771559514419,100,0.5
0.98,1.02040816327,2.3,4,0.025,0.02539660770754332,0.002880415676943847,0.05768726380702646,0.00133104932785878,100,0.5
0.98,1.02040816327,2.4,4,0.025,0.02553498945973018,0.002904215989147743,0.05682143287437567,0.002410667704427048,100,0.5
0.98,1.02040816327,2.5,4,0.025,0.02556038025513846,0.002840450023463156,0.05597284122345543,0.003554987219411086,100,0.5
0.98,1.02040816327,2.6,4,0.025,0.02544454681571915,0.002674585673075279,0.05523304759086308,0.004680066803519007,100,0.5
0.98,1.02040816327,2.7,4,0.025,0.02521467664656015,0.002438876985358938,0.05466411567642037,0.005723602290847498,100,0.5
0.98,1.02040816327,2.8,4,0.025,0.02598022052433888,0.002719763394258909,0.05400560485229591,0.006519796291850154,100,0.75
0.98,1.02040816327,2.9,4,0.025,0.02501450885021398,0.002369684429754674,0.05793556544475988,0.003406351596007271,100,1
0.98,1.02040816327,3,4,0.025,0.03373543650072991,0.006646335756064493,0.05594812836257886,0.004364812439431603,100,1.25
0.98,1.02040816327,3.1,4,0.025,0.03352943219253104,0.006735244175509757,0.05644927060443362,0.004766899804059537,100,1.25
0.98,1.02040816327,3.2,4,0.025,0.03251185241603911,0.007006582056206002,0.05707222700495619,0.005105127392196205,100,1.25
0.98,1.02040816327,3.3,4,0.025,0.03170402278389786,0.007102149490076332,0.05774330526111673,0.005371619889791674,100,1.25
0.98,1.02040816327,3.4,4,0.025,0.03173125828835446,0.0067435196559316,0.05838874830356741,0.005567100578570188,100,1.25
0.98,1.02040816327,3.5,4,0.025,0.03223756297072347,0.006310307471942144,0.05891565118667083,0.00571750311267158,100,1.25
0.98,1.02040816327,3.6,4,0.025,0.03232932339566172,0.00607499714974852,0.05918639409057793,0.005888124769690286,100,1.25
0.98,1.02040816327,3.7,4,0.025,0.03152702319965395,0.005750013179967821,0.05906608020320582,0.006139764149334708,100,1.25
0.98,1.02040816327,3.8,4,0.025,0.03017891720592929,0.005205667507721622,0.05852486667915065,0.006432228721447529,100,1.25
0.98,1.02040816327,3.9,4,0.025,0.02895570354412857,0.004519934940614936,0.05764480079474422,0.006633613365074271,100,1.25
0.98,1.02040816327,4,4,0.025,0.02817692628408876,0.003839824123714332,0.05649222706186842,0.006694969239254799,100,1.25
0.98,1.02040816327,0,8,0.025,0.02163772651773255,1.311327688828617e-18,0.06025784985001682,5.24531075531447e-18,100,0
0.98,1.02040816327,0.1,8,0.025,0.02158806311224479,1.311327688828617e-18,0.06012101034715523,2.622655377657235e-18,100,0
0.98,1.02040816327,0.2,8,0.025,0.02153938448693771,0,0.0599856919821188,5.24531075531447e-18,100,0
0.98,1.02040816327,0.3,8,0.025,0.02149230436605149,0,0.05985325868035906,0,100,0
0.98,1.02040816327,0.4,8,0.025,0.02144640803311615,1.311327688828617e-18,0.05972406247649857,2.622655377657235e-18,100,0
0.98,1.02040816327,0.5,8,0.025,0.02140106341082374,1.311327688828617e-18,0.05959781922101249,2.622655377657235e-18,100,0
0.98,1.02040816327,0.6,8,0.025,0.02135709992080615,1.311327688828617e-18,0.0594757631001961,2.622655377657235e-18,100,0
0.98,1.02040816327,0.7,8,0.025,0.02191115087936603,0.0005949941101745677,0.0582199891126465,0.001140512616021241,100,0.125
0.98,1.02040816327,0.8,8,0.025,0.02187414979134747,0.0005952977507483178,0.05815679499878285,0.001096776324546898,100,0.125
0.98,1.02040816327,0.9,8,0.025,0.02184649816094815,0.0006023815960841842,0.05816538975724642,0.0009883882357592832,100,0.125
0.98,1.02040816327,1,8,0.025,0.02178874490471878,0.0006259873316797287,0.05833451222229531,0.0008440299303768123,100,0.25
0.98,1.02040816327,1.1,8,0.025,0.0217859447259208,0.0006530636546854842,0.058455576460132,0.0006381472351836948,100,0.25
0.98,1.02040816327,1.2,8,0.025,0.02179789645638014,0.000691564389178879,0.05861740320396282,0.0004019904152994899,100,0.25
0.98,1.02040816327,1.3,8,0.025,0.02182507313633612,0.0007421423640688974,0.05880952839462968,0.0001580892810271301,100,0.25
0.98,1.02040816327,1.4,8,0.025,0.02186859394921854,0.0008068248801902121,0.05901322956502,0.0001650945211116801,100,0.25
0.98,1.02040816327,1.5,8,0.025,0.02193089967750581,0.0008886535224659596,0.05919504419149588,0.0003925613856435221,100,0.25
0.98,1.02040816327,1.6,8,0.025,0.0220141700722111,0.0009885065292614106,0.05931560298386083,0.0005748049089384044,100,0.25
0.98,1.02040816327,1.7,8,0.025,0.02211311725497372,0.00110161965998888,0.05934621853846739,0.0006760012712450865,100,0.25
0.98,1.02040816327,1.8,8,0.025,0.02263420759452633,0.001233311583787171,0.05929701029075669,0.0006890519476134944,100,0.375
0.98,1.02040816327,1.9,8,0.025,0.0227394709283495,0.001334275540531752,0.05913807731027027,0.0006320305553227737,100,0.375
0.98,1.02040816327,2,8,0.025,0.02283497017309991,0.001419088719212325,0.05888666844782149,0.0005240257133755698,100,0.375
0.98,1.02040816327,2.1,8,0.025,0.02292138180520455,0.001489351965795655,0.0585282871521815,0.0004280554826944704,100,0.375
0.98,1.02040816327,2.2,8,0.025,0.02300262543004513,0.001551397637294923,0.05805711077467353,0.000534462961760121,100,0.375
0.98,1.02040816327,2.3,8,0.025,0.02307434146978723,0.001606565567004391,0.0574861811639675,0.0009004851268991186,100,0.375
0.98,1.02040816327,2.4,8,0.025,0.02311336916536663,0.00164112835087117,0.05685552120528557,0.001404640156213117,100,0.375
0.98,1.02040816327,2.5,8,0.025,0.02308900921188728,0.001634648402625073,0.05621764364959246,0.001965738573156279,100,0.375
0.98,1.02040816327,2.6,8,0.025,0.02298725294942185,0.001580488427762294,0.05562111644083163,0.002532708558243246,100,0.375
0.98,1.02040816327,2.7,8,0.025,0.02282291573182372,0.001495673200521924,0.05510106424173102,0.003072591233309497,100,0.375
0.98,1.02040816327,2.8,8,0.025,0.02310249879481986,0.001719459538232402,0.0546359248293264,0.00353665979474887,100,0.625
0.98,1.02040816327,2.9,8,0.025,0.02256198735051978,0.001521960744232487,0.05637267276736219,0.002668885970747314,100,0.75
0.98,1.02040816327,3,8,0.025,0.02686141199572369,0.004068018219723593,0.0551688369746812,0.003073686157582411,100,0.875
0.98,1.02040816327,3.1,8,0.025,0.02669599162462897,0.004100652419915594,0.05523419539028805,0.003366521073277553,100,0.875
0.98,1.02040816327,3.2,8,0.025,0.02612720914466065,0.004106768659294553,0.0553867630591006,0.003627961704261767,100,0.875
0.98,1.02040816327,3.3,8,0.025,0.02566918340633738,0.004078280177316808,0.05558549643655133,0.003855495992640184,100,0.875
0.98,1.02040816327,3.4,8,0.025,0.0256374307764987,0.00397020673662194,0.05578826521132532,0.004048097625063134,100,0.875
0.98,1.02040816327,3.5,8,0.025,0.0258539717310615,0.003892220366461994,0.05594388772593403,0.00420804410815862,100,0.875
0.98,1.02040816327,3.6,8,0.025,0.02370633582721016,0.004694279654931538,0.04880710179161893,0.007938104134355691,100,1
0.98,1.02040816327,3.7,8,0.025,0.02308723838807741,0.004623654701006541,0.04873653262994661,0.007901882054741984,100,1.125
0.98,1.02040816327,3.8,8,0.025,0.02278434418766938,0.004066146468849324,0.04864839239636456,0.007664466551507708,100,1.125
0.98,1.02040816327,3.9,8,0.025,0.02234058385127933,0.003614791460602394,0.04824635787044038,0.007480721288586773,100,1.125
0.98,1.02040816327,4,8,0.025,0.02179524163645116,0.003423298288872372,0.04736226067361935,0.007494241642496959,100,1.125
0.98,1.02040816327,0,16,0.025,0.02163772651773255,1.791614702062191e-18,0.06025784985001682,5.374844106186573e-18,100,0
0.98,1.02040816327,0.1,16,0.025,0.02145103162556748,0.0001370314866773255,0.0603084156600099,0.0001874053128546665,100,0.0625
0.98,1.02040816327,0.2,16,0.025,0.02140289273461691,0.0001364917523207945,0.06017215312339654,0.0001864611412777488,100,0.0625
0.98,1.02040816327,0.3,16,0.025,0.02135613458134266,0.0001361697847088309,0.06003861153744228,0.0001853528570832188,100,0.0625
0.98,1.02040816327,0.4,16,0.025,0.02131023502229043,0.0001361730108257199,0.05990811080507064,0.0001840483285720858,100,0.0625
0.98,1.02040816327,0.5,16,0.025,0.02111323947987957,0.0001969067460617426,0.059963860233416,0.0002500561264041083,100,0.125
0.98,1.02040816327,0.6,16,0.025,0.02106878794936102,0.0001971739339014518,0.05983822026586415,0.0002476162988794403,100,0.125
0.98,1.02040816327,0.7,16,0.025,0.02024682556778491,0.001365317368847703,0.05578000881672506,0.003428497963320292,100,0.3125
0.98,1.02040816327,0.8,16,0.025,0.02023860121537469,0.001344867916256615,0.0559341284328779,0.003185996302399823,100,0.3125
0.98,1.02040816327,0.9,16,0.025,0.02027849731464715,0.001291247365079219,0.05634647100934893,0.002724572720003158,100,0.3125
0.98,1.02040816327,1,16,0.025,0.02036072562637215,0.001213604552843662,0.05658454646597427,0.002510390632983707,100,0.4375
0.98,1.02040816327,1.1,16,0.025,0.02045902134220347,0.001132962090115714,0.05638449637126635,0.002706174722603048,100,0.4375
0.98,1.02040816327,1.2,16,0.025,0.02056394449675921,0.001061506862382668,0.05607885241984024,0.003037524896378665,100,0.4375
0.98,1.02040816327,1.3,16,0.025,0.02066343159425128,0.001007411975769673,0.05606299461808198,0.003109957515251665,100,0.4375
0.98,1.02040816327,1.4,16,0.025,0.02074974561776325,0.0009741454789882286,0.05641666909099861,0.00283045453276657,100,0.4375
0.98,1.02040816327,1.5,16,0.025,0.02081658734053896,0.0009643355261829005,0.05687814817466975,0.002439668961470507,100,0.4375
0.98,1.02040816327,1.6,16,0.025,0.02085571753160839,0.0009810116924314446,0.05716252208004887,0.002199565557603227,100,0.4375
0.98,1.02040816327,1.7,16,0.025,0.02059369945703673,0.001105539647489937,0.05760066014478688,0.00220265130058079,100,0.5
0.98,1.02040816327,1.8,16,0.025,0.02077826430098279,0.00118490697686343,0.05757392811084114,0.002170247113087589,100,0.5625
0.98,1.02040816327,1.9,16,0.025,0.02073941294670659,0.001238576720234811,0.05756521577833432,0.002054225660989229,100,0.5625
0.98,1.02040816327,2,16,0.025,0.02070379755259166,0.001277666382011313,0.05756772522513152,0.001873728971791107,100,0.5625
0.98,1.02040816327,2.1,16,0.025,0.02067890586308154,0.001299497075855771,0.05747801930781971,0.001730881498703994,100,0.5625
0.98,1.02040816327,2.2,16,0.025,0.02065541998888456,0.001313580212812816,0.05721214151527222,0.001705133803198898,100,0.5625
0.98,1.02040816327,2.3,16,0.025,0.02061719715538471,0.001329319360294242,0.0567526978349788,0.001802426830936043,100,0.5625
0.98,1.02040816327,2.4,16,0.025,0.02041480130335557,0.001335173052719902,0.05849161806981664,0.003867254432771861,100,0.625
0.98,1.02040816327,2.5,16,0.025,0.0203250165327652,0.001339587110647815,0.05780348385880082,0.004018000711833698,100,0.625
0.98,1.02040816327,2.6,16,0.025,0.01978199717147266,0.001577626806040332,0.05793254059028604,0.003861117888971149,100,0.6875
0.98,1.02040816327,2.7,16,0.025,0.01973560157890054,0.001509754549440759,0.05743759299898335,0.003805942405047306,100,0.75
0.98,1.02040816327,2.8,16,0.025,0.01993615763638808,0.001539900401916849,0.05673998891147979,0.003801512216208797,100,0.875
0.98,1.02040816327,2.9,16,0.025,0.01978553952905144,0.001388674136185535,0.05717159702450026,0.003533736737261566,100,0.9375
0.98,1.02040816327,3,16,0.025,0.02210485766340656,0.002466770148783708,0.05614693879952846,0.003542120098151606,100,1
0.98,1.02040816327,3.1,16,0.025,0.02222698306887003,0.002410994355052618,0.05571012062153559,0.003488595539058678,100,1
0.98,1.02040816327,3.2,16,0.025,0.02216513198772184,0.002325387667122403,0.05521508189510949,0.003407403656303586,100,1
0.98,1.02040816327,3.3,16,0.025,0.02216864394875117,0.002242118581305162,0.05463382768255806,0.003335785263659732,100,1
0.98,1.02040816327,3.4,16,0.025,0.022097778620495,0.002232788038040832,0.05192520568859151,0.004037168118918392,100,1.0625
0.98,1.02040816327,3.5,16,0.025,0.02244122138200941,0.002166272427890335,0.05178104751422011,0.003902354907820916,100,1.0625
0.98,1.02040816327,3.6,16,0.025,0.02161031161598861,0.00239333062197789,0.04818011052726845,0.004837373328201932,100,1.125
0.98,1.02040816327,3.7,16,0.025,0.02153241096221899,0.002318392403571709,0.04797456486670856,0.004787704763235085,100,1.1875
0.98,1.02040816327,3.8,16,0.025,0.02160406605907679,0.002033829530572072,0.04753025752861561,0.004745716909179246,100,1.1875
0.98,1.02040816327,3.9,16,0.025,0.02171814699626578,0.001817912671607317,0.04719848616994594,0.004678693159403684,100,1.25
0.98,1.02040816327,4,16,0.025,0.02168594109363096,0.001731262664707808,0.04643942091984796,0.00469653587549902,100,1.25
0.98,1.02040816327,0,32,0.025,0.02163772651773255,6.231310676715024e-19,0.06025784985001682,2.49252427068601e-18,100,0
0.98,1.02040816327,0.1,32,0.025,0.02151954736890614,6.851574333866278e-05,0.06021471300358257,9.370265642733331e-05,100,0.03125
0.98,1.02040816327,0.2,32,0.025,0.02092316275134172,0.0005500202964280098,0.05825541119081471,0.001828894152294652,100,0.0625
0.98,1.02040816327,0.3,32,0.025,0.02075738361110785,0.0005441441208526289,0.05830978631887643,0.001828922146339763,100,0.125
0.98,1.02040816327,0.4,32,0.025,0.02074453552874482,0.0005125982351288705,0.05821000878545817,0.001799308713289486,100,0.125
0.98,1.02040816327,0.5,32,0.025,0.02066230025662096,0.0004783412923250031,0.05821203799296422,0.001769875494689928,100,0.1875
0.98,1.02040816327,0.6,32,0.025,0.02066704291911766,0.0004332618581327297,0.05814950084037506,0.001716124447439127,100,0.1875
0.98,1.02040816327,0.7,32,0.025,0.02028534314535305,0.000767473719361608,0.05613621568587833,0.002343918768105939,100,0.28125
0.98,1.02040816327,0.8,32,0.025,0.02039440487596165,0.0007466084424475975,0.05457611316480326,0.002715268776272694,100,0.3125
0.98,1.02040816327,0.9,32,0.025,0.02035877117695762,0.0007170751691700502,0.05642071916570315,0.00308003312817072,100,0.34375
0.98,1.02040816327,1,32,0.025,0.0204215615098999,0.0006630363699973429,0.0568002009656725,0.002921652145323311,100,0.40625
0.98,1.02040816327,1.1,32,0.025,0.0204888502392597,0.0006089978776934492,0.0570168970101004,0.002826266384654669,100,0.40625
0.98,1.02040816327,1.2,32,0.025,0.02055119598535236,0.000564305643665227,0.05715625884737545,0.002762835669141526,100,0.4375
0.98,1.02040816327,1.3,32,0.025,0.02053818977794671,0.0005373680763825039,0.05746645555815241,0.0026440645944434,100,0.46875
0.98,1.02040816327,1.4,32,0.025,0.02058705995805479,0.0005273910113423508,0.05780247076828178,0.002427092032395281,100,0.46875
0.98,1.02040816327,1.5,32,0.025,0.0207002860040437,0.0005615563208435927,0.05798707264669157,0.002199422204961287,100,0.53125
0.98,1.02040816327,1.6,32,0.025,0.02101310202348755,0.0006485788772129978,0.05644023072704248,0.00266773329818553,100,0.5625
0.98,1.02040816327,1.7,32,0.025,0.0210423380932191,0.000740653382954693,0.05497454810225383,0.002974280848235145,100,0.65625
0.98,1.02040816327,1.8,32,0.025,0.02059923241002043,0.000923454902341423,0.05312668610969529,0.003281870208240963,100,0.71875
0.98,1.02040816327,1.9,32,0.025,0.02049573390316431,0.0009146993250428161,0.05302358237862276,0.003156456121910881,100,0.71875
0.98,1.02040816327,2,32,0.025,0.02040738187762667,0.000900114042876753,0.05284656229113703,0.003025000445745672,100,0.71875
0.98,1.02040816327,2.1,32,0.025,0.02033390911841351,0.0008866775642747265,0.05264784396891783,0.002886435022283046,100,0.75
0.98,1.02040816327,2.2,32,0.025,0.01997034605698549,0.0009868103764962167,0.05325300727839525,0.002463199463586372,100,0.78125
0.98,1.02040816327,2.3,32,0.025,0.02007847454432589,0.0009552656590677452,0.05303772227007812,0.002336218615473712,100,0.78125
0.98,1.02040816327,2.4,32,0.025,0.02004144604213388,0.0009479471681527442,0.05387315536915971,0.00282556454964579,100,0.8125
0.98,1.02040816327,2.5,32,0.025,0.02083353629327806,0.001402426821346811,0.05466130111398089,0.003233787428381884,100,0.875
0.98,1.02040816327,2.6,32,0.025,0.02050099748674091,0.001485185924637663,0.05299107642896447,0.003484951024411305,100,0.9375
0.98,1.02040816327,2.7,32,0.025,0.02012251892155931,0.001487796093438802,0.0530176296789106,0.003363247034797825,100,1
0.98,1.02040816327,2.8,32,0.025,0.02028573959430399,0.00145960021428829,0.05328213625165379,0.003229076590102385,100,1.09375
0.98,1.02040816327,2.9,32,0.025,0.01961216097500559,0.001423685751312084,0.05271123316978098,0.003408590402488478,100,1.15625
0.98,1.02040816327,3,32,0.025,0.02082548240462519,0.001699299294073308,0.05270083554121002,0.003549110637078656,100,1.28125
0.98,1.02040816327,3.1,32,0.025,0.02113550039843924,0.001609750937264306,0.05208341747932685,0.00351717007136496,100,1.28125
0.98,1.02040816327,3.2,32,0.025,0.02132168087865449,0.001518950915872694,0.0516526061080058,0.003401286810726263,100,1.28125
0.98,1.02040816327,3.3,32,0.025,0.02152011096741213,0.001418905780437666,0.05145945337765201,0.003179909401810302,100,1.28125
0.98,1.02040816327,3.4,32,0.025,0.02164155467663277,0.001353637244373272,0.04958969980284967,0.003235745902598999,100,1.375
0.98,1.02040816327,3.5,32,0.025,0.02212026353922721,0.001259007546011754,0.04950314530047566,0.003023060063998771,100,1.375
0.98,1.02040816327,3.6,32,0.025,0.02203527402626861,0.001322430371956306,0.04749190250241319,0.003212922336823336,100,1.40625
0.98,1.02040816327,3.7,32,0.025,0.02226180948136866,0.001293359132118191,0.0471045023641628,0.003139218189456363,100,1.4375
0.98,1.02040816327,3.8,32,0.025,0.02244707776601606,0.001197875640549327,0.0466565180575416,0.003071843534111295,100,1.46875
0.98,1.02040816327,3.9,32,0.025,0.02261368477739109,0.001155162848187191,0.04627602793567603,0.002997679100381868,100,1.5
0.98,1.02040816327,4,32,0.025,0.02264243877134332,0.001180107634402945,0.04565821820228028,0.002956918536713856,100,1.53125
0.98,1.02040816327,0,64,0.025,0.02163772651773255,4.371092296095392e-19,0.06025784985001688,5.24531075531447e-18,100,0
0.98,1.02040816327,0.1,64,0.025,0.02125005602469135,0.0003316368854917921,0.06090053649029309,0.0007487873530141471,100,0.0625
0.98,1.02040816327,0.2,64,0.025,0.0208360556733382,0.0007893591660402567,0.0595840670551648,0.001642296841141147,100,0.140625
0.98,1.02040816327,0.3,64,0.025,0.02081245948211037,0.0007716573754343321,0.05890715752591061,0.00180962942586743,100,0.203125
0.98,1.02040816327,0.4,64,0.025,0.0208530570642178,0.0007406199051546613,0.05888651445782598,0.001762992198572241,100,0.203125
0.98,1.02040816327,0.5,64,0.025,0.02085626889698016,0.000702290908172507,0.05880017999410702,0.001727571477848939,100,0.234375
0.98,1.02040816327,0.6,64,0.025,0.02105341358458854,0.0006794325010946263,0.05887410638292325,0.001712736385736506,100,0.25
0.98,1.02040816327,0.7,64,0.025,0.02049870414855032,0.0007817074996879611,0.05690463641244511,0.002015654872681736,100,0.328125
0.98,1.02040816327,0.8,64,0.025,0.02051714421209649,0.0007322468128434931,0.05619862111371508,0.002029721199382258,100,0.359375
0.98,1.02040816327,0.9,64,0.025,0.02046139903237577,0.0006749283899544204,0.05722220897191346,0.002040753289893915,100,0.375
0.98,1.02040816327,1,64,0.025,0.02044922759792643,0.000608742680089322,0.0573593489699344,0.001914028112795005,100,0.40625
0.98,1.02040816327,1.1,64,0.025,0.02012583338202458,0.0006140890863697388,0.05649131864626812,0.002022195959279222,100,0.4375
0.98,1.02040816327,1.2,64,0.025,0.02023123529929135,0.0006508349391788874,0.05539653725754305,0.002104028619504132,100,0.46875
0.98,1.02040816327,1.3,64,0.025,0.02018060932070418,0.000634057349697404,0.0554664063820659,0.001969051818411732,100,0.5
0.98,1.02040816327,1.4,64,0.025,0.0201178752910261,0.0006389528445513922,0.05573002512487733,0.001778816987254857,100,0.515625
0.98,1.02040816327,1.5,64,0.025,0.02016162518538026,0.0006588422210168044,0.05568639375079347,0.001656382138782192,100,0.5625
0.98,1.02040816327,1.6,64,0.025,0.02124919834855371,0.0009743691955259737,0.05473162998034708,0.001876113369307916,100,0.609375
0.98,1.02040816327,1.7,64,0.025,0.02089826948437518,0.0009961273493370524,0.05355488574678348,0.001991929508955537,100,0.671875
0.98,1.02040816327,1.8,64,0.025,0.02050137482469993,0.0009970243163494059,0.05215999372914542,0.002092876276819304,100,0.734375
0.98,1.02040816327,1.9,64,0.025,0.0203426002129214,0.0009286186212847803,0.05193530619837833,0.001991498915035898,100,0.734375
0.98,1.02040816327,2,64,0.025,0.02027518790806272,0.0008758687485103931,0.05091544114603046,0.002042783420998555,100,0.765625
0.98,1.02040816327,2.1,64,0.025,0.01986266499058476,0.0007686692052564044,0.05037178420185547,0.002043179719318045,100,0.796875
0.98,1.02040816327,2.2,64,0.025,0.01995302989512674,0.0008157168970230013,0.05150491422586898,0.002055290857650476,100,0.859375
0.98,1.02040816327,2.3,64,0.025,0.02005789787308702,0.0007894495738628193,0.05135423458259156,0.001987580174281793,100,0.890625
0.98,1.02040816327,2.4,64,0.025,0.02008334694535309,0.0007437960712152958,0.05180400867245116,0.002119451494920579,100,0.921875
0.98,1.02040816327,2.5,64,0.025,0.02040152767644574,0.0008811462239227907,0.05233073216352824,0.002214049285548802,100,0.96875
0.98,1.02040816327,2.6,64,0.025,0.02030952938761048,0.000905140205996246,0.05149457121882505,0.002276462124519708,100,1
0.98,1.02040816327,2.7,64,0.025,0.02017041312472708,0.0009127307301826507,0.05154198622075353,0.002214963096039451,100,1.046875
0.98,1.02040816327,2.8,64,0.025,0.02044439779238565,0.0009076614354144559,0.05161373973626878,0.002144672850437041,100,1.109375
0.98,1.02040816327,2.9,64,0.025,0.0209388867746062,0.001043697733878167,0.05108829770923761,0.002199612339524495,100,1.15625
0.98,1.02040816327,3,64,0.025,0.02150089044003937,0.001171395218829792,0.0509429313568685,0.002503118737760661,100,1.265625
0.98,1.02040816327,3.1,64,0.025,0.02187730373750659,0.001240565637160813,0.04937815602539056,0.002455320342108226,100,1.328125
0.98,1.02040816327,3.2,64,0.025,0.02189979392690192,0.001189280050732531,0.04923947825820565,0.002321744511279787,100,1.375
0.98,1.02040816327,3.3,64,0.025,0.0219913262801191,0.001147257470234103,0.04905516975638979,0.002185481535403903,100,1.375
0.98,1.02040816327,3.4,64,0.025,0.02247786009720294,0.001216513135144902,0.04771213207211409,0.002171520974848043,100,1.453125
0.98,1.02040816327,3.5,64,0.025,0.02259086670068342,0.001173842087489492,0.04722999205331398,0.002121497292483437,100,1.46875
0.98,1.02040816327,3.6,64,0.025,0.02217816577511888,0.001204598680080048,0.044946496043318,0.00227238006470798,100,1.515625
0.98,1.02040816327,3.7,64,0.025,0.02213819154971464,0.001175572466953254,0.04457817292649827,0.002197623284948233,100,1.546875
0.98,1.02040816327,3.8,64,0.025,0.02213989845688597,0.001122134729602538,0.04402280394464386,0.002111296790119874,100,1.578125
0.98,1.02040816327,3.9,64,0.025,0.0221671292850699,0.001111873911122555,0.04382513346596473,0.002050172881586817,100,1.609375
0.98,1.02040816327,4,64,0.025,0.02201811934891437,0.001083414570048101,0.0433327341636965,0.002014867622508704,100,1.625
0.98,1.02040816327,0,128,0.025,0.02163772651773258,1.84718180213396e-18,0.06025784985001685,1.231454534755974e-18,100,0
0.98,1.02040816327,0.1,128,0.025,0.02213565697330159,0.000446343562230306,0.05992000854519283,0.0005986646065639532,100,0.0625
0.98,1.02040816327,0.2,128,0.025,0.02187988170997121,0.0005838062236613953,0.05839204930838869,0.001114177936663544,100,0.1484375
0.98,1.02040816327,0.3,128,0.025,0.02193182708630259,0.0006451013280438256,0.05813634402784017,0.00115569326885055,100,0.203125
0.98,1.02040816327,0.4,128,0.025,0.02193586451510258,0.0006460736299356822,0.05812954843030707,0.001112826413777474,100,0.234375
0.98,1.02040816327,0.5,128,0.025,0.02187532962410096,0.0006284903043440544,0.05803556266959058,0.001085273264821196,100,0.25
0.98,1.02040816327,0.6,128,0.025,0.02146928606016782,0.0006589881209311528,0.05799475179450034,0.001229587782459766,100,0.3046875
0.98,1.02040816327,0.7,128,0.025,0.02111967962139871,0.0006695469059810969,0.05695442515112849,0.001328200957975585,100,0.359375
0.98,1.02040816327,0.8,128,0.025,0.02106941521238095,0.0006309443864879559,0.05655127004591173,0.001312787435497182,100,0.3828125
0.98,1.02040816327,0.9,128,0.025,0.02118257823139303,0.0006390924999194872,0.05715807854880946,0.001312319572609958,100,0.4140625
0.98,1.02040816327,1,128,0.025,0.02150865740534469,0.0007080897235136733,0.05685286694483419,0.001264287359922847,100,0.46875
0.98,1.02040816327,1.1,128,0.025,0.02124299270699628,0.0006881590307870474,0.05629901287454565,0.001287543443968684,100,0.484375
0.98,1.02040816327,1.2,128,0.025,0.02099362807260326,0.0006852955342154672,0.0547915156065316,0.001418791032865474,100,0.5234375
0.98,1.02040816327,1.3,128,0.025,0.02085944841300048,0.0006514869120524358,0.05471693083370032,0.001345067122191159,100,0.5390625
0.98,1.02040816327,1.4,128,0.025,0.02074341414048583,0.0006218967007076565,0.0547007374575427,0.001246405963662514,100,0.5546875
0.98,1.02040816327,1.5,128,0.025,0.02056071289842828,0.0006302408886696141,0.05421387744473115,0.001293969426924203,100,0.640625
0.98,1.02040816327,1.6,128,0.025,0.02101173895463897,0.0007068861218022157,0.05329282988646606,0.001387304872661216,100,0.6875
0.98,1.02040816327,1.7,128,0.025,0.02080329048544927,0.0006969814457748356,0.0525839976154474,0.001401276495735938,100,0.734375
0.98,1.02040816327,1.8,128,0.025,0.02053252672624927,0.0006757673762240501,0.05178987289327641,0.001425171317040122,100,0.7734375
0.98,1.02040816327,1.9,128,0.025,0.02015438575290682,0.0006354637246335488,0.05178732638769105,0.001551721426106068,100,0.8046875
0.98,1.02040816327,2,128,0.025,0.01973543426030112,0.0006209382271034358,0.05070690444801107,0.001582703723319287,100,0.8515625
0.98,1.02040816327,2.1,128,0.025,0.01962709609143648,0.0006037187934964163,0.04995950706387901,0.001606972338948396,100,0.90625
0.98,1.02040816327,2.2,128,0.025,0.01973320332891511,0.0006069808858147782,0.05041919062355824,0.001569096688631915,100,0.9453125
0.98,1.02040816327,2.3,128,0.025,0.01953126630177577,0.0006158851738070424,0.04927300667030454,0.001592267589867318,100,0.9765625
0.98,1.02040816327,2.4,128,0.025,0.01988328914389804,0.000667166858092505,0.04871018898772781,0.0016475041138081,100,1.03125
0.98,1.02040816327,2.5,128,0.025,0.02021364479447207,0.0007537867486990145,0.04824214875449349,0.001693325541711933,100,1.0859375
0.98,1.02040816327,2.6,128,0.025,0.02032021421068175,0.0007646902999690347,0.04765911326827971,0.001670115951215408,100,1.1171875
0.98,1.02040816327,2.7,128,0.025,0.02035921739990184,0.0007656698173158488,0.04750625464468908,0.001610554462464272,100,1.1640625
0.98,1.02040816327,2.8,128,0.025,0.02091879686760563,0.0008053372175889052,0.04729312124977544,0.001545057390133167,100,1.2109375
0.98,1.02040816327,2.9,128,0.025,0.02119007943010464,0.0008435222528381313,0.04637638316628798,0.001602071114918026,100,1.28125
0.98,1.02040816327,3,128,0.025,0.0214045022499953,0.000895078027496276,0.04558892623045618,0.001736357775363804,100,1.375
0.98,1.02040816327,3.1,128,0.025,0.02163400724318079,0.0009116662193635958,0.04473834805519278,0.001683222369875384,100,1.421875
0.98,1.02040816327,3.2,128,0.025,0.02168392030577643,0.0008832054410747641,0.04449114667784246,0.001623558110728092,100,1.4453125
0.98,1.02040816327,3.3,128,0.025,0.0218297889078886,0.0008594018802867523,0.04413264687620667,0.001571084303692233,100,1.453125
0.98,1.02040816327,3.4,128,0.025,0.02235219935765183,0.0008966219261329295,0.04266218262543183,0.001668477989590059,100,1.5234375
0.98,1.02040816327,3.5,128,0.025,0.02236904262372011,0.0008696703631166313,0.04184863032216134,0.001647209283094496,100,1.5546875
0.98,1.02040816327,3.6,128,0.025,0.02202550783411054,0.0008605289980652618,0.0407360765388857,0.001640890402219109,100,1.578125
0.98,1.02040816327,3.7,128,0.025,0.02189729606189643,0.0008272338485942047,0.04093600903495868,0.001584086227535222,100,1.6484375
0.98,1.02040816327,3.8,128,0.025,0.02169038642531934,0.0007967712111430136,0.04079315621432521,0.001530082697307731,100,1.6875
0.98,1.02040816327,3.9,128,0.025,0.02163723056077823,0.0007895766977538184,0.04062994888231646,0.001492712057307952,100,1.71875
0.98,1.02040816327,4,128,0.025,0.02146195841825319,0.0007604223260571728,0.04024210729717828,0.001455645942734664,100,1.7265625
0.98,1.02040816327,0,256,0.025,0.02163772651773254,1.086325978972342e-18,0.06025784985001678,3.476243132711496e-18,100,0
0.98,1.02040816327,0.1,256,0.025,0.02185561879027918,0.0002654890242557876,0.05999445940999529,0.0004213041620664986,100,0.06640625
0.98,1.02040816327,0.2,256,0.025,0.02178410209958033,0.0003273980251731004,0.05869834614402674,0.0007059991273673512,100,0.125
0.98,1.02040816327,0.3,256,0.025,0.02164678554046297,0.0003676243461206324,0.05818498656698154,0.000782253735619474,100,0.171875
0.98,1.02040816327,0.4,256,0.025,0.02146138958291486,0.0003891797087396285,0.05723853115905828,0.0008638224749384525,100,0.2109375
0.98,1.02040816327,0.5,256,0.025,0.02151176153769606,0.0003930754920977527,0.05701134865528171,0.0008570427869365901,100,0.23828125
0.98,1.02040816327,0.6,256,0.025,0.02133617664489144,0.0004219401190456218,0.05661922166015083,0.0009261768760702562,100,0.28125
0.98,1.02040816327,0.7,256,0.025,0.02114552548323691,0.0004570373416150834,0.05607812864896653,0.0009715230923490281,100,0.34765625
0.98,1.02040816327,0.8,256,0.025,0.02114069473417778,0.0004395679889602404,0.05569150423899014,0.0009567199296686057,100,0.39453125
0.98,1.02040816327,0.9,256,0.025,0.02116742471236674,0.0004444335210841662,0.05545630900485191,0.0009396186542072611,100,0.43359375
0.98,1.02040816327,1,256,0.025,0.02121183691730119,0.0004713720516147633,0.05516128557706424,0.0009171293401274562,100,0.484375
0.98,1.02040816327,1.1,256,0.025,0.02133303039732511,0.0004944304131008143,0.05508283013319328,0.0009204063596764611,100,0.515625
0.98,1.02040816327,1.2,256,0.025,0.02180523231153,0.0006306454574092456,0.05375349606481079,0.001007793598719857,100,0.5546875
0.98,1.02040816327,1.3,256,0.025,0.02171811425799483,0.0005856244446353779,0.05387784052174434,0.000974923532951809,100,0.5859375
0.98,1.02040816327,1.4,256,0.025,0.02148397149375809,0.0005454391488555845,0.05395832353724972,0.0009255188720247968,100,0.609375
0.98,1.02040816327,1.5,256,0.025,0.02135367816719369,0.0005221373328737369,0.05368523661283334,0.0009460001899942983,100,0.671875
0.98,1.02040816327,1.6,256,0.025,0.02155709374886479,0.0005234394796665831,0.05326199203714403,0.000958339362633528,100,0.71484375
0.98,1.02040816327,1.7,256,0.025,0.02126742384440642,0.000512909715073901,0.05275615923409713,0.0009883553019111482,100,0.76171875
0.98,1.02040816327,1.8,256,0.025,0.02101814340576848,0.0005028933890755452,0.05178519446677732,0.001020711953575181,100,0.80859375
0.98,1.02040816327,1.9,256,0.025,0.02046149353725496,0.0005071931018253829,0.05173874568859618,0.001093890359591443,100,0.8515625
0.98,1.02040816327,2,256,0.025,0.02002130770275568,0.0005104174565308033,0.05106288507921052,0.001122475404395275,100,0.8984375
0.98,1.02040816327,2.1,256,0.025,0.01980377269825251,0.0005047946630006805,0.05004578172208943,0.001169431007231932,100,0.97265625
0.98,1.02040816327,2.2,256,0.025,0.01988825444940159,0.0004891785282572658,0.04993190331933152,0.001148438654912996,100,1.00390625
0.98,1.02040816327,2.3,256,0.025,0.02022792627140351,0.0005729479053999293,0.04882407706611618,0.00116283431166784,100,1.05078125
0.98,1.02040816327,2.4,256,0.025,0.02027340151646997,0.0005787347093726215,0.04826378035200705,0.001164639908034056,100,1.109375
0.98,1.02040816327,2.5,256,0.025,0.02041881800057224,0.0005866724142533582,0.04784519162091004,0.001186063645405981,100,1.16796875
0.98,1.02040816327,2.6,256,0.025,0.02040125534301351,0.0005752313564879227,0.04732825793432269,0.001194333084473709,100,1.19921875
0.98,1.02040816327,2.7,256,0.025,0.02043517013106944,0.0005649330518893958,0.04740522262653044,0.001189960401234592,100,1.234375
0.98,1.02040816327,2.8,256,0.025,0.02082054906156676,0.0005678858727283273,0.04702020974590799,0.001148108666974963,100,1.2734375
0.98,1.02040816327,2.9,256,0.025,0.02090619091754744,0.0005848362143478772,0.04639951883953979,0.001137917213539094,100,1.33203125
0.98,1.02040816327,3,256,0.025,0.02095133214466802,0.0006039592976493768,0.04588393163799533,0.001165248751198772,100,1.40625
0.98,1.02040816327,3.1,256,0.025,0.02098391382979101,0.0006135652266987734,0.0450919396135484,0.001131100040947457,100,1.44140625
0.98,1.02040816327,3.2,256,0.025,0.02098056378574601,0.0005985444215980412,0.04476683616068136,0.001089368792594445,100,1.46484375
0.98,1.02040816327,3.3,256,0.025,0.02125159521420144,0.0006055336630971908,0.04408374070347763,0.001091941091774183,100,1.48828125
0.98,1.02040816327,3.4,256,0.025,0.02158686005773346,0.0006151093050943666,0.04325476960812415,0.001135055035169085,100,1.54296875
0.98,1.02040816327,3.5,256,0.025,0.02177628444020625,0.0006034568807474548,0.04252961395916553,0.001125496167413912,100,1.62109375
0.98,1.02040816327,3.6,256,0.025,0.02150284885724209,0.0005786792312707591,0.04173554334790018,0.001117634719282739,100,1.65625
0.98,1.02040816327,3.7,256,0.025,0.02143995445202675,0.0005649390536086416,0.04144579113058859,0.001099840451234673,100,1.703125
0.98,1.02040816327,3.8,256,0.025,0.02135576900741601,0.0005560423952759568,0.04099314689079561,0.001083727253324319,100,1.73046875
0.98,1.02040816327,3.9,256,0.025,0.02139316856026076,0.0005491305623706853,0.04076746567769998,0.001075994218887714,100,1.76171875
0.98,1.02040816327,4,256,0.025,0.02126733901950794,0.0005287789136806066,0.0404127594811869,0.001058206786289835,100,1.7734375
0.99,1.0101010101,0,4,0.025,0.02948833845319166,0,0.04996164346306375,0,100,0
0.99,1.0101010101,0.1,4,0.025,0.0294200784429523,0,0.0498486189631316,0,100,0
0.99,1.0101010101,0.2,4,0.025,0.02935285790050472,0,0.049737104130826,0,100,0
0.99,1.0101010101,0.3,4,0.025,0.02928729911594166,0,0.04962802437258671,0,100,0
0.99,1.0101010101,0.4,4,0.025,0.02922359063789121,0,0.04952145362836924,0,100,0
0.99,1.0101010101,0.5,4,0.025,0.02916083420988747,0,0.04941693981627049,0,100,0
0.99,1.0101010101,0.6,4,0.025,0.02909965671475057,0,0.04931610134570812,0,100,0
0.99,1.0101010101,0.7,4,0.025,0.02890839458672027,0.0001339693744486069,0.04922342733552626,1.70374848984349e-06,100,0.25
0.99,1.0101010101,0.8,4,0.025,0.02885724013155199,0.0001329859003048502,0.0491380114585485,2.850189639792139e-06,100,0.25
0.99,1.0101010101,0.9,4,0.025,0.02881243362397249,0.0001300942627486873,0.04906247987953755,7.517656284795893e-06,100,0.25
0.99,1.0101010101,1,4,0.025,0.02877638318636625,0.0001219216082341164,0.04899876857453396,1.980530947877888e-05,100,0.25
0.99,1.0101010101,1.1,4,0.025,0.02875516629922691,0.0001028801143939479,0.04895379116366674,4.555818476193949e-05,100,0.25
0.99,1.0101010101,1.2,4,0.025,0.02875632468455071,6.605610385948101e-05,0.04893497105949329,8.93986233937525e-05,100,0.25
0.99,1.0101010101,1.3,4,0.025,0.02878614652477109,5.111570757471151e-06,0.04895302976443037,0.0001611219322700322,100,0.25
0.99,1.0101010101,1.4,4,0.025,0.02884548133053656,7.988423218301816e-05,0.04902347581493642,0.0002758735565718679,100,0.25
0.99,1.0101010101,1.5,4,0.025,0.02893700268732906,0.0001902016004766329,0.04914780543416228,0.0004352820082592912,100,0.25
0.99,1.0101010101,1.6,4,0.025,0.02906239306942969,0.0003280730672176003,0.04932523504247425,0.0006397088139181543,100,0.25
0.99,1.0101010101,1.7,4,0.025,0.02922187002016076,0.0004954770733537582,0.04955362174077261,0.0008881796457234341,100,0.25
0.99,1.0101010101,1.8,4,0.025,0.03044500625964834,0.001032042578573494,0.04981029735178024,0.001184367371298542,100,0.5
0.99,1.0101010101,1.9,4,0.025,0.03071549548140556,0.00115744920846669,0.05013378524328287,0.001506368183643633,100,0.5
0.99,1.0101010101,2,4,0.025,0.03103415342163688,0.001328409321960251,0.05049161938183807,0.001842069076143739,100,0.5
0.99,1.0101010101,2.1,4,0.025,0.03137228365197755,0.001516618695064733,0.05085930897980181,0.002161200796647755,100,0.5
0.99,1.0101010101,2.2,4,0.025,0.03170083497424332,0.001697220451098733,0.05120996887603282,0.002426498013326611,100,0.5
0.99,1.0101010101,2.3,4,0.025,0.03200103683631028,0.001856561620956036,0.05151280992167515,0.002605881960620909,100,0.5
0.99,1.0101010101,2.4,4,0.025,0.03225060202966702,0.00198279537063225,0.05175285438078918,0.002673003398055724,100,0.5
0.99,1.0101010101,2.5,4,0.025,0.032420027302147,0.002061535020090552,0.05191941580693129,0.002610470831255865,100,0.5
0.99,1.0101010101,2.6,4,0.025,0.03248289731659496,0.002080744313891037,0.05199868972765394,0.002412595901205711,100,0.5
0.99,1.0101010101,2.7,4,0.025,0.03241343756497689,0.002031012401569024,0.05197588258885558,0.002097022805021099,100,0.5
0.99,1.0101010101,2.8,4,0.025,0.03344696023708496,0.002961093156662671,0.05143261471112427,0.001644052514088188,100,0.75
0.99,1.0101010101,2.9,4,0.025,0.02832047658521882,0.005610431939504672,0.042878739308307,0.007679287359440781,100,1
0.99,1.0101010101,3,4,0.025,0.03793461766263376,0.01046523373593229,0.04128848402745092,0.007445805319916712,100,1.25
0.99,1.0101010101,3.1,4,0.025,0.03821556376581454,0.01022823806375862,0.04219865501217358,0.007386486991376276,100,1.25
0.99,1.0101010101,3.2,4,0.025,0.03823988374965602,0.01006636282153376,0.04327457820616983,0.007263021770567569,100,1.25
0.99,1.0101010101,3.3,4,0.025,0.03804523903324505,0.009766790669658024,0.04438252822785761,0.007111087608304096,100,1.25
0.99,1.0101010101,3.4,4,0.025,0.03768592405994386,0.00926762458582811,0.04540845867606057,0.006962819792505983,100,1.25
0.99,1.0101010101,3.5,4,0.025,0.03715093185477767,0.008679468528359996,0.04628910671198228,0.006818451814273502,100,1.25
0.99,1.0101010101,3.6,4,0.025,0.03638657461279753,0.008108092906230848,0.04698225016731852,0.006656458689631032,100,1.25
0.99,1.0101010101,3.7,4,0.025,0.03536489626049358,0.007519552733228377,0.04741574474533541,0.006462199665268027,100,1.25
0.99,1.0101010101,3.8,4,0.025,0.03413693749276409,0.0067914052389983,0.04749769485838023,0.006242220356512635,100,1.25
0.99,1.0101010101,3.9,4,0.025,0.03281635230987587,0.005853417447027454,0.04717930032346602,0.006014042359255455,100,1.25
0.99,1.0101010101,4,4,0.025,0.03152546725732999,0.004759580631908442,0.04649891328309317,0.00579441351333478,100,1.25
0.99,1.0101010101,0,8,0.025,0.02948833845319166,0,0.04996164346306375,0,100,0
0.99,1.0101010101,0.1,8,0.025,0.0294200784429523,0,0.04984861896313159,2.622655377657235e-18,100,0
0.99,1.0101010101,0.2,8,0.025,0.02935285790050471,1.311327688828617e-18,0.049737104130826,0,100,0
0.99,1.0101010101,0.3,8,0.025,0.02928729911594166,0,0.04962802437258672,2.622655377657235e-18,100,0
0.99,1.0101010101,0.4,8,0.025,0.02922359063789121,1.311327688828617e-18,0.04952145362836924,0,100,0
0.99,1.0101010101,0.5,8,0.025,0.02916083420988747,1.311327688828617e-18,0.04941693981627049,0,100,0
0.99,1.0101010101,0.6,8,0.025,0.02909965671475057,1.311327688828617e-18,0.04931610134570812,2.622655377657235e-18,100,0
0.99,1.0101010101,0.7,8,0.025,0.02897537927394458,6.698468722430347e-05,0.04922257546128134,8.518742449217451e-07,100,0.125
0.99,1.0101010101,0.8,8,0.025,0.02892373308170442,6.649295015242508e-05,0.04913658636372861,1.425094819896069e-06,100,0.125
0.99,1.0101010101,0.9,8,0.025,0.02887748075534683,6.504713137434362e-05,0.04905872105139517,3.758828142397946e-06,100,0.125
0.99,1.0101010101,1,8,0.025,0.02880807190026561,6.374348595790945e-05,0.0490672565002294,7.759737660959313e-05,100,0.25
0.99,1.0101010101,1.1,8,0.025,0.02877703476483464,5.555123872777394e-05,0.04900909750964783,7.81538119983879e-05,100,0.25
0.99,1.0101010101,1.2,8,0.025,0.02875876130841301,4.168943553864824e-05,0.0489672170935661,8.328221806789989e-05,100,0.25
0.99,1.0101010101,1.3,8,0.025,0.02875564283212018,3.279207662206578e-05,0.04894681252942901,0.0001015177758902635,100,0.25
0.99,1.0101010101,1.4,8,0.025,0.02876797186602732,5.861226945974582e-05,0.04895399350943096,0.0001449646304958993,100,0.25
0.99,1.0101010101,1.5,8,0.025,0.02879746836592175,0.0001105704861856134,0.04898629357352588,0.0002168589422028281,100,0.25
0.99,1.0101010101,1.6,8,0.025,0.02884556515079868,0.0001793575178413919,0.04903961934556861,0.0003167809319258096,100,0.25
0.99,1.0101010101,1.7,8,0.025,0.02891120991624271,0.0002641727619893808,0.04910986165501819,0.0004440428374901684,100,0.25
0.99,1.0101010101,1.8,8,0.025,0.02950767062061586,0.0005989663484141773,0.04918408625545627,0.0005987759739573969,100,0.375
0.99,1.0101010101,1.9,8,0.025,0.02962585129553606,0.0006814573949951982,0.04927938128948443,0.0007753628911749243,100,0.375
0.99,1.0101010101,2,8,0.025,0.0297654264869376,0.0007874881998623812,0.04937591578364126,0.0009683604023282631,100,0.375
0.99,1.0101010101,2.1,8,0.025,0.02991127505937436,0.0009037050566713878,0.04945734362458214,0.001166564165537329,100,0.375
0.99,1.0101010101,2.2,8,0.025,0.03004744858431,0.001018466427349388,0.04950795315599902,0.001356791154595775,100,0.375
0.99,1.0101010101,2.3,8,0.025,0.03016308311916688,0.001125691773829727,0.0495132232978962,0.001527992050624922,100,0.375
0.99,1.0101010101,2.4,8,0.025,0.03024524211447698,0.001219981207276871,0.04946911910589862,0.001673154873359234,100,0.375
0.99,1.0101010101,2.5,8,0.025,0.03027719038107099,0.001294710728541392,0.04937450436809737,0.001790655257445907,100,0.375
0.99,1.0101010101,2.6,8,0.025,0.03024518320711786,0.001344694278299294,0.04922564511662772,0.001886074070721214,100,0.375
0.99,1.0101010101,2.7,8,0.025,0.03013821274714041,0.001365583148952241,0.04901890724350253,0.001972945409674892,100,0.375
0.99,1.0101010101,2.8,8,0.025,0.03053794358629666,0.0018485550346848,0.04862927625302145,0.002015485577795128,100,0.625
0.99,1.0101010101,2.9,8,0.025,0.02788749467878152,0.002688305069037249,0.04416482158385789,0.003986550814820545,100,0.75
0.99,1.0101010101,3,8,0.025,0.03260042706943433,0.005305147032862233,0.04319790241315609,0.004013342404461892,100,0.875
0.99,1.0101010101,3.1,8,0.025,0.0326418839447478,0.005258464545102839,0.0435026852968609,0.004038634161086266,100,0.875
0.99,1.0101010101,3.2,8,0.025,0.03255512667501254,0.00522813631406694,0.0439123159057313,0.004045262830137648,100,0.875
0.99,1.0101010101,3.3,8,0.025,0.03236324573354823,0.005125974820544593,0.04435615045050564,0.00405116459829395,100,0.875
0.99,1.0101010101,3.4,8,0.025,0.03209648899686184,0.004930978808020152,0.0447728570492023,0.004066847760394947,100,0.875
0.99,1.0101010101,3.5,8,0.025,0.03174908591639457,0.004688453050283663,0.04512649537831427,0.004085917850583623,100,0.875
0.99,1.0101010101,3.6,8,0.025,0.02820166299907464,0.005561964389947225,0.03943375340557381,0.006731891132509446,100,1
0.99,1.0101010101,3.7,8,0.025,0.02748701768936072,0.005374572817411901,0.03964622686630274,0.006667531623418149,100,1.125
0.99,1.0101010101,3.8,8,0.025,0.02730496679857904,0.004737470079004547,0.03984386304614803,0.006430108047295235,100,1.125
0.99,1.0101010101,3.9,8,0.025,0.02681960890720912,0.004197042002954607,0.03971972655652287,0.006235866232267801,100,1.125
0.99,1.0101010101,4,8,0.025,0.02594227836632506,0.003879315329896085,0.03912441952014365,0.006216672640889633,100,1.125
0.99,1.0101010101,0,16,0.025,0.02948833845319166,0,0.04996164346306375,0,100,0
0.99,1.0101010101,0.1,16,0.025,0.02924796223977388,0.0001721162031784176,0.05005768165774674,0.0002090626946151287,100,0.0625
0.99,1.0101010101,0.2,16,0.025,0.02918129473838545,0.0001715631621192703,0.04994505164438914,0.0002079475135631369,100,0.0625
0.99,1.0101010101,0.3,16,0.025,0.02911593587445253,0.0001713632414891144,0.04983473064077816,0.0002067062681914375,100,0.0625
0.99,1.0101010101,0.4,16,0.025,0.02905197660202013,0.0001716140358710792,0.0497267102624844,0.0002052566341151588,100,0.0625
0.99,1.0101010101,0.5,16,0.025,0.028796710052822,0.0002491396504251165,0.04982600888767159,0.0002794531455530204,100,0.125
0.99,1.0101010101,0.6,16,0.025,0.02873493718187753,0.000249455727330587,0.04972149574206582,0.0002769522807056005,100,0.125
0.99,1.0101010101,0.7,16,0.025,0.02714740823854816,0.001778492691891853,0.04686170481407415,0.002800498046186689,100,0.3125
0.99,1.0101010101,0.8,16,0.025,0.027134410094509,0.001751552884936654,0.04698295609343744,0.002589221016337357,100,0.3125
0.99,1.0101010101,0.9,16,0.025,0.02718113966746584,0.001680209644613449,0.04730151809439585,0.002188178042237936,100,0.3125
0.99,1.0101010101,1,16,0.025,0.02731246968719826,0.001575836977206715,0.04741065658973334,0.002002605164938149,100,0.4375
0.99,1.0101010101,1.1,16,0.025,0.02742596042359396,0.001464234464516518,0.04715585785779106,0.002181960163445066,100,0.4375
0.99,1.0101010101,1.2,16,0.025,0.02754247383428945,0.001361286080537754,0.04679879730428869,0.002474816821730117,100,0.4375
0.99,1.0101010101,1.3,16,0.025,0.02764739456526965,0.001278065175547082,0.04668902648932104,0.002538552032337439,100,0.4375
0.99,1.0101010101,1.4,16,0.025,0.02772974264350143,0.001217657838730805,0.04690867539977238,0.002294474984120125,100,0.4375
0.99,1.0101010101,1.5,16,0.025,0.0277822547515913,0.001181668129843891,0.04724446388813626,0.001951007968893848,100,0.4375
0.99,1.0101010101,1.6,16,0.025,0.02779410716883667,0.001173634672266496,0.04746439123337846,0.001737714705620164,100,0.4375
0.99,1.0101010101,1.7,16,0.025,0.02740884441441857,0.001300022985709229,0.04797087783001833,0.001780303836504974,100,0.5
0.99,1.0101010101,1.8,16,0.025,0.02759827558170534,0.001385797925495802,0.04800341559390673,0.001764315594483206,100,0.5625
0.99,1.0101010101,1.9,16,0.025,0.02752647363425981,0.00143578748138886,0.04810691777946866,0.001693788658665534,100,0.5625
0.99,1.0101010101,2,16,0.025,0.02747450024372844,0.001472244530817543,0.04826017419611635,0.001585777812802585,100,0.5625
0.99,1.0101010101,2.1,16,0.025,0.02744408989306373,0.001489202171097602,0.04837426304430527,0.001519948573401477,100,0.5625
0.99,1.0101010101,2.2,16,0.025,0.02741251568192307,0.00149809750979146,0.04837269816609444,0.00154269643647907,100,0.5625
0.99,1.0101010101,2.3,16,0.025,0.02735520771183736,0.001514250158228054,0.0482272528236516,0.00163777303793342,100,0.5625
0.99,1.0101010101,2.4,16,0.025,0.02709442111827185,0.001527392567642851,0.05000846873361634,0.003339642946444321,100,0.625
0.99,1.0101010101,2.5,16,0.025,0.02698349024567534,0.001562423854029675,0.04964024829444,0.003422982925790204,100,0.625
0.99,1.0101010101,2.6,16,0.025,0.0263043296267093,0.001952824291552846,0.04997791449221591,0.003213261141826124,100,0.6875
0.99,1.0101010101,2.7,16,0.025,0.02625800882271568,0.001908052562234573,0.04967864680135403,0.003087776699389429,100,0.75
0.99,1.0101010101,2.8,16,0.025,0.02648095589360513,0.001983584254681303,0.04909444650636865,0.002999497524890599,100,0.875
0.99,1.0101010101,2.9,16,0.025,0.0252522618913888,0.001993076678511895,0.04650280335292684,0.003419893554362884,100,0.9375
0.99,1.0101010101,3,16,0.025,0.02777009540998739,0.003113095429298831,0.04567835447383901,0.003367310259031696,100,1
0.99,1.0101010101,3.1,16,0.025,0.02799419582514123,0.003033817011704679,0.04545442287755807,0.003253310829783923,100,1
0.99,1.0101010101,3.2,16,0.025,0.02817145904989984,0.002957236874996297,0.04519641128178335,0.003106918622327233,100,1
0.99,1.0101010101,3.3,16,0.025,0.02830426511571658,0.00285251618731288,0.04485835308424167,0.002965590474438616,100,1
0.99,1.0101010101,3.4,16,0.025,0.02811064051047291,0.002784787071035995,0.04304381112250233,0.003239963462365482,100,1.0625
0.99,1.0101010101,3.5,16,0.025,0.02815934242201406,0.002617489291366023,0.04306824564082039,0.003097555780731898,100,1.0625
0.99,1.0101010101,3.6,16,0.025,0.02659916886320974,0.002849707363325505,0.04020396975490858,0.003909485831976608,100,1.125
0.99,1.0101010101,3.7,16,0.025,0.02642862631226888,0.002729818992190144,0.04018056598862781,0.003850017180015138,100,1.1875
0.99,1.0101010101,3.8,16,0.025,0.02650133461213609,0.002419973812493177,0.03997359445220885,0.003772551721252939,100,1.1875
0.99,1.0101010101,3.9,16,0.025,0.02653617753689034,0.002151103555473971,0.03985244777079371,0.003675875638935394,100,1.25
0.99,1.0101010101,4,16,0.025,0.02624809881242822,0.002001699156007884,0.03929345863443058,0.003682057574482013,100,1.25
0.99,1.0101010101,0,32,0.025,0.02948833845319166,0,0.04996164346306371,7.477572812058028e-18,100,0
0.99,1.0101010101,0.1,32,0.025,0.02933402034136311,8.605810158920877e-05,0.04995315031043913,0.0001045313473075644,100,0.03125
0.99,1.0101010101,0.2,32,0.025,0.0284840234072943,0.0007849819721675119,0.04834577063340037,0.00150225990566934,100,0.0625
0.99,1.0101010101,0.3,32,0.025,0.0282863962887937,0.0007732403319857745,0.0484268718938941,0.001507439730226121,100,0.125
0.99,1.0101010101,0.4,32,0.025,0.02826970560987236,0.0007278864663841095,0.04834511072331012,0.001482426949544301,100,0.125
0.99,1.0101010101,0.5,32,0.025,0.02816728836295701,0.0006765601258095561,0.04837510998910815,0.001459191525598782,100,0.1875
0.99,1.0101010101,0.6,32,0.025,0.02817733126595122,0.0006098643833061665,0.04832434103657053,0.001414562411191495,100,0.1875
0.99,1.0101010101,0.7,32,0.025,0.02742751081122352,0.001020586184689984,0.04690819376698241,0.001920776304783948,100,0.28125
0.99,1.0101010101,0.8,32,0.025,0.02757100769203003,0.0009893776959885002,0.04563091636170286,0.002227735827328466,100,0.3125
0.99,1.0101010101,0.9,32,0.025,0.02752601027902623,0.0009442706820521194,0.04734173513750005,0.002670122408676973,100,0.34375
0.99,1.0101010101,1,32,0.025,0.02762116639782193,0.0008694117088152338,0.04761711472836247,0.002547847453136318,100,0.40625
0.99,1.0101010101,1.1,32,0.025,0.02770048254175624,0.0007945645423983135,0.04775633303397112,0.002476749285391692,100,0.40625
0.99,1.0101010101,1.2,32,0.025,0.02777362010237863,0.0007323095305944204,0.04781455763975938,0.002427042360686494,100,0.4375
0.99,1.0101010101,1.3,32,0.025,0.02774063690989825,0.0006924782906826727,0.04804517744093009,0.002328584403619847,100,0.46875
0.99,1.0101010101,1.4,32,0.025,0.02777881526040736,0.000676498027068014,0.04828037510477387,0.002146750048341386,100,0.46875
0.99,1.0101010101,1.5,32,0.025,0.02787097353700134,0.0007117901619674732,0.04839113074058968,0.001960762593997997,100,0.53125
0.99,1.0101010101,1.6,32,0.025,0.02821103744922579,0.0008119244491556983,0.04711166136047664,0.002307182406051538,100,0.5625
0.99,1.0101010101,1.7,32,0.025,0.02727859863512192,0.0009961593713055336,0.04590360302154809,0.002574040148661696,100,0.65625
0.99,1.0101010101,1.8,32,0.025,0.02664626504840174,0.001245876545149666,0.04434274259325992,0.002818802798108789,100,0.71875
0.99,1.0101010101,1.9,32,0.025,0.02652277959442679,0.001260483363829229,0.04432762816813694,0.002695235965823504,100,0.71875
0.99,1.0101010101,2,32,0.025,0.02642131525581092,0.001272943046942334,0.04431671235324109,0.002548181802175674,100,0.71875
0.99,1.0101010101,2.1,32,0.025,0.02636972434674528,0.001269443768543185,0.04430911571827848,0.002394472056951387,100,0.75
0.99,1.0101010101,2.2,32,0.025,0.02593119910234371,0.001390050874591035,0.04500753731180032,0.002010419000542258,100,0.78125
0.99,1.0101010101,2.3,32,0.025,0.02612073654981236,0.001327517155238837,0.04496820653908928,0.001900841150271447,100,0.78125
0.99,1.0101010101,2.4,32,0.025,0.02611421917032896,0.001291913954432281,0.04584046775889493,0.002343455602215476,100,0.8125
0.99,1.0101010101,2.5,32,0.025,0.02704480567129148,0.001780395968734765,0.04673560282816037,0.002745527690073852,100,0.875
0.99,1.0101010101,2.6,32,0.025,0.02662148238475502,0.001872674680734002,0.04547863754023836,0.00294188444700937,100,0.9375
0.99,1.0101010101,2.7,32,0.025,0.02653422258812079,0.001859324043970918,0.04502217112335448,0.002999873223347256,100,1
0.99,1.0101010101,2.8,32,0.025,0.02674546117690369,0.001813648233296425,0.04522477397854819,0.002878741422598545,100,1.09375
0.99,1.0101010101,2.9,32,0.025,0.02528463367496394,0.001838372956954631,0.04334449691353696,0.003102474950831768,100,1.15625
0.99,1.0101010101,3,32,0.025,0.02771615271924791,0.002397844353444339,0.04166235439553331,0.00313813872370693,100,1.28125
0.99,1.0101010101,3.1,32,0.025,0.02795337295641452,0.002305672772668336,0.04146542781619655,0.003063408532018722,100,1.28125
0.99,1.0101010101,3.2,32,0.025,0.02807045522532887,0.002232180523348205,0.04142505490902755,0.002937389028336639,100,1.28125
0.99,1.0101010101,3.3,32,0.025,0.02809091133823339,0.002135688871878609,0.04155962203412843,0.002744258164823175,100,1.28125
0.99,1.0101010101,3.4,32,0.025,0.027870910994337,0.002042048893720225,0.04026339740012965,0.002752058560262034,100,1.375
0.99,1.0101010101,3.5,32,0.025,0.02797745849820339,0.00186246155045924,0.04056178354697948,0.002546727835261671,100,1.375
0.99,1.0101010101,3.6,32,0.025,0.02731186170324624,0.001836977142197422,0.03923570464969363,0.00266516692052312,100,1.40625
0.99,1.0101010101,3.7,32,0.025,0.02727141007692201,0.001711637441031321,0.03920744497147267,0.002572912134420408,100,1.4375
0.99,1.0101010101,3.8,32,0.025,0.02723768781936494,0.001533004734283758,0.03899206088571693,0.002507520722287263,100,1.46875
0.99,1.0101010101,3.9,32,0.025,0.02717370873448197,0.001372911314466208,0.03885388764975271,0.00241969428813483,100,1.5
0.99,1.0101010101,4,32,0.025,0.02697505590906072,0.001275740869134556,0.03838230051322734,0.002365185850853416,100,1.53125
0.99,1.0101010101,0,64,0.025,0.02948833845319166,0,0.04996164346306377,2.622655377657235e-18,100,0
0.99,1.0101010101,0.1,64,0.025,0.02895654524691649,0.0004499247640343512,0.05059281191466102,0.0007056737193868516,100,0.0625
0.99,1.0101010101,0.2,64,0.025,0.02826838643834269,0.001024695959731512,0.04957645915537608,0.001435265348703958,100,0.140625
0.99,1.0101010101,0.3,64,0.025,0.02824732813179274,0.001000744020490447,0.04905553906388669,0.001565890399013909,100,0.203125
0.99,1.0101010101,0.4,64,0.025,0.02829942441422246,0.0009602874082044478,0.04904210284761791,0.001528017675621137,100,0.203125
0.99,1.0101010101,0.5,64,0.025,0.02830553714818169,0.000911571027863761,0.0489808099402637,0.001497207284947358,100,0.234375
0.99,1.0101010101,0.6,64,0.025,0.02853243451707848,0.0008768939310349091,0.0490326073774121,0.001479974535941333,100,0.25
0.99,1.0101010101,0.7,64,0.025,0.02766292644490703,0.001018611632522828,0.04753779466501686,0.001711695577255505,100,0.328125
0.99,1.0101010101,0.8,64,0.025,0.02763337657746626,0.0009577512641799576,0.04701122509787214,0.001716431254041717,100,0.359375
0.99,1.0101010101,0.9,64,0.025,0.02754466981879092,0.0008914299547827676,0.04795505594741607,0.001768067641809938,100,0.375
0.99,1.0101010101,1,64,0.025,0.02752047813774903,0.0008208815709862817,0.04804774968605345,0.001662214108381468,100,0.40625
0.99,1.0101010101,1.1,64,0.025,0.02705168169078671,0.0008522460964398486,0.04731709447959941,0.001742298249188874,100,0.4375
0.99,1.0101010101,1.2,64,0.025,0.02709741833659392,0.0008662508287465257,0.04634419869701083,0.001809763197163435,100,0.46875
0.99,1.0101010101,1.3,64,0.025,0.02699241172770302,0.000834647284965126,0.04638216998298556,0.001691228519717257,100,0.5
0.99,1.0101010101,1.4,64,0.025,0.02691641856954472,0.0008159933358073326,0.04653614023304394,0.001518863316809656,100,0.515625
0.99,1.0101010101,1.5,64,0.025,0.02691800016002332,0.0008142537696352211,0.04649437686486938,0.001407503567116119,100,0.5625
0.99,1.0101010101,1.6,64,0.025,0.0277141053201046,0.0008314228983658711,0.04612419796300183,0.001714072682548767,100,0.609375
0.99,1.0101010101,1.7,64,0.025,0.02677966650350511,0.0009379443394424038,0.04510597100884154,0.001795332820670837,100,0.671875
0.99,1.0101010101,1.8,64,0.025,0.02628822351063778,0.001011055952295468,0.04389500633766017,0.00185388538023497,100,0.734375
0.99,1.0101010101,1.9,64,0.025,0.02617147467531566,0.0009796312675863683,0.0437463756782869,0.001734724037343049,100,0.734375
0.99,1.0101010101,2,64,0.025,0.0261682383532079,0.0009731104538032762,0.04300365249955817,0.001734171821020224,100,0.765625
0.99,1.0101010101,2.1,64,0.025,0.02588792916903286,0.0009326710416946599,0.04259052765329237,0.00170559821452807,100,0.796875
0.99,1.0101010101,2.2,64,0.025,0.02604543552423657,0.0009993276514428176,0.04373630961057063,0.001720157897376576,100,0.859375
0.99,1.0101010101,2.3,64,0.025,0.02616890221909791,0.0009776637216124416,0.04370359370542336,0.001656659250928239,100,0.890625
0.99,1.0101010101,2.4,64,0.025,0.02623510680587526,0.0009146016333789694,0.04417860703640362,0.001770242409588608,100,0.921875
0.99,1.0101010101,2.5,64,0.025,0.026633503414357,0.0010685310315008,0.04501079059069534,0.00181465267348102,100,0.96875
0.99,1.0101010101,2.6,64,0.025,0.02649285679476288,0.001092370864551047,0.04439398136000099,0.001864988266439211,100,1
0.99,1.0101010101,2.7,64,0.025,0.026461395162713,0.001086685133732401,0.04420756520178359,0.001873414438001113,100,1.046875
0.99,1.0101010101,2.8,64,0.025,0.02673579147460706,0.001068487764532836,0.04425281001004299,0.001807715995456682,100,1.109375
0.99,1.0101010101,2.9,64,0.025,0.02664983420804255,0.001122083405655742,0.04310496736422199,0.001879603136604027,100,1.15625
0.99,1.0101010101,3,64,0.025,0.02776878029346639,0.001422380350306575,0.04226072768988899,0.00212205591399595,100,1.265625
0.99,1.0101010101,3.1,64,0.025,0.027906963389096,0.001488481033511369,0.04101482356243039,0.002025751977178764,100,1.328125
0.99,1.0101010101,3.2,64,0.025,0.02783283862718009,0.001435029648574555,0.04104877554273,0.001898757954555194,100,1.375
0.99,1.0101010101,3.3,64,0.025,0.0277592129025962,0.001373188431541558,0.04102826827822808,0.001775465711927964,100,1.375
0.99,1.0101010101,3.4,64,0.025,0.02808701386027983,0.001444284146993001,0.0399967098677291,0.001754226680942977,100,1.453125
0.99,1.0101010101,3.5,64,0.025,0.02794867127513267,0.001369272616678967,0.03972550622917436,0.001696753147347012,100,1.46875
0.99,1.0101010101,3.6,64,0.025,0.02707067905237757,0.001391990612930379,0.03796129088684372,0.001821344457935959,100,1.515625
0.99,1.0101010101,3.7,64,0.025,0.02684927902135137,0.00133195081213313,0.03777330242012676,0.001748264153672778,100,1.546875
0.99,1.0101010101,3.8,64,0.025,0.02654939082696139,0.001279430223686406,0.0370485509230405,0.001756099306222284,100,1.578125
0.99,1.0101010101,3.9,64,0.025,0.02640945931646895,0.001221345937177439,0.03687185672273648,0.00169115833997212,100,1.609375
0.99,1.0101010101,4,64,0.025,0.02608499029428899,0.0011596749324606,0.03648957912617259,0.001641941888211317,100,1.625
0.99,1.0101010101,0,128,0.025,0.02948833845319168,2.155045435822954e-18,0.04996164346306375,6.157272673779869e-19,100,0
0.99,1.0101010101,0.1,128,0.025,0.03002994435208863,0.0005359507024250093,0.04971130792884489,0.0005267031009836723,100,0.0625
0.99,1.0101010101,0.2,128,0.025,0.02961512799412098,0.0007211920272907284,0.04851039669971667,0.0009505990183325141,100,0.1484375
0.99,1.0101010101,0.3,128,0.025,0.02963566048882197,0.0007970038552452734,0.0483208106105821,0.0009840363056824485,100,0.203125
0.99,1.0101010101,0.4,128,0.025,0.02961423298017759,0.0007893879816330232,0.04831960003191503,0.0009491492462759368,100,0.234375
0.99,1.0101010101,0.5,128,0.025,0.0295328289533965,0.0007669583184244632,0.04824982288630916,0.0009251693110990163,100,0.25
0.99,1.0101010101,0.6,128,0.025,0.02894274344471824,0.0008206920486769256,0.04825593275684322,0.001053285379120486,100,0.3046875
0.99,1.0101010101,0.7,128,0.025,0.02841722850029346,0.0008406142487167986,0.04746840590175864,0.001128793631843868,100,0.359375
0.99,1.0101010101,0.8,128,0.025,0.02830341175541705,0.0007943139255163605,0.04717165670156399,0.001112454212801599,100,0.3828125
0.99,1.0101010101,0.9,128,0.025,0.02841249151466268,0.0008018679516776589,0.04773609777062889,0.001131207908398335,100,0.4140625
0.99,1.0101010101,1,128,0.025,0.02875269118233143,0.0008663309881202013,0.04745868592937831,0.001089757325296054,100,0.46875
0.99,1.0101010101,1.1,128,0.025,0.02838658972168195,0.0008514236034558188,0.04699700639903977,0.001103280667699769,100,0.484375
0.99,1.0101010101,1.2,128,0.025,0.02800408023833434,0.0008497491206128061,0.04573275881984507,0.001205693201600118,100,0.5234375
0.99,1.0101010101,1.3,128,0.025,0.02780911118779725,0.0008082249530462654,0.04566411621448015,0.001139366833990402,100,0.5390625
0.99,1.0101010101,1.4,128,0.025,0.0276511545457888,0.0007685463965989547,0.04561436154109349,0.001049445452464565,100,0.5546875
0.99,1.0101010101,1.5,128,0.025,0.02733608508255778,0.0007797388505656523,0.04520578780895598,0.001082474139428874,100,0.640625
0.99,1.0101010101,1.6,128,0.025,0.02759969263565176,0.0007595219222627416,0.04467694842778223,0.001202780164084436,100,0.6875
0.99,1.0101010101,1.7,128,0.025,0.02706960344477689,0.0007659294744425603,0.04407000916693934,0.001208484820865451,100,0.734375
0.99,1.0101010101,1.8,128,0.025,0.02667171932139941,0.0007603842455676833,0.04302001956731968,0.001251382714677235,100,0.7734375
0.99,1.0101010101,1.9,128,0.025,0.02620803513336622,0.000733888723149153,0.04317364639189165,0.001356291590662825,100,0.8046875
0.99,1.0101010101,2,128,0.025,0.02567055406916663,0.0007419528399699312,0.04240906839155404,0.001353657471523219,100,0.8515625
0.99,1.0101010101,2.1,128,0.025,0.02545826559411696,0.0007187499438353465,0.0418690136423706,0.001362226739432592,100,0.90625
0.99,1.0101010101,2.2,128,0.025,0.02557437362807693,0.0007199424328196734,0.04238214161113941,0.001331023129079335,100,0.9453125
0.99,1.0101010101,2.3,128,0.025,0.02522028035322375,0.00073749569200246,0.04149367556349109,0.00134890929862613,100,0.9765625
0.99,1.0101010101,2.4,128,0.025,0.0255938916975358,0.000794634058722033,0.04109084084040158,0.00139671015737026,100,1.03125
0.99,1.0101010101,2.5,128,0.025,0.02577540925406864,0.0008604635051498832,0.04096261140000687,0.00142127484029841,100,1.0859375
0.99,1.0101010101,2.6,128,0.025,0.02585475572960566,0.0008650558731756906,0.04060925029964426,0.001390098801828041,100,1.1171875
0.99,1.0101010101,2.7,128,0.025,0.0259370801302781,0.000852995473951841,0.04045275268240001,0.001349929537561066,100,1.1640625
0.99,1.0101010101,2.8,128,0.025,0.02654583298698568,0.0008875703338756837,0.04032976118001844,0.001286067077884614,100,1.2109375
0.99,1.0101010101,2.9,128,0.025,0.02655371984657327,0.0008952012248161891,0.03922984211708233,0.001334819039344586,100,1.28125
0.99,1.0101010101,3,128,0.025,0.02693366788363296,0.001004857296845925,0.03827503261912091,0.001433293437996513,100,1.375
0.99,1.0101010101,3.1,128,0.025,0.02698903258252965,0.001018561154969406,0.03766304952884535,0.001367274024627824,100,1.421875
0.99,1.0101010101,3.2,128,0.025,0.02693459678081357,0.0009842557181933928,0.03758568966733835,0.001309857298810164,100,1.4453125
0.99,1.0101010101,3.3,128,0.025,0.02693361667640586,0.0009477539614680087,0.03738990238930293,0.001261698907460436,100,1.453125
0.99,1.0101010101,3.4,128,0.025,0.02737874103606671,0.00100400932500999,0.03623882412933786,0.001345490165735961,100,1.5234375
0.99,1.0101010101,3.5,128,0.025,0.02715546860046283,0.0009594598215793065,0.03560817388877559,0.001329836381294102,100,1.5546875
0.99,1.0101010101,3.6,128,0.025,0.0264963756707553,0.0009452136120153276,0.03479009673272019,0.001322139195800899,100,1.578125
0.99,1.0101010101,3.7,128,0.025,0.02622078792287173,0.0008960156920631181,0.03513066159563372,0.001261828490434231,100,1.6484375
0.99,1.0101010101,3.8,128,0.025,0.02575948291449198,0.0008689616144456212,0.03491488997568588,0.001237238092889138,100,1.6875
0.99,1.0101010101,3.9,128,0.025,0.02551627435929559,0.0008348098538670539,0.03480424078449375,0.001197282295132289,100,1.71875
0.99,1.0101010101,4,128,0.025,0.02517441601737596,0.0007911394256897036,0.03452145410287482,0.001156098669852561,100,1.7265625
0.99,1.0101010101,0,256,0.025,0.02948833845319165,6.517955873834054e-19,0.04996164346306375,4.34530391588937e-19,100,0
0.99,1.0101010101,0.1,256,0.025,0.02969575153660678,0.0003215030784722788,0.0497870291591233,0.0003708358524942206,100,0.06640625
0.99,1.0101010101,0.2,256,0.025,0.02954885919134408,0.0004032551348993498,0.04874922886633232,0.0006016051447417273,100,0.125
0.99,1.0101010101,0.3,256,0.025,0.02930663850026129,0.0004586158494506133,0.04816016289168531,0.0006831292038481884,100,0.171875
0.99,1.0101010101,0.4,256,0.025,0.02902141008742959,0.0004874704017066126,0.04740609123340507,0.0007404728943080333,100,0.2109375
0.99,1.0101010101,0.5,256,0.025,0.02906184138799875,0.000489948016529884,0.04726275931834471,0.0007303283075848808,100,0.23828125
0.99,1.0101010101,0.6,256,0.025,0.02877361549263548,0.0005317031811512458,0.04697814761927432,0.0007894922959281923,100,0.28125
0.99,1.0101010101,0.7,256,0.025,0.02844294086569127,0.0005765136945987292,0.04657307962990072,0.000829762204041121,100,0.34765625
0.99,1.0101010101,0.8,256,0.025,0.02855617198642231,0.00057165420205119,0.04622384200945715,0.0008169400152667881,100,0.39453125
0.99,1.0101010101,0.9,256,0.025,0.02853431506759493,0.0005780465334378017,0.04607153677103992,0.0008014632867627327,100,0.43359375
0.99,1.0101010101,1,256,0.025,0.02849963237626811,0.0006003375697293051,0.04585980147605216,0.0007789620205836882,100,0.484375
0.99,1.0101010101,1.1,256,0.025,0.02856203061062753,0.0006238357565405829,0.04586315713495207,0.0007810873823930182,100,0.515625
0.99,1.0101010101,1.2,256,0.025,0.02889921431232874,0.0007145189737332104,0.04482825157260733,0.0008472596358055629,100,0.5546875
0.99,1.0101010101,1.3,256,0.025,0.02879482163086254,0.0006692239759278068,0.04494152336645579,0.0008178392036861559,100,0.5859375
0.99,1.0101010101,1.4,256,0.025,0.02858209555374046,0.0006322717072759939,0.0450084383640608,0.0007709898532829471,100,0.609375
0.99,1.0101010101,1.5,256,0.025,0.02833742420447421,0.0006091251865097754,0.04482811043751134,0.0007863563758798305,100,0.671875
0.99,1.0101010101,1.6,256,0.025,0.02840648575415941,0.0005718698928871782,0.04461348842540037,0.0008097604315954257,100,0.71484375
0.99,1.0101010101,1.7,256,0.025,0.02796262432904056,0.0005759781988047021,0.04415291168940253,0.0008395132872028411,100,0.76171875
0.99,1.0101010101,1.8,256,0.025,0.02756157778334123,0.0005705882405805795,0.04315320865150849,0.000874857966382877,100,0.80859375
0.99,1.0101010101,1.9,256,0.025,0.02681976580171219,0.0005803209208360666,0.04302915762476339,0.0009432407720688993,100,0.8515625
0.99,1.0101010101,2,256,0.025,0.02612483973210486,0.0006004368366406208,0.04254174802606651,0.000959771383346958,100,0.8984375
0.99,1.0101010101,2.1,256,0.025,0.02582585595379794,0.0005942045674903036,0.04161255560226107,0.0009744785157543638,100,0.97265625
0.99,1.0101010101,2.2,256,0.025,0.02588822602788702,0.0005736279445159101,0.04163259328243536,0.0009550496856787998,100,1.00390625
0.99,1.0101010101,2.3,256,0.025,0.0260288160918547,0.0006149089942234023,0.04078108963951641,0.0009652524880784649,100,1.05078125
0.99,1.0101010101,2.4,256,0.025,0.02597542890672617,0.0006334397967461911,0.04037709074447467,0.0009690763774574123,100,1.109375
0.99,1.0101010101,2.5,256,0.025,0.02586164459979338,0.0006362070433318571,0.04050482663924999,0.0009789955962158944,100,1.16796875
0.99,1.0101010101,2.6,256,0.025,0.0257368286201213,0.0006252913627781867,0.04020107424973123,0.0009847330788464168,100,1.19921875
0.99,1.0101010101,2.7,256,0.025,0.02577181082299488,0.00061030253142525,0.04029821615268107,0.0009947050771433594,100,1.234375
0.99,1.0101010101,2.8,256,0.025,0.02608997040423924,0.0006087993603405862,0.04001385788467252,0.000954609631139149,100,1.2734375
0.99,1.0101010101,2.9,256,0.025,0.0258730744444369,0.0006150201352112157,0.03935465758351391,0.0009517017989655272,100,1.33203125
0.99,1.0101010101,3,256,0.025,0.02588010255130581,0.0006532887520424628,0.03878771780243721,0.0009670013696170114,100,1.40625
0.99,1.0101010101,3.1,256,0.025,0.02567542384216881,0.0006619601105750991,0.03816253354218308,0.0009305582143837422,100,1.44140625
0.99,1.0101010101,3.2,256,0.025,0.02550313102798125,0.0006393740953337505,0.0379537293819588,0.0008913089668136198,100,1.46484375
0.99,1.0101010101,3.3,256,0.025,0.02553879786189566,0.0006281322102440107,0.03750732119106064,0.0008939956639379877,100,1.48828125
0.99,1.0101010101,3.4,256,0.025,0.02580255315383289,0.0006484376289861421,0.0368513090161629,0.0009285741455818284,100,1.54296875
0.99,1.0101010101,3.5,256,0.025,0.02589269240095182,0.0006425468332968974,0.0362767176910985,0.0009207139421740913,100,1.6171875
0.99,1.0101010101,3.6,256,0.025,0.02540669055632473,0.0006046875739328967,0.03564806821103322,0.0009116419966390937,100,1.65234375
0.99,1.0101010101,3.7,256,0.025,0.02523685189690145,0.0005847120212164528,0.03550155102461034,0.0008907059853348694,100,1.69921875
0.99,1.0101010101,3.8,256,0.025,0.0249872584103144,0.0005733561392674031,0.03508022920369963,0.0008835241825632521,100,1.7265625
0.99,1.0101010101,3.9,256,0.025,0.02490156963249809,0.0005517435671228209,0.03493334105474588,0.0008754850854316951,100,1.7578125
0.99,1.0101010101,4,256,0.025,0.0246634366351014,0.0005247983994628608,0.03468248535934484,0.0008556984684240779,100,1.76953125
1,1,0,4,0.025,0.03867330414515011,0,0.0398130156369773,0,100,0
1,1,0.1,4,0.025,0.03858375379769092,0,0.03972384411182065,0,100,0
1,1,0.2,4,0.025,0.03849555285477068,0,0.03963606825639103,0,100,0
1,1,0.3,4,0.025,0.03840925660086626,0,0.03955054302087185,0,100,0
1,1,0.4,4,0.025,0.03832482200277541,0,0.03946707722659839,0,100,0
1,1,0.5,4,0.025,0.03824218612159017,0,0.03938523315945082,0,100,0
1,1,0.6,4,0.025,0.03816236882583542,0,0.03930597399116865,0,100,0
1,1,0.7,4,0.025,0.03801454045642882,7.267936491326191e-05,0.03917070843094776,6.075890092022487e-05,100,0.25
1,1,0.8,4,0.025,0.03794656905823134,7.12633040219398e-05,0.03910351197501662,5.963782145119306e-05,100,0.25
1,1,0.9,4,0.025,0.03788755950246828,6.643803210275821e-05,0.03904534557197993,5.525442615688867e-05,100,0.25
1,1,1,4,0.025,0.03784083915247863,5.430486886600847e-05,0.03899894245707426,4.379030384949259e-05,100,0.25
1,1,1.1,4,0.025,0.03781276711283195,2.863235881593075e-05,0.0389673641058296,2.217519176741546e-05,100,0.25
1,1,1.2,4,0.025,0.03781188743276423,1.820485069000712e-05,0.03895656958329743,1.424589067882016e-05,100,0.25
1,1,1.3,4,0.025,0.03784556624628846,9.275226039623732e-05,0.03897713022710046,7.489144140485071e-05,100,0.25
1,1,1.4,4,0.025,0.03791663280296775,0.0001976689978422964,0.03904068791400064,0.0001715752433510877,100,0.25
1,1,1.5,4,0.025,0.03802826587990898,0.0003361768856090068,0.03915033408428994,0.0003078098162573352,100,0.25
1,1,1.6,4,0.025,0.0381816859520404,0.0005092611749109108,0.03930515729269463,0.0004825962032534731,100,0.25
1,1,1.7,4,0.025,0.03837743278657466,0.0007172582489437789,0.03950500281168217,0.0006954246052783292,100,0.25
1,1,1.8,4,0.025,0.03984427654204856,0.001283109180660595,0.0396715156363824,0.0009748605595530488,100,0.5
1,1,1.9,4,0.025,0.04017964812395846,0.001457588757466295,0.03995792793300038,0.001254668443684365,100,0.5
1,1,2,4,0.025,0.04057290766029224,0.001680061664099533,0.04027267342064424,0.001546823708473641,100,0.5
1,1,2.1,4,0.025,0.0409890593787396,0.001916367752536283,0.04059368775395478,0.001823969592246696,100,0.5
1,1,2.2,4,0.025,0.04139068273174255,0.002137591559964111,0.04089817751884009,0.002054332785534733,100,0.5
1,1,2.3,4,0.025,0.0417482930139426,0.002326182579960151,0.0411609728201404,0.002210529800143107,100,0.5
1,1,2.4,4,0.025,0.04203579213662208,0.002469721156956092,0.04137219966785453,0.002270086220588464,100,0.5
1,1,2.5,4,0.025,0.04222112503106151,0.0025537507931296,0.04152505893067925,0.002219574381640864,100,0.5
1,1,2.6,4,0.025,0.04226844310762926,0.00256390248911354,0.04160550189778468,0.00205567254976401,100,0.5
1,1,2.7,4,0.025,0.04214376467061929,0.002490523678780946,0.04160252868134914,0.001790968206335165,100,0.5
1,1,2.8,4,0.025,0.04319262925093652,0.003506316658702909,0.04105838862745774,0.001416872233787694,100,0.75
1,1,2.9,4,0.025,0.03532023114796768,0.008275077652141577,0.03457710246487936,0.005648724272712911,100,1
1,1,3,4,0.025,0.04607542806082909,0.01343548046545559,0.03313766738092568,0.00547799724976318,100,1.25
1,1,3.1,4,0.025,0.04621940563461718,0.01320826259269753,0.03396521900624275,0.005404285406369039,100,1.25
1,1,3.2,4,0.025,0.0460368856273813,0.01307535160529349,0.03493847300386085,0.005271410253624804,100,1.25
1,1,3.3,4,0.025,0.04559962632973319,0.0127559686891791,0.03593827750820344,0.005105896987222761,100,1.25
1,1,3.4,4,0.025,0.04498726307211207,0.01215836212211332,0.03686796858928934,0.004932178704402377,100,1.25
1,1,3.5,4,0.025,0.04419642744789642,0.01141923381161707,0.03767872757228578,0.004749401265762279,100,1.25
1,1,3.6,4,0.025,0.04315237091258171,0.01069267650605808,0.03833463490297631,0.004536953283323554,100,1.25
1,1,3.7,4,0.025,0.04180359735506242,0.009960372578185892,0.03877512212358614,0.004283469927148997,100,1.25
1,1,3.8,4,0.025,0.04020010521592297,0.009079118034679527,0.03892391815040443,0.003998435911537431,100,1.25
1,1,3.9,4,0.025,0.0384839560674453,0.007969172240322684,0.03874926321415305,0.003710529289048003,100,1.25
1,1,4,4,0.025,0.03681472144433681,0.006712861163728543,0.03829672169849126,0.003449066778305117,100,1.25
1,1,0,8,0.025,0.03867330414515011,0,0.0398130156369773,2.622655377657235e-18,100,0
1,1,0.1,8,0.025,0.03858375379769092,0,0.03972384411182065,0,100,0
1,1,0.2,8,0.025,0.03849555285477068,0,0.03963606825639104,2.622655377657235e-18,100,0
1,1,0.3,8,0.025,0.03840925660086626,0,0.03955054302087185,0,100,0
1,1,0.4,8,0.025,0.03832482200277542,2.622655377657235e-18,0.03946707722659839,0,100,0
1,1,0.5,8,0.025,0.03824218612159017,0,0.03938523315945081,2.622655377657235e-18,100,0
1,1,0.6,8,0.025,0.03816236882583541,2.622655377657235e-18,0.03930597399116865,0,100,0
1,1,0.7,8,0.025,0.03805088013888546,3.633968245663095e-05,0.03920108788140788,3.037945046011243e-05,100,0.125
1,1,0.8,8,0.025,0.0379822007102423,3.563165201096991e-05,0.03913333088574222,2.981891072559652e-05,100,0.125
1,1,0.9,8,0.025,0.03792077851851965,3.321901605137911e-05,0.03907297278505837,2.762721307844433e-05,100,0.125
1,1,1,8,0.025,0.03785719003488809,2.775124369440404e-05,0.03907176451596439,5.823687767117628e-05,100,0.25
1,1,1.1,8,0.025,0.0378159641224619,1.682580690883873e-05,0.0390290126795222,5.328713352497466e-05,100,0.25
1,1,1.2,8,0.025,0.0377906276949565,1.619480874724735e-05,0.03899885671597351,4.890333694250972e-05,100,0.25
1,1,1.3,8,0.025,0.03778399999782596,5.082085317209551e-05,0.03898629732752947,5.546383414546407e-05,100,0.25
1,1,1.4,8,0.025,0.0377974085892339,0.0001037293215353471,0.03899589574781574,8.963991344208093e-05,100,0.25
1,1,1.5,8,0.025,0.03783233550951737,0.000174258467824195,0.03902684972407126,0.0001525596698747463,100,0.25
1,1,1.6,8,0.025,0.03789028668637147,0.0002624188480342218,0.03907622370784177,0.0002398441508908567,100,0.25
1,1,1.7,8,0.025,0.03797105568621281,0.0003684931975384709,0.0391418188106808,0.000350257442405768,100,0.25
1,1,1.8,8,0.025,0.03868660912749413,0.0007400464273772216,0.03918254943858852,0.0004903102721788967,100,0.375
1,1,1.9,8,0.025,0.03883394271241256,0.0008485748025518216,0.03927312619684061,0.0006436826466805478,100,0.375
1,1,2,8,0.025,0.03900620367644324,0.0009830708711130874,0.03936479156887708,0.0008107424225969535,100,0.375
1,1,2.1,8,0.025,0.03918471096683455,0.001127488393835517,0.03944343500978972,0.0009808904403996444,100,0.375
1,1,2.2,8,0.025,0.0393487132234142,0.001268027222384414,0.03949592521032321,0.001142638513976915,100,0.375
1,1,2.3,8,0.025,0.03948111267824281,0.001396460230223028,0.03951053815313173,0.001286354797911403,100,0.375
1,1,2.4,8,0.025,0.03956686813800887,0.001507202564722095,0.0394852597597599,0.001406031174056746,100,0.375
1,1,2.5,8,0.025,0.03958786733468259,0.0015939720415615,0.03942025789865285,0.00150067022867777,100,0.375
1,1,2.6,8,0.025,0.03952586028268486,0.001650300885403671,0.0393116047929985,0.001574480524198409,100,0.375
1,1,2.7,8,0.025,0.03936493835709223,0.001672206632755735,0.03915724366720951,0.001637965327091559,100,0.375
1,1,2.8,8,0.025,0.03975780680724156,0.002200653173836953,0.03878189019955714,0.001651387399593736,100,0.625
1,1,2.9,8,0.025,0.03569857925918013,0.003928764232031402,0.03539560444787872,0.002985151432363558,100,0.75
1,1,3,8,0.025,0.04094180158335084,0.006592687084952849,0.03454204205938197,0.003021113093674387,100,0.875
1,1,3.1,8,0.025,0.04087054943503786,0.006544111637205242,0.03483896352113514,0.003034398508589839,100,0.875
1,1,3.2,8,0.025,0.04063349980958472,0.006523146585086828,0.03522678285933616,0.003033247149122807,100,0.875
1,1,3.3,8,0.025,0.04027222791353959,0.006410665921517591,0.03564273471866603,0.003031613509887471,100,0.875
1,1,3.4,8,0.025,0.03983059778902052,0.006172825181477947,0.0360335559739553,0.00303723163253929,100,0.875
1,1,3.5,8,0.025,0.03930716172405571,0.005869759126191843,0.03637155670162859,0.003044316246776995,100,0.875
1,1,3.6,8,0.025,0.03448237224150989,0.006979819352263494,0.03187679039760812,0.005287604267540707,100,1
1,1,3.7,8,0.025,0.03362036137894245,0.006694464639729881,0.03210104744310888,0.005227663920520691,100,1.125
1,1,3.8,8,0.025,0.03331295247858262,0.005938714608355029,0.03231130125250085,0.005020792400828444,100,1.125
1,1,3.9,8,0.025,0.03263155375936326,0.005311323026423165,0.03226127991456445,0.004851318004112778,100,1.125
1,1,4,8,0.025,0.03147529548364879,0.004954578624577598,0.03183599708351827,0.004835200612942674,100,1.125
1,1,0,16,0.025,0.03867330414515012,3.583229404124381e-18,0.0398130156369773,0,100,0
1,1,0.1,16,0.025,0.03838493734666386,0.0001988164510270678,0.03993761479347586,0.0002137706816552069,100,0.0625
1,1,0.2,16,0.025,0.03829742666279686,0.0001981261919738177,0.03984866031998959,0.0002125920635985623,100,0.0625
1,1,0.3,16,0.025,0.03821140359343445,0.0001978530074318004,0.03976179708912732,0.0002112540682554809,100,0.0625
1,1,0.4,16,0.025,0.03812665627703814,0.000198165725737276,0.03967679624799136,0.0002097190213929721,100,0.0625
1,1,0.5,16,0.025,0.03782122592334599,0.0002880371871002856,0.03980389471785922,0.0002860110651446344,100,0.125
1,1,0.6,16,0.025,0.03774057028963896,0.0002884973378217421,0.03972057322189024,0.0002832511187079692,100,0.125
1,1,0.7,16,0.025,0.03565505687759182,0.00232517915364571,0.03745950314018702,0.002193823960813969,100,0.3125
1,1,0.8,16,0.025,0.03563591263109157,0.002291026301512638,0.03756407242864065,0.002017278831078054,100,0.3125
1,1,0.9,16,0.025,0.03569294331120877,0.002200999992112319,0.03783461509075945,0.00168262564872445,100,0.3125
1,1,1,16,0.025,0.03589070414789394,0.002071140918827413,0.03788874889463391,0.001520846645313697,100,0.4375
1,1,1.1,16,0.025,0.03603200868305732,0.001930901414197011,0.03767843915814838,0.001670033260808429,100,0.4375
1,1,1.2,16,0.025,0.03617502398951634,0.001802084400761489,0.03738068740939883,0.001915043204572353,100,0.4375
1,1,1.3,16,0.025,0.03630048296467976,0.001699445362081888,0.03728902498094377,0.001970121330953157,100,0.4375
1,1,1.4,16,0.025,0.03639622446264737,0.001627447923150173,0.03747138779072694,0.001769176650070696,100,0.4375
1,1,1.5,16,0.025,0.03645280587698077,0.00158647940806025,0.03774973730313184,0.001485251186038316,100,0.4375
1,1,1.6,16,0.025,0.03645732984496335,0.001579405391398756,0.03793273526862753,0.001309141781320232,100,0.4375
1,1,1.7,16,0.025,0.03598151725157422,0.001718284470659699,0.03845417697087489,0.001387808588022957,100,0.5
1,1,1.8,16,0.025,0.03619324805002878,0.0018242243077595,0.03847062751783321,0.001374736156922627,100,0.5625
1,1,1.9,16,0.025,0.03609084354526478,0.001890562926316468,0.03856007824559853,0.001320965495458393,100,0.5625
1,1,2,16,0.025,0.03600923739625693,0.001936951452099718,0.03868949305671401,0.001240730158664253,100,0.5625
1,1,2.1,16,0.025,0.03595189872354715,0.00195498237823356,0.03878760017120311,0.001195999367354471,100,0.5625
1,1,2.2,16,0.025,0.03588993605958008,0.001960765726940089,0.03879260907366487,0.001220375981701818,100,0.5625
1,1,2.3,16,0.025,0.03578880781114009,0.001976902299634731,0.03868083889733365,0.001298578464799924,100,0.5625
1,1,2.4,16,0.025,0.03545326842773389,0.001997489064464368,0.040151721575889,0.002714025348783328,100,0.625
1,1,2.5,16,0.025,0.03527387179909015,0.002045199046510867,0.03985211771195234,0.002768433466215996,100,0.625
1,1,2.6,16,0.025,0.03436947960341895,0.002554702110117906,0.04019083287037982,0.002595843067689652,100,0.6875
1,1,2.7,16,0.025,0.03426214283504965,0.002504256395705836,0.0399697445602886,0.002489159974005357,100,0.75
1,1,2.8,16,0.025,0.0344278645922762,0.002585818600063463,0.03948139992146545,0.002405548865800721,100,0.875
1,1,2.9,16,0.025,0.03245959119494158,0.002766452141362929,0.03751800825288178,0.002679359561916924,100,0.9375
1,1,3,16,0.025,0.0352264519189433,0.003911753681063921,0.03684376010889091,0.002632599589178134,100,1
1,1,3.1,16,0.025,0.03538958546428222,0.003821911822869791,0.03672146901374738,0.002519879260768205,100,1
1,1,3.2,16,0.025,0.03548890576018419,0.003739311818884415,0.03657391659065192,0.002376178661320904,100,1
1,1,3.3,16,0.025,0.03553110891429805,0.003622759774548188,0.03635560389710577,0.002232868874224712,100,1
1,1,3.4,16,0.025,0.03526597980666812,0.003522087141182535,0.03536035404195229,0.002251443769366901,100,1.0625
1,1,3.5,16,0.025,0.03521494595723451,0.003328731389372222,0.03544953549168986,0.002134478927745345,100,1.0625
1,1,3.6,16,0.025,0.03298577436007421,0.003646938183155016,0.03320001612857965,0.002939162441136592,100,1.125
1,1,3.7,16,0.025,0.03269346038860255,0.003494815682678601,0.03323114405613035,0.002883535544963906,100,1.1875
1,1,3.8,16,0.025,0.03263754430796608,0.003149254914587097,0.03313735822624155,0.002786568939062739,100,1.1875
1,1,3.9,16,0.025,0.03249976673886991,0.002843173373684842,0.03311733331969659,0.002676983336938911,100,1.25
1,1,4,16,0.025,0.03196723232596013,0.002688580527448283,0.03270373543152725,0.002682357937450816,100,1.25
1,1,0,32,0.025,0.03867330414515012,2.49252427068601e-18,0.0398130156369773,1.246262135343005e-18,100,0
1,1,0.1,32,0.025,0.03848434557217741,9.940822551353387e-05,0.03983072945264824,0.0001068853408276034,100,0.03125
1,1,0.2,32,0.025,0.037338476040037,0.00105945485187761,0.03857117070452579,0.001179417262087547,100,0.0625
1,1,0.3,32,0.025,0.03711396131746198,0.001040578602720071,0.03866783686960425,0.001189686052103344,100,0.125
1,1,0.4,32,0.025,0.03709315218502703,0.0009787046301030398,0.03860411126736422,0.00116959201372032,100,0.125
1,1,0.5,32,0.025,0.03697559309414866,0.0009072622215048664,0.03865399908544982,0.001152453428342499,100,0.1875
1,1,0.6,32,0.025,0.03699305261712728,0.0008150491757508801,0.03861476737277477,0.001117097004483947,100,0.1875
1,1,0.7,32,0.025,0.03601170788000201,0.001342913527999365,0.0374955361752595,0.001508753946902548,100,0.28125
1,1,0.8,32,0.025,0.03619189643838005,0.001298382888965558,0.03650428358469638,0.001745752866017593,100,0.3125
1,1,0.9,32,0.025,0.03613889935256131,0.001235289241035113,0.03807719449012469,0.002263758313688873,100,0.34375
1,1,1,32,0.025,0.03627475214503669,0.001139116766817655,0.03828502049292112,0.002175667387859616,100,0.40625
1,1,1.1,32,0.025,0.03637097489662845,0.001044309892225916,0.03839649379844527,0.002125915225449614,100,0.40625
1,1,1.2,32,0.025,0.03646140516804061,0.0009678670502684711,0.03842966388536606,0.002087739089322812,100,0.4375
1,1,1.3,32,0.025,0.03641799698622207,0.0009211933485040041,0.03862884505664331,0.002008819970908527,100,0.46875
1,1,1.4,32,0.025,0.03645410327013209,0.0009071074148325089,0.0388118339425339,0.001863232170405221,100,0.46875
1,1,1.5,32,0.025,0.03653117473736188,0.0009473571065935538,0.03889035466684444,0.001719171493915092,100,0.53125
1,1,1.6,32,0.025,0.03691336699005984,0.001061532919407175,0.03788633637494872,0.001953000069551057,100,0.5625
1,1,1.7,32,0.025,0.03588862098453913,0.0012044125138737,0.03698451045201442,0.002141782373087405,100,0.65625
1,1,1.8,32,0.025,0.03498229284073343,0.001579229344126816,0.03572297295609596,0.002308360541423713,100,0.71875
1,1,1.9,32,0.025,0.03480133941122433,0.0015988855255668,0.0357065035062416,0.002193777966822446,100,0.71875
1,1,2,32,0.025,0.03464258910589097,0.001615060864154765,0.03569647813600807,0.002059797055087186,100,0.71875
1,1,2.1,32,0.025,0.03454873861701444,0.001617116352849311,0.03568488215381677,0.001920785273163636,100,0.75
1,1,2.2,32,0.025,0.03393220614701345,0.001802051179497525,0.03627895587104921,0.00159932612854841,100,0.78125
1,1,2.3,32,0.025,0.03411420058204849,0.001730869532407192,0.03625655321567784,0.001501311422064272,100,0.78125
1,1,2.4,32,0.025,0.03405840098179744,0.001698314174137719,0.03698404391043041,0.001867483517164094,100,0.8125
1,1,2.5,32,0.025,0.03504121431382477,0.002211430841375125,0.03783274383671342,0.002267171505165273,100,0.875
1,1,2.6,32,0.025,0.03446117285062871,0.002332609664706142,0.03688603818429684,0.00240833288427375,100,0.9375
1,1,2.7,32,0.025,0.03422651995151974,0.002346306336664584,0.03652409322464518,0.002456010268728324,100,1
1,1,2.8,32,0.025,0.03438615162593442,0.002287699644436047,0.03672396198765028,0.002351042906021627,100,1.09375
1,1,2.9,32,0.025,0.03223372096863842,0.002389856627022392,0.03532323814743014,0.002501065230132141,100,1.15625
1,1,3,32,0.025,0.03488884432686854,0.00300932927971934,0.03397997334599901,0.00252046343580379,100,1.28125
1,1,3.1,32,0.025,0.03500833003806562,0.002915301698438618,0.03387559793273982,0.002438674463095547,100,1.28125
1,1,3.2,32,0.025,0.03498988104757883,0.002846696878985327,0.03389777114526359,0.00231527806088237,100,1.28125
1,1,3.3,32,0.025,0.03486192476052132,0.002751779395851564,0.03406762489430601,0.002134948112261163,100,1.28125
1,1,3.4,32,0.025,0.03447997927486491,0.002652400947425097,0.03321356315437169,0.002095948121243767,100,1.375
1,1,3.5,32,0.025,0.0344198870541185,0.002452352803543881,0.03354992436359694,0.001903752127172067,100,1.375
1,1,3.6,32,0.025,0.03329647392494883,0.002427542987267148,0.03256224448428475,0.002018497593093719,100,1.40625
1,1,3.7,32,0.025,0.03307074973673381,0.002270579835847982,0.0325956158345737,0.001931697668012259,100,1.4375
1,1,3.8,32,0.025,0.03287439720540279,0.002056147358669535,0.03244507243870762,0.001872856432846402,100,1.46875
1,1,3.9,32,0.025,0.0325978614542542,0.001860373270987882,0.03239304486541057,0.001787695716135415,100,1.5
1,1,4,32,0.025,0.03219987890150514,0.001732681166104168,0.03199841915247037,0.001738219024482698,100,1.53125
1,1,0,64,0.025,0.03867330414515011,0,0.03981301563697726,4.371092296095392e-18,100,0
1,1,0.1,64,0.025,0.03797488430515076,0.0005869912513564359,0.04041272729749665,0.0006448442040624492,100,0.0625
1,1,0.2,64,0.025,0.0369403691315222,0.001292103644938931,0.03968396300499975,0.001219854972960879,100,0.140625
1,1,0.3,64,0.025,0.03692558153407184,0.001259462285339994,0.03930701906360169,0.00131613279308079,100,0.203125
1,1,0.4,64,0.025,0.03698715550120039,0.001204453757998673,0.03930086143956311,0.001287027518757688,100,0.203125
1,1,0.5,64,0.025,0.0369953030758816,0.001138652154886578,0.03926278333545528,0.001261045464034728,100,0.234375
1,1,0.6,64,0.025,0.03725337787361378,0.001087252895462719,0.03929288746395641,0.001242020960044251,100,0.25
1,1,0.7,64,0.025,0.03611408692730182,0.001283724661467396,0.03812428529305682,0.001411168975153463,100,0.328125
1,1,0.8,64,0.025,0.03606617354510427,0.001209688939909029,0.03772931597650787,0.001405668053878561,100,0.359375
1,1,0.9,64,0.025,0.0359323141599881,0.001130771088868979,0.03858655568605166,0.001496196830585054,100,0.375
1,1,1,64,0.025,0.03587814042584297,0.001049376243116477,0.0386494618328724,0.001410974207402907,100,0.40625
1,1,1.1,64,0.025,0.03521852957486541,0.001108818995024368,0.03807343047435191,0.00146252114777388,100,0.4375
1,1,1.2,64,0.025,0.03523458739963367,0.00112226625672093,0.03728957276479641,0.001505222265371521,100,0.46875
1,1,1.3,64,0.025,0.03506187930686778,0.001081937000486699,0.03731760574754372,0.00140558236471592,100,0.5
1,1,1.4,64,0.025,0.03491984855054311,0.001052047912489275,0.03743329172170349,0.001264100191078107,100,0.515625
1,1,1.5,64,0.025,0.03486754667933904,0.001039737703917828,0.03739151495200542,0.001173670952044424,100,0.5625
1,1,1.6,64,0.025,0.03537314419595158,0.0009511170025551393,0.03761398276935472,0.001684562716597327,100,0.609375
1,1,1.7,64,0.025,0.03423827026255999,0.001083643595489415,0.03679512094378139,0.001702707200109136,100,0.671875
1,1,1.8,64,0.025,0.03359951164620179,0.001211351843313662,0.03579703390874912,0.001697841423625444,100,0.734375
1,1,1.9,64,0.025,0.03348901682879377,0.001190483491972211,0.03565400479177704,0.001565426985701441,100,0.734375
1,1,2,64,0.025,0.03351696869000198,0.001199332840140062,0.03506149665351731,0.001520315664302319,100,0.765625
1,1,2.1,64,0.025,0.03333186912644984,0.001185185108200458,0.03464131537504274,0.001464127787481656,100,0.796875
1,1,2.2,64,0.025,0.03349377395911057,0.00125761822482081,0.03565810498914821,0.001474037401874164,100,0.859375
1,1,2.3,64,0.025,0.03356704020835415,0.001254469417545647,0.03564124054656,0.00140786913487928,100,0.890625
1,1,2.4,64,0.025,0.03363537075759383,0.001182060135789986,0.03602811618736119,0.001482420160553106,100,0.921875
1,1,2.5,64,0.025,0.03408860590099063,0.001340539467054442,0.03709395494836106,0.00152030536121031,100,0.96875
1,1,2.6,64,0.025,0.03388327033145807,0.001369234605942352,0.03662120914795392,0.001544078127590182,100,1
1,1,2.7,64,0.025,0.03375976828711776,0.001369294669631705,0.03647517002691512,0.001538585473824955,100,1.046875
1,1,2.8,64,0.025,0.03400097644443413,0.001343782798484757,0.03652572376292835,0.001471734597461179,100,1.109375
1,1,2.9,64,0.025,0.03338218889949536,0.001364843400345332,0.03566455341028955,0.001512966113006327,100,1.15625
1,1,3,64,0.025,0.03458418343399583,0.00175167591136314,0.03511574490442382,0.001727895200894642,100,1.265625
1,1,3.1,64,0.025,0.03481994292575782,0.001998165878621995,0.0342381757463963,0.001667857044408058,100,1.328125
1,1,3.2,64,0.025,0.03457991830309604,0.001910099223932591,0.03428951298749934,0.001555214109555169,100,1.375
1,1,3.3,64,0.025,0.03430748695537345,0.001803979415576075,0.03428853026419732,0.001439973430475777,100,1.375
1,1,3.4,64,0.025,0.03450744404969844,0.001844003316081129,0.03351483821388209,0.001396290520639097,100,1.453125
1,1,3.5,64,0.025,0.03415315230759917,0.001734050830164683,0.03331077915312472,0.001329150855323507,100,1.46875
1,1,3.6,64,0.025,0.03277275561469285,0.001744040052271661,0.03193091424789515,0.001436139948467631,100,1.515625
1,1,3.7,64,0.025,0.0323350521730417,0.001652565333521863,0.03179873940401064,0.001363346214738435,100,1.546875
1,1,3.8,64,0.025,0.03179260335249665,0.001580272637263971,0.03122814301742345,0.001361448868175299,100,1.578125
1,1,3.9,64,0.025,0.03143908532192755,0.001493401866043062,0.03111178640473135,0.00129088533497713,100,1.609375
1,1,4,64,0.025,0.03092111187770584,0.001422662862262796,0.03078996622204009,0.001236843117777269,100,1.625
1,1,0,128,0.025,0.03867330414515011,0,0.03981301563697734,3.694363604267921e-18,100,0
1,1,0.1,128,0.025,0.03923595238486124,0.0006257638597548313,0.03964565613710848,0.0004508622596307867,100,0.0625
1,1,0.2,128,0.025,0.03862824840821527,0.0008681493002960081,0.03875879576708145,0.0007855831979643749,100,0.1484375
1,1,0.3,128,0.025,0.03860355102363828,0.0009591572563867213,0.03863058916071438,0.0008114060086063819,100,0.203125
1,1,0.4,128,0.025,0.0386340515725154,0.0009742964834754256,0.03857772484858613,0.0007898524036016282,100,0.234375
1,1,0.5,128,0.025,0.03852661094645737,0.0009448945411602231,0.03853338530000418,0.0007687722534373078,100,0.25
1,1,0.6,128,0.025,0.03771635536644265,0.0010243621823765,0.03858152533418337,0.0008780646214248345,100,0.3046875
1,1,0.7,128,0.025,0.03703167343346949,0.001054807352766684,0.03797478599537388,0.0009319958616922126,100,0.359375
1,1,0.8,128,0.025,0.03688792430293093,0.0009996828092770711,0.03776216612081927,0.0009139265050007489,100,0.3828125
1,1,0.9,128,0.025,0.0369822354919892,0.001003395664581112,0.03828358717712597,0.0009501025019828771,100,0.4140625
1,1,1,128,0.025,0.03743538878803881,0.001130531493586054,0.03801717359260185,0.0009235411747325334,100,0.46875
1,1,1.1,128,0.025,0.03695145414500942,0.001124449710843209,0.03765401167185741,0.000927789232437067,100,0.484375
1,1,1.2,128,0.025,0.03644861338133055,0.001129849516769726,0.03666490183475299,0.0009971139922452126,100,0.5234375
1,1,1.3,128,0.025,0.03619848932100512,0.001086475428551857,0.03661981603145577,0.0009392795057169459,100,0.5390625
1,1,1.4,128,0.025,0.03598799291695247,0.001046345319902844,0.03658256483786724,0.0008633457309405671,100,0.5546875
1,1,1.5,128,0.025,0.03554507521662442,0.001069585346828352,0.03624927232441438,0.0008847221591009756,100,0.640625
1,1,1.6,128,0.025,0.03564104898410689,0.001028472262582921,0.03611384172803848,0.001080823237603773,100,0.6875
1,1,1.7,128,0.025,0.034991895718213,0.001041075416606801,0.0356363642150671,0.001067779252513564,100,0.734375
1,1,1.8,128,0.025,0.0344772974105427,0.001043620295889299,0.03481115192654843,0.001077240356246117,100,0.7734375
1,1,1.9,128,0.025,0.03389582740434809,0.001015442217893139,0.03504928095077752,0.001163348093568896,100,0.8046875
1,1,2,128,0.025,0.03319624414777391,0.001022304046729335,0.03447057205026105,0.001141461485878981,100,0.8515625
1,1,2.1,128,0.025,0.03282688476082789,0.0009928603801668391,0.03403061145206279,0.001139595357366743,100,0.90625
1,1,2.2,128,0.025,0.03291753804111144,0.0009872049048901155,0.0345081515542853,0.001111651956398205,100,0.9453125
1,1,2.3,128,0.025,0.03234558517880345,0.001016906848906439,0.03383166347443868,0.001115738324328904,100,0.9765625
1,1,2.4,128,0.025,0.03268361495306115,0.001060847007396382,0.03352314227665382,0.001146778736956255,100,1.03125
1,1,2.5,128,0.025,0.03262712283122104,0.001106315380580851,0.03364898952098402,0.00116806187041384,100,1.0859375
1,1,2.6,128,0.025,0.03260751003909014,0.001097914160985396,0.03341155471412603,0.001133979195647359,100,1.1171875
1,1,2.7,128,0.025,0.03256647405808967,0.001072612111397002,0.03332118087410949,0.001094583537905746,100,1.1640625
1,1,2.8,128,0.025,0.03318316585582627,0.001089389918006251,0.03314525840344507,0.001060699611140297,100,1.2109375
1,1,2.9,128,0.025,0.03288183639171112,0.001072219081742244,0.03228788618615055,0.00109022199224338,100,1.28125
1,1,3,128,0.025,0.03315029371655161,0.001205456314992543,0.03164289952257578,0.001173833541017123,100,1.375
1,1,3.1,128,0.025,0.0331681653111272,0.001277673465080045,0.03128141236426246,0.001126081808608866,100,1.421875
1,1,3.2,128,0.025,0.03294427564384383,0.001220193720666491,0.03130018869673797,0.001073798639910762,100,1.4453125
1,1,3.3,128,0.025,0.0327376023518863,0.001160878721250482,0.03121799257810661,0.001026119448522253,100,1.453125
1,1,3.4,128,0.025,0.03308247720924926,0.001224170824918854,0.0303895876340709,0.001083083086538528,100,1.5234375
1,1,3.5,128,0.025,0.0326174449495118,0.001169619009766118,0.02989697862359873,0.001069864974675848,100,1.5546875
1,1,3.6,128,0.025,0.03161843742307394,0.001149580140559108,0.02933721210073505,0.001058042077205899,100,1.578125
1,1,3.7,128,0.025,0.03119390536729971,0.001083763983320115,0.0298010930132578,0.0009804428660235799,100,1.6484375
1,1,3.8,128,0.025,0.03051881159434905,0.001052875245227754,0.0297461255795818,0.0009486048676457738,100,1.6875
1,1,3.9,128,0.025,0.03005533840858615,0.0009988735775172419,0.02977811572150039,0.0009088228013061266,100,1.71875
1,1,4,128,0.025,0.0295105450914703,0.0009498857925674832,0.02962928965956404,0.0008752888314905012,100,1.7265625
1,1,0,256,0.025,0.03867330414515007,2.172651957944685e-18,0.03981301563697727,1.738121566355748e-18,100,0
1,1,0.1,256,0.025,0.03885266019528243,0.0003789408394847383,0.03971836373479545,0.0003176698903386895,100,0.06640625
1,1,0.2,256,0.025,0.03861326755653256,0.0004841584791188648,0.03893184717337178,0.0004963798356568683,100,0.125
1,1,0.3,256,0.025,0.03826495574035883,0.0005568083219383213,0.03849008088128596,0.0005586054493978991,100,0.171875
1,1,0.4,256,0.025,0.03790150275968528,0.0006086084153827875,0.03786884525373912,0.0006026917876520336,100,0.2109375
1,1,0.5,256,0.025,0.037927495189684,0.0006074441140690043,0.03777337571740323,0.0005935928354160276,100,0.23828125
1,1,0.6,256,0.025,0.03750335855908717,0.0006629949827351884,0.03757815045744455,0.0006432680188378403,100,0.28125
1,1,0.7,256,0.025,0.03702984759140059,0.0007181762293064593,0.03727601918874513,0.0006761124838159154,100,0.34765625
1,1,0.8,256,0.025,0.03713172553436218,0.0007089812796710961,0.03701208570655282,0.0006629335353878205,100,0.39453125
1,1,0.9,256,0.025,0.03703143189228589,0.0007178836385063047,0.03694157361711132,0.0006534377095791958,100,0.43359375
1,1,1,256,0.025,0.03696907002614893,0.0007661673798266338,0.03677649289553433,0.000638763028756698,100,0.484375
1,1,1.1,256,0.025,0.03696921423703153,0.0007909631846759861,0.03683260052918631,0.0006449270484169498,100,0.515625
1,1,1.2,256,0.025,0.03722954322746867,0.0008505397950106922,0.03603904892035332,0.0006949794613520413,100,0.5546875
1,1,1.3,256,0.025,0.03712234885067092,0.0008102626037251317,0.03609462439831209,0.0006716231125081404,100,0.5859375
1,1,1.4,256,0.025,0.03683829591015875,0.0007795119319729486,0.03616207626412481,0.0006323260422792596,100,0.609375
1,1,1.5,256,0.025,0.03649719155065973,0.0007629754269486932,0.0360645876614858,0.0006422092302992495,100,0.671875
1,1,1.6,256,0.025,0.03644654910047242,0.0007162933894010212,0.03606861134692796,0.0006949231623765355,100,0.71484375
1,1,1.7,256,0.025,0.03584006608013841,0.0007270648084344069,0.03565976390942515,0.0007001495496041324,100,0.76171875
1,1,1.8,256,0.025,0.03529567167253723,0.0007266414964818296,0.03489483322108607,0.0007199881302939705,100,0.80859375
1,1,1.9,256,0.025,0.03441911225929745,0.0007219033941492981,0.03494002022323395,0.0007749215248917646,100,0.8515625
1,1,2,256,0.025,0.03366632695340169,0.0007353981118309882,0.03460898857715843,0.0007832428584304467,100,0.8984375
1,1,2.1,256,0.025,0.03325483290126682,0.0007242916056357908,0.03387861392598431,0.0007931557320661561,100,0.97265625
1,1,2.2,256,0.025,0.03326720412555797,0.0007021928889181432,0.03394968812490531,0.0007770233150712271,100,1.00390625
1,1,2.3,256,0.025,0.03279390299588549,0.0007387092563432619,0.03321810412801732,0.000779645803054191,100,1.05078125
1,1,2.4,256,0.025,0.03270311308117747,0.0007576200559534444,0.03278592347049036,0.0007941184905508662,100,1.109375
1,1,2.5,256,0.025,0.03242958637788394,0.00075661452971369,0.03305680215841884,0.0008037562450939379,100,1.16796875
1,1,2.6,256,0.025,0.03220176515227009,0.0007455535167217593,0.03291290079204271,0.0008087255612371378,100,1.19921875
1,1,2.7,256,0.025,0.03208131529677055,0.0007310097287819459,0.03309740117036974,0.0008268895520777922,100,1.234375
1,1,2.8,256,0.025,0.03237098057577996,0.0007289471169166572,0.03284995841518414,0.0008006003928008392,100,1.2734375
1,1,2.9,256,0.025,0.03190968191391795,0.0007305193062312298,0.03238501145376413,0.0008007803209008819,100,1.33203125
1,1,3,256,0.025,0.03181714782018262,0.0007783576246499132,0.03200995090952417,0.0008092718255826422,100,1.40625
1,1,3.1,256,0.025,0.03155602973631542,0.0008110227435488193,0.03159593390137434,0.0007775588036154761,100,1.44140625
1,1,3.2,256,0.025,0.03120846767869813,0.0007774672089956712,0.03140207814639152,0.0007335587434233244,100,1.46484375
1,1,3.3,256,0.025,0.031048286747418,0.0007571232159138545,0.03115822131766548,0.0007297400653865418,100,1.48828125
1,1,3.4,256,0.025,0.03123858145504723,0.0007823280598501335,0.03075265145888065,0.0007504638576186774,100,1.54296875
1,1,3.5,256,0.025,0.03114956135668744,0.0007869586961064995,0.03030194458600147,0.0007457836807204759,100,1.6171875
1,1,3.6,256,0.025,0.03038843793850171,0.0007336415922329671,0.02987280720405241,0.0007339666308710326,100,1.65234375
1,1,3.7,256,0.025,0.03007328670370249,0.0007066615050668466,0.02988356810325819,0.00070696905811931,100,1.69921875
1,1,3.8,256,0.025,0.02965853277812119,0.0006916518456531451,0.02965178730989284,0.0006942727328201115,100,1.7265625
1,1,3.9,256,0.025,0.02945490837867086,0.0006623410279981078,0.02962476981066281,0.0006692170226950283,100,1.7578125
1,1,4,256,0.025,0.02905071439216562,0.0006339676618862507,0.02950252915060778,0.0006490592639854386,100,1.76953125
1.01,0.990099009901,0,4,0.025,0.04862081964091888,0,0.03053053306185481,0,100,0
1.01,0.990099009901,0.1,4,0.025,0.04850826149345715,0,0.03046339517400246,0,100,0
1.01,0.990099009901,0.2,4,0.025,0.04839742745257386,0,0.03039753480957803,0,100,0
1.01,0.990099009901,0.3,4,0.025,0.04828915760845728,0,0.03033364907553747,0,100,0
1.01,0.990099009901,0.4,4,0.025,0.04818309872422014,0,0.03027144368044367,0,100,0
1.01,0.990099009901,0.5,4,0.025,0.04807909283952637,0,0.03021040943400368,0,100,0
1.01,0.990099009901,0.6,4,0.025,0.04797854913957245,0,0.03015131754960319,0,100,0
1.01,0.990099009901,0.7,4,0.025,0.04787518262185449,9.109692949548637e-06,0.02997576270219284,0.0001203552175151664,100,0.25
1.01,0.990099009901,0.8,4,0.025,0.04779067163399825,7.464859700974033e-06,0.02992635164598234,0.0001195460011437968,100,0.25
1.01,0.990099009901,0.9,4,0.025,0.04771846793071996,1.104830414672825e-06,0.02988428221269947,0.0001159344966416616,100,0.25
1.01,0.990099009901,1,4,0.025,0.04766091851451938,1.427718062815483e-05,0.02985024243113894,0.0001079936420562517,100,0.25
1.01,0.990099009901,1.1,4,0.025,0.04762602531580566,4.716231460708334e-05,0.02982781118752669,9.201671045376992e-05,100,0.25
1.01,0.990099009901,1.2,4,0.025,0.04762267549840012,0.0001051018767230343,0.02982340529121354,6.268430606381006e-05,100,0.25
1.01,0.990099009901,1.3,4,0.025,0.04766173542440035,0.000196524215385404,0.02984606586641616,1.214662967499464e-05,100,0.25
1.01,0.990099009901,1.4,4,0.025,0.04774772921380842,0.0003247081171809333,0.02990305272720354,6.686592491416277e-05,100,0.25
1.01,0.990099009901,1.5,4,0.025,0.04788292996403861,0.0004921487445973174,0.02999795069145907,0.0001786589500054944,100,0.25
1.01,0.990099009901,1.6,4,0.025,0.04806794876774958,0.0007004883558740481,0.03013028423922211,0.0003230694664965467,100,0.25
1.01,0.990099009901,1.7,4,0.025,0.04830131580595344,0.0009493940382783207,0.03029916262665987,0.0004987764036620762,100,0.25
1.01,0.990099009901,1.8,4,0.025,0.0499904211719962,0.001534901412784445,0.03036767284326032,0.0007604026686451078,100,0.5
1.01,0.990099009901,1.9,4,0.025,0.05038690295727862,0.001758363432670658,0.03060659590269912,0.0009878169374443399,100,0.5
1.01,0.990099009901,2,4,0.025,0.05085349327997518,0.002031263849307109,0.03087196139862181,0.001229709715547286,100,0.5
1.01,0.990099009901,2.1,4,0.025,0.05134778732814056,0.002313369217640889,0.03114523951623538,0.001463776336528115,100,0.5
1.01,0.990099009901,2.2,4,0.025,0.0518209671506516,0.002570890711558545,0.03140304232509259,0.001659145557400487,100,0.5
1.01,0.990099009901,2.3,4,0.025,0.0522330551438063,0.002783810505012361,0.03162226736557044,0.001789873099113117,100,0.5
1.01,0.990099009901,2.4,4,0.025,0.05255334056775485,0.002940491041177894,0.03179889149045562,0.001836857707001226,100,0.5
1.01,0.990099009901,2.5,4,0.025,0.05274612653302471,0.003027152604856023,0.03193013871089895,0.001792001064174934,100,0.5
1.01,0.990099009901,2.6,4,0.025,0.05276677128652564,0.00302652111775724,0.03200740272366043,0.001656111106226828,100,0.5
1.01,0.990099009901,2.7,4,0.025,0.05257187262363371,0.002926927444275339,0.03202115954673163,0.001441442658637193,100,0.5
1.01,0.990099009901,2.8,4,0.025,0.05351676513153031,0.003940627318064539,0.03155330838838753,0.001160454762052012,100,0.75
1.01,0.990099009901,2.9,4,0.025,0.04281281950857347,0.01104253415693542,0.02697961585032928,0.003860363156463561,100,1
1.01,0.990099009901,3,4,0.025,0.05448651157413694,0.01643010393655472,0.02577678934020003,0.003766560940544152,100,1.25
1.01,0.990099009901,3.1,4,0.025,0.05449123996252134,0.01622862109897521,0.02653600396950346,0.003675520925503122,100,1.25
1.01,0.990099009901,3.2,4,0.025,0.05409645044350025,0.01614490898171502,0.02742395455861499,0.003532045775595212,100,1.25
1.01,0.990099009901,3.3,4,0.025,0.05341504965138755,0.01582806339773108,0.0283364920463948,0.003354316928456027,100,1.25
1.01,0.990099009901,3.4,4,0.025,0.05255502579913965,0.01515566546549777,0.02918814656766677,0.003157158125571824,100,1.25
1.01,0.990099009901,3.5,4,0.025,0.0515123914586015,0.01429200765360166,0.02994248599838888,0.002935512437317071,100,1.25
1.01,0.990099009901,3.6,4,0.025,0.05018693126185327,0.01343499861995103,0.03057429329499605,0.002668271681858467,100,1.25
1.01,0.990099009901,3.7,4,0.025,0.04850637388602845,0.01257746046245955,0.03103285613345436,0.002345469441183429,100,1.25
1.01,0.990099009901,3.8,4,0.025,0.04653061833838696,0.01155729576440286,0.03125521331465104,0.00197928990027793,100,1.25
1.01,0.990099009901,3.9,4,0.025,0.04443268027745396,0.01029106150149072,0.03122606446697872,0.001610276455480456,100,1.25
1.01,0.990099009901,4,4,0.025,0.04240103214479468,0.00889311769834078,0.03099219620509207,0.001290173895172782,100,1.25
1.01,0.990099009901,0,8,0.025,0.04862081964091887,2.622655377657235e-18,0.03053053306185482,2.622655377657235e-18,100,0
1.01,0.990099009901,0.1,8,0.025,0.04850826149345715,0,0.03046339517400246,0,100,0
1.01,0.990099009901,0.2,8,0.025,0.04839742745257386,0,0.03039753480957803,2.622655377657235e-18,100,0
1.01,0.990099009901,0.3,8,0.025,0.04828915760845728,0,0.03033364907553748,2.622655377657235e-18,100,0
1.01,0.990099009901,0.4,8,0.025,0.04818309872422014,0,0.03027144368044368,1.311327688828617e-18,100,0
1.01,0.990099009901,0.5,8,0.025,0.04807909283952638,2.622655377657235e-18,0.03021040943400368,0,100,0
1.01,0.990099009901,0.6,8,0.025,0.04797854913957245,0,0.0301513175496032,2.622655377657235e-18,100,0
1.01,0.990099009901,0.7,8,0.025,0.04787973746832926,4.554846474774318e-06,0.03003594031095043,6.01776087575832e-05,100,0.125
1.01,0.990099009901,0.8,8,0.025,0.04779440406384874,3.732429850487017e-06,0.02998612464655424,5.977300057189837e-05,100,0.125
1.01,0.990099009901,0.9,8,0.025,0.0477190203459273,5.524152073364124e-07,0.02994224946102031,5.796724832083083e-05,100,0.125
1.01,0.990099009901,1,8,0.025,0.04766338394600409,1.111793011766152e-05,0.02992330713222136,5.977803577726269e-05,100,0.25
1.01,0.990099009901,1.1,8,0.025,0.04761166649390929,2.406215305374113e-05,0.02989255027399208,5.209442467679538e-05,100,0.25
1.01,0.990099009901,1.2,8,0.025,0.04757822963016765,5.201537535022648e-05,0.02987249554293662,3.81609489946355e-05,100,0.25
1.01,0.990099009901,1.3,8,0.025,0.0475684602429816,9.767447898866037e-05,0.02986762944396483,1.742735218211252e-05,100,0.25
1.01,0.990099009901,1.4,8,0.025,0.04758521793570734,0.0001623765930803511,0.02988070274373911,3.368572010492162e-05,100,0.25
1.01,0.990099009901,1.5,8,0.025,0.04762928596714409,0.0002472692727351631,0.02991124314514274,8.899275754963547e-05,100,0.25
1.01,0.990099009901,1.6,8,0.025,0.04770120474403602,0.0003529792696191748,0.02995703209077145,0.0001636201673434405,100,0.25
1.01,0.990099009901,1.7,8,0.025,0.0477983184957745,0.0004795586203944645,0.03001619784933801,0.0002563480432676488,100,0.25
1.01,0.990099009901,1.8,8,0.025,0.04862154504944992,0.00087994197067979,0.03001903823336506,0.0003805746406010139,100,0.375
1.01,0.990099009901,1.9,8,0.025,0.04879480120306999,0.001014306636467173,0.03009967795520661,0.0005053520099262053,100,0.375
1.01,0.990099009901,2,8,0.025,0.04899813659350247,0.001176868847238673,0.0301834928064057,0.0006430204703510291,100,0.375
1.01,0.990099009901,2.1,8,0.025,0.04920906750527081,0.001348645202532306,0.0302589092112275,0.0007846473304840507,100,0.375
1.01,0.990099009901,2.2,8,0.025,0.04940084289354826,0.001512953901660139,0.03031321609397512,0.0009179968045935844,100,0.375
1.01,0.990099009901,2.3,8,0.025,0.04954965681560246,0.001660085727640709,0.03033528483005122,0.001033434752310158,100,0.375
1.01,0.990099009901,2.4,8,0.025,0.049635988719613,0.001785265704279693,0.03032548326083016,0.001126120316037429,100,0.375
1.01,0.990099009901,2.5,8,0.025,0.04963971198668057,0.001882711665772955,0.03028547817536816,0.00119646220964929,100,0.375
1.01,0.990099009901,2.6,8,0.025,0.04953895218451342,0.001944725494099128,0.03021311988283969,0.001249311020510388,100,0.375
1.01,0.990099009901,2.7,8,0.025,0.04931362716147406,0.00196697165701188,0.0301057561838984,0.001293928024411562,100,0.375
1.01,0.990099009901,2.8,8,0.025,0.04964171786174593,0.00249924342945783,0.02977554984263923,0.00129577712173563,100,0.625
1.01,0.990099009901,2.9,8,0.025,0.04412894079155279,0.005243405004756304,0.02738083155353235,0.00209820700049907,100,0.75
1.01,0.990099009901,3,8,0.025,0.04978836168826387,0.007909317952713407,0.0266809772370644,0.002144381033936292,100,0.875
1.01,0.990099009901,3.1,8,0.025,0.04960055535222926,0.007871359863167173,0.0269751044345893,0.002147465488860928,100,0.875
1.01,0.990099009901,3.2,8,0.025,0.04920799455694315,0.007875378435067786,0.02734755816906849,0.002142634856088111,100,0.875
1.01,0.990099009901,3.3,8,0.025,0.04867365364831854,0.007770138234234585,0.02774416935807571,0.002139951407188077,100,0.875
1.01,0.990099009901,3.4,8,0.025,0.04805611509718594,0.007508223601130596,0.02811928714004484,0.00214281525178369,100,0.875
1.01,0.990099009901,3.5,8,0.025,0.04735417552096785,0.007164448958655314,0.02845161130462481,0.002145807465909656,100,0.875
1.01,0.990099009901,3.6,8,0.025,0.0411550389479718,0.008525885540843933,0.0250629963081706,0.004024423156822349,100,1
1.01,0.990099009901,3.7,8,0.025,0.04014344096605769,0.008153227354269002,0.02530740396822588,0.003977945869870745,100,1.125
1.01,0.990099009901,3.8,8,0.025,0.0397137668053858,0.007292935180433445,0.02553874857972097,0.003811984072135065,100,1.125
1.01,0.990099009901,3.9,8,0.025,0.03884323202342257,0.006596150792243756,0.02556739367846149,0.003680045800067467,100,1.125
1.01,0.990099009901,4,8,0.025,0.03741508044074025,0.00621885031094402,0.02530891709624311,0.003679857748971343,100,1.125
1.01,0.990099009901,0,16,0.025,0.04862081964091888,1.791614702062191e-18,0.03053053306185482,2.687422053093286e-18,100,0
1.01,0.990099009901,0.1,16,0.025,0.04829948365002202,0.0002087778434351172,0.03066448609573022,0.0002010909217277732,100,0.0625
1.01,0.990099009901,0.2,16,0.025,0.0481893986093279,0.0002080288432459373,0.03059752314180922,0.0001999883322311995,100,0.0625
1.01,0.990099009901,0.3,16,0.025,0.04808145309622464,0.0002077045122326564,0.03053236137879797,0.0001987123032604916,100,0.0625
1.01,0.990099009901,0.4,16,0.025,0.04797519275919754,0.0002079059650225883,0.03046864495752905,0.0001972012770853784,100,0.0625
1.01,0.990099009901,0.5,16,0.025,0.04763471005974777,0.0003042058087938944,0.03060319542213427,0.0002683290558029493,100,0.125
1.01,0.990099009901,0.6,16,0.025,0.04753382456221755,0.0003043212471203222,0.03054043073228662,0.0002658294464944107,100,0.125
1.01,0.990099009901,0.7,16,0.025,0.0449013813669375,0.002914660867589832,0.02882655164766703,0.001637529146584474,100,0.3125
1.01,0.990099009901,0.8,16,0.025,0.04487777816938539,0.002872494659009068,0.02891546025698169,0.001495816089025213,100,0.3125
1.01,0.990099009901,0.9,16,0.025,0.04494884968734307,0.002761764653232347,0.02913821938061711,0.001227461330924344,100,0.3125
1.01,0.990099009901,1,16,0.025,0.04521282766184588,0.002604666472416477,0.02914021806852743,0.001089461741263828,100,0.4375
1.01,0.990099009901,1.1,16,0.025,0.0453851977997102,0.002432568007970324,0.02897299861567466,0.001208892270519724,100,0.4375
1.01,0.990099009901,1.2,16,0.025,0.04555631737165572,0.002275053271252092,0.02873459296070466,0.001406486796761551,100,0.4375
1.01,0.990099009901,1.3,16,0.025,0.04570400107691589,0.00215115574967931,0.02866198963641716,0.001452747620133396,100,0.4375
1.01,0.990099009901,1.4,16,0.025,0.04581486516072845,0.002066505476316967,0.02880967538571785,0.001293802466561753,100,0.4375
1.01,0.990099009901,1.5,16,0.025,0.04587788209018825,0.002020286756499597,0.02903527466049932,0.001067720247595614,100,0.4375
1.01,0.990099009901,1.6,16,0.025,0.04587612247825917,0.002014378480015341,0.02918507260822822,0.0009274897880360657,100,0.4375
1.01,0.990099009901,1.7,16,0.025,0.04526595511720514,0.002178092101480206,0.02983813891343322,0.001120322835374974,100,0.5
1.01,0.990099009901,1.8,16,0.025,0.04549210553800915,0.002302267837434609,0.02983793028952368,0.00110761956416931,100,0.5625
1.01,0.990099009901,1.9,16,0.025,0.04535211019074348,0.00238424212623067,0.02991273437084961,0.001063912102908668,100,0.5625
1.01,0.990099009901,2,16,0.025,0.04523271513992323,0.002440314867912335,0.03001769789788938,0.0009996074722071625,100,0.5625
1.01,0.990099009901,2.1,16,0.025,0.04513890245657592,0.002460119325656683,0.03009589427899725,0.0009581791011617339,100,0.5625
1.01,0.990099009901,2.2,16,0.025,0.04503278975014471,0.002465616728255143,0.03009706219201041,0.0009638396723843889,100,0.5625
1.01,0.990099009901,2.3,16,0.025,0.04486599221836775,0.002488889569766586,0.03000231427259182,0.001007551622012047,100,0.5625
1.01,0.990099009901,2.4,16,0.025,0.04444245235401979,0.002531600164851754,0.03108634469719776,0.002051123739473,100,0.625
1.01,0.990099009901,2.5,16,0.025,0.04415492181701088,0.002607025831861323,0.0308404701792161,0.00207521630079029,100,0.625
1.01,0.990099009901,2.6,16,0.025,0.04297335792239834,0.003248838972864747,0.03116817189715369,0.001938862897895372,100,0.6875
1.01,0.990099009901,2.7,16,0.025,0.04251785937155968,0.003315500571689891,0.03111347169987058,0.001855815722393035,100,0.75
1.01,0.990099009901,2.8,16,0.025,0.04263401080324813,0.003374239292992908,0.03074300641593578,0.001782270315062678,100,0.875
1.01,0.990099009901,2.9,16,0.025,0.0399464331055934,0.003705098785570324,0.02938427393990289,0.001946370254901865,100,0.9375
1.01,0.990099009901,3,16,0.025,0.04295599056493117,0.004821146902626608,0.02891090245001659,0.001907330907624295,100,1
1.01,0.990099009901,3.1,16,0.025,0.04312714168855892,0.004705499068140376,0.02893389276640725,0.001797547297256741,100,1
1.01,0.990099009901,3.2,16,0.025,0.04325163906758596,0.004593526152119476,0.02895382258811635,0.001659464255342691,100,1
1.01,0.990099009901,3.3,16,0.025,0.0433364031745158,0.004435941766946172,0.02892560776278318,0.001514081177943121,100,1
1.01,0.990099009901,3.4,16,0.025,0.0431540790555574,0.004273563682822947,0.02880267485289035,0.001391027624998355,100,1.0625
1.01,0.990099009901,3.5,16,0.025,0.04310364455365278,0.004040128162372705,0.02900671813280275,0.001307216782185409,100,1.0625
1.01,0.990099009901,3.6,16,0.025,0.04022459183840411,0.004467978308925873,0.02732683371819679,0.002149952393651385,100,1.125
1.01,0.990099009901,3.7,16,0.025,0.03985563008632603,0.004286637271254441,0.02738166296508238,0.00209971147236001,100,1.1875
1.01,0.990099009901,3.8,16,0.025,0.03970391346921677,0.003904666910394577,0.02735888552681769,0.001999415970570613,100,1.1875
1.01,0.990099009901,3.9,16,0.025,0.03994190249038234,0.003477377572226907,0.02709032123291087,0.001950754377127082,100,1.25
1.01,0.990099009901,4,16,0.025,0.0391843926642814,0.003340275704791304,0.0268172429768472,0.001944710537814088,100,1.25
1.01,0.990099009901,0,32,0.025,0.04862081964091885,4.985048541372019e-18,0.03053053306185482,1.246262135343005e-18,100,0
1.01,0.990099009901,0.1,32,0.025,0.04840387257173957,0.0001043889217175586,0.03056394063486633,0.0001005454608638867,100,0.03125
1.01,0.990099009901,0.2,32,0.025,0.04693792305172309,0.001356125334178896,0.02962328723802824,0.0008831406396276147,100,0.0625
1.01,0.990099009901,0.3,32,0.025,0.04703859490602864,0.001342726225098011,0.02941329588989331,0.0008828062281242189,100,0.125
1.01,0.990099009901,0.4,32,0.025,0.04701375740289093,0.001262812877223108,0.0293667634799092,0.0008673327219033848,100,0.125
1.01,0.990099009901,0.5,32,0.025,0.04688958482365339,0.001171857977901441,0.02942514493838289,0.000856276988419508,100,0.1875
1.01,0.990099009901,0.6,32,0.025,0.04691855833455044,0.001053216321321916,0.02939430836286634,0.0008286658873415699,100,0.1875
1.01,0.990099009901,0.7,32,0.025,0.04568990729375352,0.001710293233968111,0.02854224287558267,0.001111364844818628,100,0.28125
1.01,0.990099009901,0.8,32,0.025,0.04591790132086138,0.001651139569068568,0.02780526327405995,0.001280138069895691,100,0.3125
1.01,0.990099009901,0.9,32,0.025,0.04569988169278429,0.001528406803116509,0.02922891709432291,0.001646059413264594,100,0.34375
1.01,0.990099009901,1,32,0.025,0.04589656248411158,0.001409349696059854,0.02938020691733675,0.001582774805463343,100,0.40625
1.01,0.990099009901,1.1,32,0.025,0.04603816283891405,0.001297185206162154,0.02948499902883972,0.00156005537300099,100,0.40625
1.01,0.990099009901,1.2,32,0.025,0.04618240170077338,0.001216883247600948,0.02952114694464208,0.001549844693301557,100,0.4375
1.01,0.990099009901,1.3,32,0.025,0.04618276311902079,0.001186587827025128,0.02970709783095077,0.001505120336960109,100,0.46875
1.01,0.990099009901,1.4,32,0.025,0.0462687882265518,0.001211973738433932,0.02986500397906903,0.00140541365079925,100,0.46875
1.01,0.990099009901,1.5,32,0.025,0.04637968626982086,0.001302757842431558,0.02995256118520782,0.0013211241565758,100,0.53125
1.01,0.990099009901,1.6,32,0.025,0.04684204646495871,0.001468455786777002,0.02924936547045491,0.001515389708405483,100,0.5625
1.01,0.990099009901,1.7,32,0.025,0.04570552618946829,0.001633785427612194,0.02874353175818959,0.00169465216024819,100,0.65625
1.01,0.990099009901,1.8,32,0.025,0.04448095552380944,0.002128753262641445,0.02780513542711519,0.001821417434656057,100,0.71875
1.01,0.990099009901,1.9,32,0.025,0.04421078382443958,0.002164643800966509,0.02781253681093977,0.001730252437200516,100,0.71875
1.01,0.990099009901,2,32,0.025,0.04393851817778131,0.002181746006335501,0.02781622298703971,0.001615361006909388,100,0.71875
1.01,0.990099009901,2.1,32,0.025,0.04371075253442086,0.002167595150346747,0.02781218473788863,0.001495357948585743,100,0.75
1.01,0.990099009901,2.2,32,0.025,0.04276698429757525,0.002367531893007551,0.02830704973693137,0.001239867130374833,100,0.78125
1.01,0.990099009901,2.3,32,0.025,0.04276837403599541,0.002239512299951071,0.02830399513541606,0.001151169696734667,100,0.78125
1.01,0.990099009901,2.4,32,0.025,0.04249171609408346,0.002169344158406527,0.02884711311621874,0.00140435785791329,100,0.8125
1.01,0.990099009901,2.5,32,0.025,0.04334874871925666,0.00267298436643569,0.02961644622276459,0.001790842151410348,100,0.875
1.01,0.990099009901,2.6,32,0.025,0.04250008521217155,0.002822681314857397,0.02895330264037745,0.001886332785007702,100,0.9375
1.01,0.990099009901,2.7,32,0.025,0.04192175730354034,0.002903665591053638,0.02873284885082141,0.001929789122450124,100,1
1.01,0.990099009901,2.8,32,0.025,0.04200594386387529,0.002838895081008327,0.02896230822412092,0.001840548992088739,100,1.09375
1.01,0.990099009901,2.9,32,0.025,0.03916853291240766,0.003022094603668579,0.02803155523993045,0.001930276476893177,100,1.15625
1.01,0.990099009901,3,32,0.025,0.04204594362966851,0.003690527281151984,0.02705892898005736,0.001939030264031514,100,1.28125
1.01,0.990099009901,3.1,32,0.025,0.04213906375982612,0.003595363889527903,0.0270809489138679,0.001853368542858058,100,1.28125
1.01,0.990099009901,3.2,32,0.025,0.04210747792789628,0.00352382060307205,0.0272006546995253,0.001736212677739627,100,1.28125
1.01,0.990099009901,3.3,32,0.025,0.04197104138475669,0.003418496899923864,0.02743707226346811,0.001572083431623794,100,1.28125
1.01,0.990099009901,3.4,32,0.025,0.04156774622452733,0.003303748855249642,0.02704753925813582,0.001530108297175188,100,1.375
1.01,0.990099009901,3.5,32,0.025,0.04144322370916186,0.003084642910401708,0.02741210446375648,0.001357558073116702,100,1.375
1.01,0.990099009901,3.6,32,0.025,0.03991260129843408,0.003072147039151962,0.02670516358499559,0.001474932956954576,100,1.40625
1.01,0.990099009901,3.7,32,0.025,0.03955387518207973,0.002896759027996326,0.02676051802050751,0.001393627475203512,100,1.4375
1.01,0.990099009901,3.8,32,0.025,0.03922518362715808,0.002660761946046458,0.02664288735856967,0.001343670282019694,100,1.46875
1.01,0.990099009901,3.9,32,0.025,0.03901552993501588,0.002421989551448457,0.02649596556441227,0.001286103978230714,100,1.5
1.01,0.990099009901,4,32,0.025,0.03840579001716065,0.002290322838728332,0.0262966690196323,0.001248453840059402,100,1.53125
1.01,0.990099009901,0,64,0.025,0.04862081964091886,2.622655377657235e-18,0.03053053306185481,0,100,0
1.01,0.990099009901,0.1,64,0.025,0.04774592678672317,0.0007343201923292874,0.0310786209871376,0.0005694809161080004,100,0.0625
1.01,0.990099009901,0.2,64,0.025,0.04631104989090197,0.001574869921814044,0.03060460966046957,0.00100839203253249,100,0.140625
1.01,0.990099009901,0.3,64,0.025,0.0464790730235005,0.001536084137817991,0.03019547452564226,0.00107390869118641,100,0.203125
1.01,0.990099009901,0.4,64,0.025,0.04655146738406527,0.00146456333756266,0.03019547229326276,0.001052937710293473,100,0.203125
1.01,0.990099009901,0.5,64,0.025,0.04656672159845861,0.00137998575613622,0.03017468705997523,0.001031595208764788,100,0.234375
1.01,0.990099009901,0.6,64,0.025,0.04685723946492603,0.001309809758201638,0.03018315968033621,0.001011696253987182,100,0.25
1.01,0.990099009901,0.7,64,0.025,0.04542867606573636,0.001569860145941139,0.02931594439473167,0.001128252350262521,100,0.328125
1.01,0.990099009901,0.8,64,0.025,0.04537003418564406,0.001483444931006104,0.02903284963630503,0.001114016385377519,100,0.359375
1.01,0.990099009901,0.9,64,0.025,0.04510994694762076,0.001381424748866103,0.02979879317466723,0.001155967219313662,100,0.375
1.01,0.990099009901,1,64,0.025,0.04503229100645004,0.001291573924846047,0.02983782146754961,0.0010860785565213,100,0.40625
1.01,0.990099009901,1.1,64,0.025,0.04418021939846479,0.001388647964308673,0.02941280051172783,0.001119272513066523,100,0.4375
1.01,0.990099009901,1.2,64,0.025,0.0441846440896056,0.001409694461521176,0.02881559152161164,0.001148644112321959,100,0.46875
1.01,0.990099009901,1.3,64,0.025,0.04396837338574371,0.001374109468400938,0.02884492809116881,0.001070636565880111,100,0.5
1.01,0.990099009901,1.4,64,0.025,0.04378469064119216,0.001351031489618594,0.02893938336764579,0.0009611512874776527,100,0.515625
1.01,0.990099009901,1.5,64,0.025,0.04370390877859053,0.001348464220368414,0.02892111653985222,0.0008990249030738533,100,0.5625
1.01,0.990099009901,1.6,64,0.025,0.04397368278419745,0.001329353758141613,0.02972663767928705,0.001749254884714922,100,0.609375
1.01,0.990099009901,1.7,64,0.025,0.04260594926664013,0.001470773967984562,0.02915232077444894,0.001722735241576337,100,0.671875
1.01,0.990099009901,1.8,64,0.025,0.04234555461587736,0.001519259853919902,0.02809362672832898,0.001710117794473403,100,0.734375
1.01,0.990099009901,1.9,64,0.025,0.04223491701878695,0.00150336768329202,0.0279511465176796,0.001570569474965489,100,0.734375
1.01,0.990099009901,2,64,0.025,0.04226137054201877,0.001520965878533185,0.0274961271764895,0.001476554751230123,100,0.765625
1.01,0.990099009901,2.1,64,0.025,0.04210602993210577,0.001510202675475151,0.02707618363305704,0.00137707447511158,100,0.796875
1.01,0.990099009901,2.2,64,0.025,0.04215930237684991,0.001578395135896046,0.02796459516024514,0.001358953126667766,100,0.859375
1.01,0.990099009901,2.3,64,0.025,0.04204466376162439,0.001594210854370427,0.02798721222942318,0.001276513118791066,100,0.890625
1.01,0.990099009901,2.4,64,0.025,0.04197068419620104,0.001510851651676452,0.02830855544394304,0.001286785633559321,100,0.921875
1.01,0.990099009901,2.5,64,0.025,0.04232860564229253,0.001662279779349371,0.02965687511720466,0.001401668882944454,100,0.96875
1.01,0.990099009901,2.6,64,0.025,0.04193380808362823,0.00169926686631678,0.02936194468459292,0.001379963026371769,100,1
1.01,0.990099009901,2.7,64,0.025,0.04156191683998587,0.001722301756669736,0.02931425248037499,0.001342186523585491,100,1.046875
1.01,0.990099009901,2.8,64,0.025,0.04170204712844439,0.001692657213482783,0.02941831189193966,0.001266532152799986,100,1.109375
1.01,0.990099009901,2.9,64,0.025,0.04050133788547126,0.001732298116277781,0.02887062054008517,0.001274137604968465,100,1.15625
1.01,0.990099009901,3,64,0.025,0.041755046355212,0.002182325114203609,0.02862720885863031,0.001443671088378369,100,1.265625
1.01,0.990099009901,3.1,64,0.025,0.04167201299031048,0.002452082186420647,0.02797544036771302,0.001370135730137555,100,1.328125
1.01,0.990099009901,3.2,64,0.025,0.04132676763096959,0.00235149418230489,0.02805837324120976,0.001268297485881136,100,1.375
1.01,0.990099009901,3.3,64,0.025,0.0409436577232326,0.002228812991587279,0.0281006242570997,0.001163020593771902,100,1.375
1.01,0.990099009901,3.4,64,0.025,0.04112202270395775,0.002257509620602371,0.02762316481667175,0.001117213866610428,100,1.453125
1.01,0.990099009901,3.5,64,0.025,0.04070376058884113,0.002123970313490508,0.0274921860846345,0.001054604342521374,100,1.46875
1.01,0.990099009901,3.6,64,0.025,0.03893591518686662,0.00213365683523688,0.0264269931052429,0.001151885586840397,100,1.515625
1.01,0.990099009901,3.7,64,0.025,0.03842834079835893,0.002023158866890809,0.0262996617579857,0.001088626975516443,100,1.546875
1.01,0.990099009901,3.8,64,0.025,0.03773120202365239,0.001940718876181422,0.02583867242504497,0.001077726883296625,100,1.578125
1.01,0.990099009901,3.9,64,0.025,0.03734292186525324,0.001829103570883926,0.02569846755656895,0.001014468736350749,100,1.609375
1.01,0.990099009901,4,64,0.025,0.03662922717943384,0.001758583951832049,0.02550185076375175,0.0009643350729365247,100,1.625
1.01,0.990099009901,0,128,0.025,0.04862081964091891,3.078636336889934e-18,0.03053053306185482,6.157272673779869e-19,100,0
1.01,0.990099009901,0.1,128,0.025,0.04917688491526463,0.0007088455171517786,0.03043367680515903,0.0003754213762313853,100,0.0625
1.01,0.990099009901,0.2,128,0.025,0.04835601141347822,0.001014746148928073,0.02982450851344504,0.0006295083725236862,100,0.1484375
1.01,0.990099009901,0.3,128,0.025,0.04836027052354568,0.001120785538283185,0.02967061973149139,0.0006476098148209202,100,0.203125
1.01,0.990099009901,0.4,128,0.025,0.04877193635345926,0.001171307020730416,0.02954402590400235,0.0006319573231801863,100,0.234375
1.01,0.990099009901,0.5,128,0.025,0.04863969898763687,0.001136330365277931,0.02951759792448102,0.0006143378234110222,100,0.25
1.01,0.990099009901,0.6,128,0.025,0.04758727529470638,0.00125053515278528,0.02959497237400569,0.0007068802590195992,100,0.3046875
1.01,0.990099009901,0.7,128,0.025,0.04671905636112585,0.001295522692624379,0.02915391510467813,0.0007436110146352701,100,0.359375
1.01,0.990099009901,0.8,128,0.025,0.04652573723245571,0.001230736242537576,0.02901301292372609,0.0007251171929771277,100,0.3828125
1.01,0.990099009901,0.9,128,0.025,0.04649602049306113,0.001220028011712721,0.02928791131359335,0.0007343532613549088,100,0.4140625
1.01,0.990099009901,1,128,0.025,0.04689412275328728,0.001324480991617434,0.02908613655485909,0.0007097345187925905,100,0.46875
1.01,0.990099009901,1.1,128,0.025,0.04626823914446018,0.001320176201784035,0.0288415401271613,0.0007092449703673865,100,0.484375
1.01,0.990099009901,1.2,128,0.025,0.04563204481101047,0.001327667096039403,0.02813603300927185,0.0007575466957947833,100,0.5234375
1.01,0.990099009901,1.3,128,0.025,0.04531118423962417,0.001270767216070237,0.02814796569587376,0.0007125807071295672,100,0.5390625
1.01,0.990099009901,1.4,128,0.025,0.04502142631980248,0.001218487631099414,0.02816617555309717,0.0006534354856393306,100,0.5546875
1.01,0.990099009901,1.5,128,0.025,0.04441670153818338,0.001253489111894657,0.02794896445016523,0.0006712941731606533,100,0.640625
1.01,0.990099009901,1.6,128,0.025,0.04434511802201126,0.00122311042942,0.02821607578914609,0.001012455731360923,100,0.6875
1.01,0.990099009901,1.7,128,0.025,0.04352215039630273,0.001241928548032373,0.02792602872583685,0.000985994781711258,100,0.734375
1.01,0.990099009901,1.8,128,0.025,0.04312081968385411,0.001222754184983264,0.02721879851675787,0.0009834742319314209,100,0.7734375
1.01,0.990099009901,1.9,128,0.025,0.04238602572262823,0.001207122343231103,0.02756594734158498,0.001043780139589661,100,0.8046875
1.01,0.990099009901,2,128,0.025,0.04147237804410939,0.001234467946840808,0.02719828271541787,0.001003742014829499,100,0.8515625
1.01,0.990099009901,2.1,128,0.025,0.04092532296841608,0.001207535565121324,0.02688446099816131,0.0009897921019842309,100,0.90625
1.01,0.990099009901,2.2,128,0.025,0.04092303738779361,0.00119841003177379,0.02733698687967919,0.0009635110122430048,100,0.9453125
1.01,0.990099009901,2.3,128,0.025,0.04005364904571825,0.001247525280374775,0.02687139970945592,0.0009538481665871774,100,0.9765625
1.01,0.990099009901,2.4,128,0.025,0.0402822991209745,0.001288827965010209,0.02665782959701332,0.0009635614640427633,100,1.03125
1.01,0.990099009901,2.5,128,0.025,0.03994173667568297,0.001345754726082059,0.02702032693475791,0.001011685824828685,100,1.0859375
1.01,0.990099009901,2.6,128,0.025,0.03978976178640944,0.001342922704906186,0.02688668802435118,0.0009721354070634691,100,1.1171875
1.01,0.990099009901,2.7,128,0.025,0.03958299630159608,0.001324396162538404,0.02685609751688311,0.0009285418770476744,100,1.1640625
1.01,0.990099009901,2.8,128,0.025,0.03989619483554396,0.001369315006402984,0.02687408078027247,0.000869279888327554,100,1.2109375
1.01,0.990099009901,2.9,128,0.025,0.03936222047165683,0.001349960696741118,0.02621765532175579,0.0008730004923783006,100,1.28125
1.01,0.990099009901,3,128,0.025,0.04000045130034729,0.001675377173624044,0.02579997023452626,0.0009484964553496985,100,1.375
1.01,0.990099009901,3.1,128,0.025,0.0398256080296072,0.001740392700128502,0.02555443932362272,0.0009009503218697366,100,1.421875
1.01,0.990099009901,3.2,128,0.025,0.0395074745867624,0.001670404583592918,0.02560888306562557,0.0008562340491663792,100,1.4453125
1.01,0.990099009901,3.3,128,0.025,0.03918499741826365,0.001587497418931435,0.02558638679418999,0.0008152962500987812,100,1.453125
1.01,0.990099009901,3.4,128,0.025,0.03955088154533989,0.00159741192337458,0.02505396812456142,0.000854670111626247,100,1.5234375
1.01,0.990099009901,3.5,128,0.025,0.03887870065207661,0.001534584545008976,0.02490889264600099,0.0008266534908310297,100,1.5546875
1.01,0.990099009901,3.6,128,0.025,0.0376351429685636,0.001496065087467325,0.02451707427664383,0.0008241974998872789,100,1.578125
1.01,0.990099009901,3.7,128,0.025,0.03688766806705752,0.001421346265803489,0.02479437437130392,0.0007884125909593683,100,1.6484375
1.01,0.990099009901,3.8,128,0.025,0.03602068339226603,0.001371300714162426,0.02477189289436526,0.0007619452937529873,100,1.6875
1.01,0.990099009901,3.9,128,0.025,0.03541598772851379,0.001286478554870558,0.02481814005893851,0.0007330384508004048,100,1.71875
1.01,0.990099009901,4,128,0.025,0.03466148353296079,0.001216197297693624,0.02476613965961571,0.0007110430832877193,100,1.7265625
1.01,0.990099009901,0,256,0.025,0.04862081964091886,1.303591174766811e-18,0.03053053306185482,6.517955873834054e-19,100,0
1.01,0.990099009901,0.1,256,0.025,0.04875542227241335,0.0004335028161291525,0.03049938532494747,0.0002647629354030038,100,0.06640625
1.01,0.990099009901,0.2,256,0.025,0.04841212458690681,0.0005645089915457734,0.02993830855093571,0.000396976485958192,100,0.125
1.01,0.990099009901,0.3,256,0.025,0.04799010532833693,0.0006562905022756487,0.02958805587981585,0.0004416886031198073,100,0.171875
1.01,0.990099009901,0.4,256,0.025,0.04770146083112663,0.0007388261863597477,0.0290762904840569,0.0004720775569531415,100,0.2109375
1.01,0.990099009901,0.5,256,0.025,0.04771072279262914,0.0007334906096319176,0.02901742148916494,0.000464315390540775,100,0.23828125
1.01,0.990099009901,0.6,256,0.025,0.04713301802345777,0.0008056688551843611,0.02889603401821576,0.0005054248699048404,100,0.28125
1.01,0.990099009901,0.7,256,0.025,0.04648030626718641,0.0008596430035922657,0.0288277007228888,0.0005411882034395825,100,0.34765625
1.01,0.990099009901,0.8,256,0.025,0.04657237135185834,0.0008427728461675794,0.02861868349308207,0.0005294285885814265,100,0.39453125
1.01,0.990099009901,0.9,256,0.025,0.04634923379494762,0.000851363659818429,0.02850489450923192,0.0005117396478089571,100,0.43359375
1.01,0.990099009901,1,256,0.025,0.04616880059820078,0.000898440815545993,0.02839167457499638,0.0004986170057231109,100,0.484375
1.01,0.990099009901,1.1,256,0.025,0.04605917398063372,0.0009266617032776626,0.02848691705012971,0.0005060652199297661,100,0.515625
1.01,0.990099009901,1.2,256,0.025,0.04620163685939825,0.0009680335433668178,0.02792863021521835,0.0005420296109204016,100,0.5546875
1.01,0.990099009901,1.3,256,0.025,0.04601568041169807,0.0009274945663449649,0.02801625168249766,0.0005261950022036451,100,0.5859375
1.01,0.990099009901,1.4,256,0.025,0.0456394444690772,0.0008990050628610078,0.02810370317384411,0.0005018573855665526,100,0.609375
1.01,0.990099009901,1.5,256,0.025,0.04518974890942946,0.0008863710421159231,0.02809660229874833,0.0005158119908737891,100,0.671875
1.01,0.990099009901,1.6,256,0.025,0.04501734323967717,0.0008410227179483703,0.02832058663289047,0.0006276154321182474,100,0.71484375
1.01,0.990099009901,1.7,256,0.025,0.04427034462941546,0.0008622479511504769,0.02800646913307369,0.0006336522340299467,100,0.76171875
1.01,0.990099009901,1.8,256,0.025,0.04369618711087542,0.0008561761046094078,0.02741656923306468,0.0006473697843570442,100,0.80859375
1.01,0.990099009901,1.9,256,0.025,0.04258581842255128,0.0008629209004804701,0.02760175181449445,0.0006899348807197703,100,0.8515625
1.01,0.990099009901,2,256,0.025,0.04162654042415449,0.0008876889511352288,0.02743031409694005,0.000691975387447807,100,0.8984375
1.01,0.990099009901,2.1,256,0.025,0.04106611547395581,0.0008792120136218658,0.02690226250198468,0.000696877243006579,100,0.97265625
1.01,0.990099009901,2.2,256,0.025,0.04102354012214417,0.0008535870131412895,0.02702601660290362,0.0006809489554964194,100,1.00390625
1.01,0.990099009901,2.3,256,0.025,0.04030600695831418,0.0009017036922964703,0.02649359817459286,0.000675238533331234,100,1.05078125
1.01,0.990099009901,2.4,256,0.025,0.04011021646000318,0.0009183220812597607,0.02628292304752498,0.0006649457288823068,100,1.109375
1.01,0.990099009901,2.5,256,0.025,0.03963173602056731,0.0009187908674433379,0.02671433831710117,0.0006778111147175148,100,1.16796875
1.01,0.990099009901,2.6,256,0.025,0.03927210788112338,0.0009087175636716527,0.0266647465050817,0.0006751875464166163,100,1.19921875
1.01,0.990099009901,2.7,256,0.025,0.03896945769068135,0.0008981166742801629,0.02688328236982536,0.0006936818297414643,100,1.234375
1.01,0.990099009901,2.8,256,0.025,0.03907631126378062,0.0009056810342383637,0.02676002023740779,0.0006604324279117807,100,1.2734375
1.01,0.990099009901,2.9,256,0.025,0.03840989543894882,0.000907891016734262,0.02644077801444334,0.0006645614409577237,100,1.33203125
1.01,0.990099009901,3,256,0.025,0.03844962802217029,0.001032988397051637,0.02618666705991712,0.0006686119184174137,100,1.40625
1.01,0.990099009901,3.1,256,0.025,0.03802957151869507,0.001064151280389431,0.02588571369247997,0.0006373727220981211,100,1.44140625
1.01,0.990099009901,3.2,256,0.025,0.03763107048019496,0.001031157072853652,0.02583443839458519,0.0006059726607279325,100,1.46484375
1.01,0.990099009901,3.3,256,0.025,0.03727525678142801,0.001004219441669517,0.02568333698370453,0.0005996224084305779,100,1.48828125
1.01,0.990099009901,3.4,256,0.025,0.03748833452398579,0.001009419459273892,0.02552001247272119,0.0006134307714243024,100,1.54296875
1.01,0.990099009901,3.5,256,0.025,0.03725556966273281,0.00102253428020937,0.02528843504449615,0.0006021838581468454,100,1.6171875
1.01,0.990099009901,3.6,256,0.025,0.03625109446708323,0.0009521598812994752,0.02497869976786434,0.0005934445045598306,100,1.65234375
1.01,0.990099009901,3.7,256,0.025,0.03568180296099134,0.0009206143453967781,0.02497050299481413,0.0005796326450276819,100,1.69921875
1.01,0.990099009901,3.8,256,0.025,0.03508361099783545,0.000897056265326698,0.02482684385137425,0.0005666703071507245,100,1.7265625
1.01,0.990099009901,3.9,256,0.025,0.0347366883364826,0.0008549963174430073,0.02481322990859647,0.0005430845928153182,100,1.7578125
1.01,0.990099009901,4,256,0.025,0.03416006574004661,0.0008179298390475846,0.02477604281960446,0.0005251341021155293,100,1.76953125
1.02,0.980392156863,0,4,0.025,0.05851569990430334,0,0.02269655542640119,0,100,0
1.02,0.980392156863,0.1,4,0.025,0.05838100704167363,0,0.02264808661592777,0,100,0
1.02,0.980392156863,0.2,4,0.025,0.0582476789274715,0,0.02260048333296719,0,100,0
1.02,0.980392156863,0.3,4,0.025,0.05811710669268513,0,0.02255437251083568,0,100,0
1.02,0.980392156863,0.4,4,0.025,0.05798966323453339,0,0.02250961853145384,0,100,0
1.02,0.980392156863,0.5,4,0.025,0.05786520818924058,0,0.02246581737870882,0,100,0
1.02,0.980392156863,0.6,4,0.025,0.05774517114974158,0,0.02242345024756583,0,100,0
1.02,0.980392156863,0.7,4,0.025,0.05894889278673864,0.00131667697119912,0.02097114165849273,0.001412765141521898,100,0.25
1.02,0.980392156863,0.8,4,0.025,0.05884751099997609,0.00131934124943258,0.02097870532642544,0.001369361047564867,100,0.25
1.02,0.980392156863,0.9,4,0.025,0.0587750159391402,0.00134231781147582,0.02105740768546773,0.001258280523903508,100,0.25
1.02,0.980392156863,1,4,0.025,0.05873814335936059,0.00139388603455794,0.02119690243273178,0.001089363340146463,100,0.25
1.02,0.980392156863,1.1,4,0.025,0.05874217644237825,0.00147994166952053,0.021384568568934,0.0008751346177654201,100,0.25
1.02,0.980392156863,1.2,4,0.025,0.05879120061436721,0.001602953907659892,0.02161038859421317,0.0006263232404725844,100,0.25
1.02,0.980392156863,1.3,4,0.025,0.05888980061892173,0.001764843684976191,0.02186411241630542,0.0003538403922603208,100,0.25
1.02,0.980392156863,1.4,4,0.025,0.05904511139337966,0.001971105761494205,0.02212620100611538,7.716472086932019e-05,100,0.25
1.02,0.980392156863,1.5,4,0.025,0.05926461453659107,0.002229596707311477,0.0223640878196144,0.0001713039922697623,100,0.25
1.02,0.980392156863,1.6,4,0.025,0.05954727196992411,0.002541252579668366,0.02254238048457655,0.00035597608124412,100,0.25
1.02,0.980392156863,1.7,4,0.025,0.05987319112671553,0.002887740173953632,0.02264229626208041,0.0004578548990423499,100,0.25
1.02,0.980392156863,1.8,4,0.025,0.06173938732120934,0.003077119708140065,0.02249190952653986,0.0005653134070692759,100,0.5
1.02,0.980392156863,1.9,4,0.025,0.06211874229012887,0.00333808881858289,0.02245709171788911,0.0005235851235645398,100,0.5
1.02,0.980392156863,2,4,0.025,0.06248625024912459,0.003526722579225732,0.02236260844810272,0.0004156292470469061,100,0.5
1.02,0.980392156863,2.1,4,0.025,0.06283062839022244,0.00365136933751476,0.0221961377940472,0.0002375751304880574,100,0.5
1.02,0.980392156863,2.2,4,0.025,0.06314883933703569,0.003739297511969396,0.02195364724613403,0.0001619677715302984,100,0.5
1.02,0.980392156863,2.3,4,0.025,0.06341238034375288,0.003792969068865653,0.02165511133107476,0.0004798683081270838,100,0.5
1.02,0.980392156863,2.4,4,0.025,0.06354884396107024,0.003775163214510029,0.02134366425040244,0.0008880450879745275,100,0.5
1.02,0.980392156863,2.5,4,0.025,0.06346180720549624,0.00364509383760814,0.02106365568200047,0.00131588454046993,100,0.5
1.02,0.980392156863,2.6,4,0.025,0.06309056148676015,0.003417220462554763,0.02084233422142699,0.001731216176431327,100,0.5
1.02,0.980392156863,2.7,4,0.025,0.06245622376002761,0.003172242923018897,0.02069165434495211,0.00211501907885792,100,0.5
1.02,0.980392156863,2.8,4,0.025,0.06292588427195468,0.004200119101686775,0.01952750309500872,0.002134829484690958,100,0.75
1.02,0.980392156863,2.9,4,0.025,0.05919359157863122,0.005544893732726165,0.02158383922766383,0.0005011130521084893,100,1
1.02,0.980392156863,3,4,0.025,0.07251973145918282,0.01167582033762398,0.02028239594630856,0.001258326923274901,100,1.25
1.02,0.980392156863,3.1,4,0.025,0.07173235266073112,0.01195172632157145,0.02048625592335031,0.00124094588293707,100,1.25
1.02,0.980392156863,3.2,4,0.025,0.06942352414802604,0.01294415733936711,0.02074427102792317,0.001168668940826914,100,1.25
1.02,0.980392156863,3.3,4,0.025,0.06750113328417032,0.01334531358912869,0.02102698037330713,0.001044579574230244,100,1.25
1.02,0.980392156863,3.4,4,0.025,0.06704455394645246,0.0124038199966481,0.0213224028986428,0.0008811334691696696,100,1.25
1.02,0.980392156863,3.5,4,0.025,0.06731860257381059,0.01098032193358689,0.02159885778441133,0.0007032246782088795,100,1.25
1.02,0.980392156863,3.6,4,0.025,0.06663938473383962,0.01014605873338282,0.02177268307496502,0.0006127590617747738,100,1.25
1.02,0.980392156863,3.7,4,0.025,0.0641684160217509,0.009755493063061541,0.02176552872452564,0.0007764253423266543,100,1.25
1.02,0.980392156863,3.8,4,0.025,0.06064410171493734,0.009324712220320464,0.02158648122375615,0.001121455882035734,100,1.25
1.02,0.980392156863,3.9,4,0.025,0.05731258703506256,0.008559038519994042,0.02132181805233606,0.001460971252605889,100,1.25
1.02,0.980392156863,4,4,0.025,0.05474012539815823,0.007554135006976092,0.02106076841929213,0.001697680131760359,100,1.25
1.02,0.980392156863,0,8,0.025,0.05851569990430334,0,0.02269655542640119,1.311327688828617e-18,100,0
1.02,0.980392156863,0.1,8,0.025,0.05838100704167364,2.622655377657235e-18,0.02264808661592777,1.311327688828617e-18,100,0
1.02,0.980392156863,0.2,8,0.025,0.05824767892747151,2.622655377657235e-18,0.02260048333296719,0,100,0
1.02,0.980392156863,0.3,8,0.025,0.05811710669268512,2.622655377657235e-18,0.02255437251083568,1.311327688828617e-18,100,0
1.02,0.980392156863,0.4,8,0.025,0.05798966323453338,5.24531075531447e-18,0.02250961853145384,1.311327688828617e-18,100,0
1.02,0.980392156863,0.5,8,0.025,0.05786520818924058,2.622655377657235e-18,0.02246581737870882,0,100,0
1.02,0.980392156863,0.6,8,0.025,0.05774517114974159,2.622655377657235e-18,0.02242345024756583,0,100,0
1.02,0.980392156863,0.7,8,0.025,0.05829055430113907,0.0006583384855995603,0.02167752422925368,0.000706382570760949,100,0.125
1.02,0.980392156863,0.8,8,0.025,0.0581878403752598,0.0006596706247162902,0.02166338585020787,0.0006846805237824336,100,0.125
1.02,0.980392156863,0.9,8,0.025,0.05810385703340229,0.0006711589057379098,0.02168654794741948,0.0006291402619517541,100,0.125
1.02,0.980392156863,1,8,0.025,0.05806741262095808,0.0006936837114610714,0.02174068368059807,0.0005445537675636686,100,0.25
1.02,0.980392156863,1.1,8,0.025,0.05802807646652378,0.000736720105926386,0.0218209010457473,0.0004373926118000046,100,0.25
1.02,0.980392156863,1.2,8,0.025,0.05801464950964362,0.0007982974070834072,0.02192147961963972,0.0003128725328336613,100,0.25
1.02,0.980392156863,1.3,8,0.025,0.05802986805839675,0.0008794907994378538,0.02203740003128934,0.0001764378912065592,100,0.25
1.02,0.980392156863,1.4,8,0.025,0.05807762154135726,0.000983135010078914,0.02215802038896527,3.820712637356823e-05,100,0.25
1.02,0.980392156863,1.5,8,0.025,0.05816123234379886,0.001113224816957178,0.0222653336617987,8.847919059747397e-05,100,0.25
1.02,0.980392156863,1.6,8,0.025,0.05827914626747524,0.001270271474097551,0.0223402173449301,0.0001830124910395936,100,0.25
1.02,0.980392156863,1.7,8,0.025,0.05841937313891184,0.001445324752160038,0.02237267922966502,0.0002381697653747746,100,0.25
1.02,0.980392156863,1.8,8,0.025,0.05932810905911291,0.001691239440231582,0.02227576290264458,0.000280391215898445,100,0.375
1.02,0.980392156863,1.9,8,0.025,0.05948965675541106,0.001837875474020765,0.02223097715051333,0.0002713415033725588,100,0.375
1.02,0.980392156863,2,8,0.025,0.05963943824973946,0.001957146132270864,0.02214871725366527,0.0002427319824391936,100,0.375
1.02,0.980392156863,2.1,8,0.025,0.05976965478387292,0.002052646742598814,0.02202122920842172,0.0002138827963419839,100,0.375
1.02,0.980392156863,2.2,8,0.025,0.05987535243604863,0.002136724424097656,0.02184633403577667,0.0002442493017317886,100,0.375
1.02,0.980392156863,2.3,8,0.025,0.05993753717457086,0.002210183203106183,0.02163423734802517,0.0003709362374037694,100,0.375
1.02,0.980392156863,2.4,8,0.025,0.05991576678537446,0.002254980789409365,0.0214081834216103,0.0005559611357057506,100,0.375
1.02,0.980392156863,2.5,8,0.025,0.05975958301572364,0.002250376320352734,0.02119281052674308,0.0007624845857977933,100,0.375
1.02,0.980392156863,2.6,8,0.025,0.05943842536761473,0.002200924922521912,0.02100284259996599,0.0009700981053108064,100,0.375
1.02,0.980392156863,2.7,8,0.025,0.0589636273119305,0.002143941791631375,0.02084637655863998,0.001167543566171735,100,0.375
1.02,0.980392156863,2.8,8,0.025,0.05903439477287259,0.002649157642251869,0.02018192054409067,0.001248915890351639,100,0.625
1.02,0.980392156863,2.9,8,0.025,0.056967995161616,0.002978180293505074,0.02113504150540585,0.0008580557925281673,100,0.75
1.02,0.980392156863,3,8,0.025,0.06341113610619278,0.006579424301052094,0.02041752474387396,0.001062582463974876,100,0.875
1.02,0.980392156863,3.1,8,0.025,0.06278149770155025,0.006715096333884294,0.02046261185813906,0.001115816101944672,100,0.875
1.02,0.980392156863,3.2,8,0.025,0.06138298290834145,0.00701044002377086,0.02054500438413698,0.001152959059628254,100,0.875
1.02,0.980392156863,3.3,8,0.025,0.06017733446301486,0.007136601625599812,0.02064821849445889,0.001177435091652691,100,0.875
1.02,0.980392156863,3.4,8,0.025,0.05971050067612589,0.006852420459713466,0.0207640708347763,0.001195273635058332,100,0.875
1.02,0.980392156863,3.5,8,0.025,0.05961633108145509,0.006472786285659405,0.02087497209478854,0.001211810806243222,100,0.875
1.02,0.980392156863,3.6,8,0.025,0.05251345708454965,0.00916482258334329,0.01820610225777147,0.002753746815052136,100,1
1.02,0.980392156863,3.7,8,0.025,0.05112435587434495,0.008827078772166836,0.01822867851513554,0.002713979995914732,100,1.125
1.02,0.980392156863,3.8,8,0.025,0.04998230039769184,0.007855116128630203,0.01824909101715182,0.002596972254074817,100,1.125
1.02,0.980392156863,3.9,8,0.025,0.04849643174532486,0.007180329297818853,0.01816992891259198,0.002527226493239629,100,1.125
1.02,0.980392156863,4,8,0.025,0.04671091565442125,0.006992585800261421,0.01795216479764454,0.002565799494346284,100,1.125
1.02,0.980392156863,0,16,0.025,0.05851569990430336,5.374844106186573e-18,0.0226965554264012,1.791614702062191e-18,100,0
1.02,0.980392156863,0.1,16,0.025,0.05817968003049962,0.0002013270111739938,0.02282129216928984,0.0001732055533620685,100,0.0625
1.02,0.980392156863,0.2,16,0.025,0.05804709280298946,0.000200586124482044,0.02277272102166162,0.0001722376886944259,100,0.0625
1.02,0.980392156863,0.3,16,0.025,0.05791689186130691,0.0002002148313782078,0.02272552830019269,0.0001711557893570098,100,0.0625
1.02,0.980392156863,0.4,16,0.025,0.05778935147136582,0.0002003117631675473,0.02267943184873617,0.0001698133172823317,100,0.0625
1.02,0.980392156863,0.5,16,0.025,0.0574326862668302,0.0002963196361120919,0.02280397867100898,0.0002310127620165582,100,0.125
1.02,0.980392156863,0.6,16,0.025,0.05731269884638072,0.000296163955008436,0.02275829884439864,0.0002287587985316429,100,0.125
1.02,0.980392156863,0.7,16,0.025,0.05444085611383592,0.003535081110779912,0.02119687133839767,0.001203219347091041,100,0.3125
1.02,0.980392156863,0.8,16,0.025,0.0544123059438575,0.003484637711183941,0.02128004110596124,0.001096395707759417,100,0.3125
1.02,0.980392156863,0.9,16,0.025,0.05449969933358287,0.003353375195926198,0.02148369572024255,0.0008941797086768693,100,0.3125
1.02,0.980392156863,1,16,0.025,0.05482223472161305,0.003169815993970565,0.02149413390953248,0.0007727277691534141,100,0.4375
1.02,0.980392156863,1.1,16,0.025,0.05503731791487518,0.002968759540353118,0.02141575037364164,0.0008460886250163483,100,0.4375
1.02,0.980392156863,1.2,16,0.025,0.05525048193468304,0.002787529039181812,0.02128720296561499,0.0009864148353792728,100,0.4375
1.02,0.980392156863,1.3,16,0.025,0.05543344360280848,0.002649841263389539,0.02128904640880938,0.001018739210056468,100,0.4375
1.02,0.980392156863,1.4,16,0.025,0.05557098137502205,0.00256253699417609,0.02145704071813063,0.0008970279314454543,100,0.4375
1.02,0.980392156863,1.5,16,0.025,0.05565252135294285,0.00252353578447573,0.02167198870358353,0.0007262763567316363,100,0.4375
1.02,0.980392156863,1.6,16,0.025,0.05565803512758742,0.00253376254245139,0.02180620233492639,0.0006230491813840992,100,0.4375
1.02,0.980392156863,1.7,16,0.025,0.05503285818449925,0.002704757955622233,0.02238679929414211,0.0008393109187829542,100,0.5
1.02,0.980392156863,1.8,16,0.025,0.05525537575781883,0.002851400588222316,0.02233602296282079,0.0008263235615109321,100,0.5625
1.02,0.980392156863,1.9,16,0.025,0.05505369259905211,0.002953914519794858,0.02233900285463997,0.0007849773899206024,100,0.5625
1.02,0.980392156863,2,16,0.025,0.05485032030128631,0.003014222910247466,0.0223462203513258,0.0007237391580917068,100,0.5625
1.02,0.980392156863,2.1,16,0.025,0.05466139694783931,0.003021233986352609,0.02231654996087087,0.0006746823784304181,100,0.5625
1.02,0.980392156863,2.2,16,0.025,0.05445475967335645,0.003006824459153954,0.02221693270200084,0.0006606350799218619,100,0.5625
1.02,0.980392156863,2.3,16,0.025,0.05417480624942492,0.003015118950523016,0.02204236412161346,0.0006832820897860528,100,0.5625
1.02,0.980392156863,2.4,16,0.025,0.05363037884664737,0.003054682879367271,0.02264827995059733,0.001418437705686317,100,0.625
1.02,0.980392156863,2.5,16,0.025,0.05316996814273971,0.003124681619802298,0.02237991299811199,0.001435634731698513,100,0.625
1.02,0.980392156863,2.6,16,0.025,0.05160956915414959,0.003885719844518321,0.02264115029411972,0.001384714244950207,100,0.6875
1.02,0.980392156863,2.7,16,0.025,0.05090324737739597,0.003961225632414998,0.02266187942613761,0.001393468785412386,100,0.75
1.02,0.980392156863,2.8,16,0.025,0.05081382262218778,0.004005761087603511,0.02224301965825543,0.001388198998996075,100,0.875
1.02,0.980392156863,2.9,16,0.025,0.04978868397034138,0.003851354220315068,0.02267937556790028,0.001224813502292921,100,0.9375
1.02,0.980392156863,3,16,0.025,0.0531438891895096,0.005075946796265144,0.02232079711763133,0.001247816350995701,100,1
1.02,0.980392156863,3.1,16,0.025,0.05305715566255057,0.004975025581130692,0.02235264038244516,0.001204710801414761,100,1
1.02,0.980392156863,3.2,16,0.025,0.05264570879516614,0.004877843123183209,0.02237465584848486,0.001152324303499902,100,1
1.02,0.980392156863,3.3,16,0.025,0.0523642796274201,0.004749845569670012,0.022356239148985,0.00109818970195321,100,1
1.02,0.980392156863,3.4,16,0.025,0.05228395079195186,0.004579738198410199,0.02287289472089216,0.001216097462864015,100,1.0625
1.02,0.980392156863,3.5,16,0.025,0.05250486781173133,0.004375712839073283,0.02306119001521227,0.001265710093210021,100,1.0625
1.02,0.980392156863,3.6,16,0.025,0.04912159318514928,0.005122327735613313,0.02177610408726498,0.001886693841818524,100,1.125
1.02,0.980392156863,3.7,16,0.025,0.04849562755414622,0.004950796955122802,0.02177885374498516,0.001854180693981173,100,1.1875
1.02,0.980392156863,3.8,16,0.025,0.04790857628598542,0.00454005964083149,0.021755636085697,0.001796470704529925,100,1.1875
1.02,0.980392156863,3.9,16,0.025,0.04786968883013605,0.004054926441753706,0.02154478619706555,0.001767670753422494,100,1.25
1.02,0.980392156863,4,16,0.025,0.04683302081955107,0.004000099829854989,0.02133706668172872,0.001748868247520622,100,1.25
1.02,0.980392156863,0,32,0.025,0.05851569990430331,4.985048541372019e-18,0.02269655542640117,2.49252427068601e-18,100,0
1.02,0.980392156863,0.1,32,0.025,0.05828034353608667,0.0001006635055869969,0.0227346893926088,8.660277668103425e-05,100,0.03125
1.02,0.980392156863,0.2,32,0.025,0.05649653863894817,0.001650658481523173,0.02206347393423751,0.0006317969587886729,100,0.0625
1.02,0.980392156863,0.3,32,0.025,0.05657837932007957,0.001626605730316141,0.02188769968285224,0.0006336308211709105,100,0.125
1.02,0.980392156863,0.4,32,0.025,0.05655094608291385,0.001527980127633602,0.02185435249129356,0.0006223711660286779,100,0.125
1.02,0.980392156863,0.5,32,0.025,0.05642894656379769,0.001415564932279348,0.02191182616239139,0.0006153737037376303,100,0.1875
1.02,0.980392156863,0.6,32,0.025,0.05646730152157257,0.001268578551932858,0.02188999837908138,0.0005950886382008804,100,0.1875
1.02,0.980392156863,0.7,32,0.025,0.05513813570539489,0.002066065485548749,0.02111273311118265,0.0008034472040580808,100,0.28125
1.02,0.980392156863,0.8,32,0.025,0.05539561180798822,0.001990199170687112,0.02060151559990033,0.0009143271133485064,100,0.3125
1.02,0.980392156863,0.9,32,0.025,0.05534749580529708,0.001864515114901803,0.02173686604754424,0.001320280480707912,100,0.375
1.02,0.980392156863,1,32,0.025,0.05558206390281411,0.001724154435087766,0.02185362949667556,0.001278316304852333,100,0.4375
1.02,0.980392156863,1.1,32,0.025,0.0557512345418532,0.00159319007990718,0.02195125143057173,0.001261409314160275,100,0.4375
1.02,0.980392156863,1.2,32,0.025,0.05592409558354424,0.001502099448773503,0.02199006601477341,0.001249323450629128,100,0.46875
1.02,0.980392156863,1.3,32,0.025,0.05594206749394917,0.001471411732441651,0.02216140481802323,0.001213941335688241,100,0.5
1.02,0.980392156863,1.4,32,0.025,0.05603006986877541,0.001504463214981883,0.02230318237189887,0.001141621771925988,100,0.5
1.02,0.980392156863,1.5,32,0.025,0.05618292802465562,0.00160907069695138,0.02235322065074263,0.001087114575235872,100,0.5625
1.02,0.980392156863,1.6,32,0.025,0.05668072267944083,0.001783435415002982,0.02184908295545186,0.00119106538048454,100,0.59375
1.02,0.980392156863,1.7,32,0.025,0.05547122555424342,0.001939569387777137,0.02151294157270675,0.001292746719850611,100,0.6875
1.02,0.980392156863,1.8,32,0.025,0.05391923083989089,0.002557774543419467,0.02076624024104557,0.001343726519690092,100,0.75
1.02,0.980392156863,1.9,32,0.025,0.05357003629703067,0.002595087294469423,0.02071537376109507,0.001248640736080645,100,0.75
1.02,0.980392156863,2,32,0.025,0.05320188941590677,0.002606859241222173,0.02066980022156178,0.001143481666203504,100,0.75
1.02,0.980392156863,2.1,32,0.025,0.05288128172354487,0.002588807889533912,0.02061423526472638,0.001037990150160343,100,0.78125
1.02,0.980392156863,2.2,32,0.025,0.05170735349544108,0.002856406958492981,0.02094637913512616,0.000835209038379021,100,0.8125
1.02,0.980392156863,2.3,32,0.025,0.05165783727448736,0.002736263378382659,0.02091365341267176,0.000763245046069559,100,0.8125
1.02,0.980392156863,2.4,32,0.025,0.05130603391805354,0.002702236608976537,0.02125999858850317,0.0009474170035865008,100,0.84375
1.02,0.980392156863,2.5,32,0.025,0.05211805218651101,0.003214148350550783,0.02197755712950446,0.001363465164527648,100,0.90625
1.02,0.980392156863,2.6,32,0.025,0.05105512610964021,0.003419923090494012,0.02162363893483103,0.001435714608267143,100,0.96875
1.02,0.980392156863,2.7,32,0.025,0.05024442986490351,0.003552753369837392,0.02157775712047885,0.001486943586646602,100,1.03125
1.02,0.980392156863,2.8,32,0.025,0.05018436253846813,0.003485904864374265,0.02181839806485545,0.001431583521260028,100,1.125
1.02,0.980392156863,2.9,32,0.025,0.04773571833625127,0.003602348389929062,0.02197247321626459,0.001425595637382472,100,1.1875
1.02,0.980392156863,3,32,0.025,0.05077010385466678,0.004293387460999733,0.02129801653663848,0.001457729616445462,100,1.3125
1.02,0.980392156863,3.1,32,0.025,0.05053302269245224,0.0042143931469727,0.02140421377890698,0.001391733059328146,100,1.3125
1.02,0.980392156863,3.2,32,0.025,0.05003935833641378,0.004144616152283368,0.02154879601102843,0.001307729285357614,100,1.3125
1.02,0.980392156863,3.3,32,0.025,0.04956591759882896,0.004033463800994995,0.02175457720729077,0.001191893668191627,100,1.3125
1.02,0.980392156863,3.4,32,0.025,0.04904510692968685,0.003903902859362824,0.02170229329421859,0.001236861542475407,100,1.40625
1.02,0.980392156863,3.5,32,0.025,0.04885383130686445,0.003684246519685947,0.02200709219433038,0.001126445585363679,100,1.40625
1.02,0.980392156863,3.6,32,0.025,0.04681652131138556,0.003721972304629757,0.02148102388304837,0.001224816727807713,100,1.4375
1.02,0.980392156863,3.7,32,0.025,0.04606964374152024,0.003542562109392771,0.02152336395659186,0.001160073459598847,100,1.46875
1.02,0.980392156863,3.8,32,0.025,0.04531844488042185,0.003290615514349131,0.02140780913624049,0.001130871682362383,100,1.5
1.02,0.980392156863,3.9,32,0.025,0.04478942680919067,0.003038185076642153,0.0212921220350358,0.001096556655966208,100,1.53125
1.02,0.980392156863,4,32,0.025,0.04385671639781467,0.002921160061929537,0.02114876129229305,0.00106861199968474,100,1.5625
1.02,0.980392156863,0,64,0.025,0.05851569990430333,8.742184592190784e-19,0.02269655542640118,1.311327688828617e-18,100,0
1.02,0.980392156863,0.1,64,0.025,0.05747136795126798,0.0008802180878297738,0.02317831575434227,0.0004878866303395045,100,0.0625
1.02,0.980392156863,0.2,64,0.025,0.05561595058308542,0.001850718109552408,0.02291027202801934,0.0008153171027614189,100,0.140625
1.02,0.980392156863,0.3,64,0.025,0.05579052711198542,0.001801243641801402,0.02261750263824648,0.0008581355671242448,100,0.203125
1.02,0.980392156863,0.4,64,0.025,0.05587464043828274,0.001712834714073044,0.02262093039218426,0.0008438871763545928,100,0.203125
1.02,0.980392156863,0.5,64,0.025,0.05590177257528191,0.001609162248303295,0.0226110964040664,0.000826708145160796,100,0.234375
1.02,0.980392156863,0.6,64,0.025,0.05621835075341072,0.00152000332177785,0.02260376235709155,0.0008072081914220962,100,0.25
1.02,0.980392156863,0.7,64,0.025,0.05467578473369115,0.001818886750286854,0.02180915468012111,0.0008374857143170151,100,0.328125
1.02,0.980392156863,0.8,64,0.025,0.05466587308546603,0.001720969153899251,0.02157910068990746,0.0008206913763237617,100,0.359375
1.02,0.980392156863,0.9,64,0.025,0.05443251936500629,0.001617813669771904,0.02219344110545563,0.0008962488683377485,100,0.390625
1.02,0.980392156863,1,64,0.025,0.05429278031479882,0.001529590329461764,0.02223039061698014,0.0008477590019223371,100,0.421875
1.02,0.980392156863,1.1,64,0.025,0.05320745188796466,0.001675954388948678,0.02194712596288478,0.0008664599964237309,100,0.453125
1.02,0.980392156863,1.2,64,0.025,0.05315875348880956,0.001713681865223916,0.02152086080022687,0.0008821239159449718,100,0.484375
1.02,0.980392156863,1.3,64,0.025,0.05285297003351795,0.001691241960088738,0.0215613376640367,0.0008235874418717931,100,0.515625
1.02,0.980392156863,1.4,64,0.025,0.05251090139817765,0.001677361905360563,0.02172285389500598,0.0007469819968546561,100,0.53125
1.02,0.980392156863,1.5,64,0.025,0.05237717195024284,0.001684941611802263,0.02170487235057711,0.0007039215328774594,100,0.578125
1.02,0.980392156863,1.6,64,0.025,0.05240916959461476,0.001767392753913547,0.02298638059582366,0.001903522728145265,100,0.625
1.02,0.980392156863,1.7,64,0.025,0.05079096682782188,0.001901010938987113,0.02253522458389868,0.001829921485074976,100,0.6875
1.02,0.980392156863,1.8,64,0.025,0.05042963535523703,0.001945918978654372,0.02166507492518385,0.001754921490961163,100,0.75
1.02,0.980392156863,1.9,64,0.025,0.05027970997005164,0.001913928074782581,0.02149920011360355,0.001601476559266879,100,0.75
1.02,0.980392156863,2,64,0.025,0.05028265771493754,0.001915037487942493,0.02112574268399234,0.001472901776662138,100,0.78125
1.02,0.980392156863,2.1,64,0.025,0.05021279160222118,0.001864322892317427,0.02070471711914001,0.001349749172547808,100,0.8125
1.02,0.980392156863,2.2,64,0.025,0.05016364514989839,0.001925110917217913,0.02140964521116099,0.001305937337023353,100,0.875
1.02,0.980392156863,2.3,64,0.025,0.04991037872563628,0.001969895037274668,0.02141179313916006,0.001217912958027716,100,0.90625
1.02,0.980392156863,2.4,64,0.025,0.04980248015202571,0.001890367169757624,0.02162131702832095,0.001180686640429427,100,0.9375
1.02,0.980392156863,2.5,64,0.025,0.05018446920365143,0.002037539356750092,0.02321212974635077,0.001476212441785448,100,0.984375
1.02,0.980392156863,2.6,64,0.025,0.04970285906624457,0.002089248888515974,0.02305584455516887,0.001414096038693537,100,1.015625
1.02,0.980392156863,2.7,64,0.025,0.0492055573942573,0.002130331039158637,0.02307138950747867,0.001337888456593729,100,1.0625
1.02,0.980392156863,2.8,64,0.025,0.04925693459407167,0.00210425660064929,0.02317862678647451,0.001254873902479378,100,1.125
1.02,0.980392156863,2.9,64,0.025,0.04807511110570037,0.002118692060650347,0.02321769590683384,0.001214495381408636,100,1.171875
1.02,0.980392156863,3,64,0.025,0.04943310966845413,0.002631919377834249,0.02318844080346696,0.001330743031134852,100,1.28125
1.02,0.980392156863,3.1,64,0.025,0.04892424199567884,0.002925140497007775,0.02271870314679692,0.00125529427107012,100,1.34375
1.02,0.980392156863,3.2,64,0.025,0.04840719592687959,0.002802657011544716,0.02291682396152817,0.001175478031085325,100,1.390625
1.02,0.980392156863,3.3,64,0.025,0.04778484799703214,0.002666150749982767,0.02295812679890405,0.001087092930381265,100,1.390625
1.02,0.980392156863,3.4,64,0.025,0.04786210202500655,0.002685881629752471,0.02270039208113407,0.001059439760282038,100,1.46875
1.02,0.980392156863,3.5,64,0.025,0.04734399246674684,0.002547371319100304,0.02259968183732867,0.001003298621942464,100,1.484375
1.02,0.980392156863,3.6,64,0.025,0.04510951289319025,0.002573962526283949,0.02180031278935918,0.001061938950614354,100,1.53125
1.02,0.980392156863,3.7,64,0.025,0.04436524376666262,0.002453645333245617,0.02170007786854783,0.001003088204971296,100,1.5625
1.02,0.980392156863,3.8,64,0.025,0.04336692696631167,0.002362142732587155,0.02134884149746219,0.0009831763759187723,100,1.59375
1.02,0.980392156863,3.9,64,0.025,0.0427636307628191,0.002234181998773934,0.02125151309767342,0.0009309379247820139,100,1.625
1.02,0.980392156863,4,64,0.025,0.04183055357434749,0.002162915673020856,0.02111241172995254,0.0008838696198356289,100,1.640625
1.02,0.980392156863,0,128,0.025,0.05851569990430333,6.157272673779869e-19,0.02269655542640119,3.078636336889934e-19,100,0
1.02,0.980392156863,0.1,128,0.025,0.05904147377304705,0.0007802384152429243,0.02265338429110761,0.0003056405204355637,100,0.0625
1.02,0.980392156863,0.2,128,0.025,0.05800493075824217,0.001150866153255959,0.02226906986636277,0.0004924654055822956,100,0.1484375
1.02,0.980392156863,0.3,128,0.025,0.0579395430836005,0.001270210522437597,0.02216744388957443,0.0005055593793387639,100,0.203125
1.02,0.980392156863,0.4,128,0.025,0.05833357586958526,0.001306687952861941,0.02207546500568539,0.0004946495885215911,100,0.234375
1.02,0.980392156863,0.5,128,0.025,0.05817532474212143,0.00126256428935093,0.02206228503382375,0.0004804422196670772,100,0.25
1.02,0.980392156863,0.6,128,0.025,0.05687612134473655,0.001413843300564305,0.02215557128214827,0.0005573367068212323,100,0.3046875
1.02,0.980392156863,0.7,128,0.025,0.05591698467825212,0.001465866213083497,0.02175876161100647,0.0005637891328748672,100,0.359375
1.02,0.980392156863,0.8,128,0.025,0.0557150967810681,0.001393056631756907,0.0216502060470882,0.0005473789848060696,100,0.3828125
1.02,0.980392156863,0.9,128,0.025,0.05568538255004438,0.00138224551474945,0.02188728164919389,0.0005704422338158045,100,0.421875
1.02,0.980392156863,1,128,0.025,0.05602475890580947,0.001472320541481227,0.02173389065306475,0.0005519709251210768,100,0.4765625
1.02,0.980392156863,1.1,128,0.025,0.0552271324758166,0.001479526919928509,0.02157006482552723,0.0005481708959773029,100,0.4921875
1.02,0.980392156863,1.2,128,0.025,0.05442214251123759,0.001500361049299434,0.02107506430262957,0.0005760973732099364,100,0.53125
1.02,0.980392156863,1.3,128,0.025,0.05399022281661325,0.001443237284549529,0.02109940401168573,0.0005401677858352538,100,0.546875
1.02,0.980392156863,1.4,128,0.025,0.05355670889545928,0.001393388932481775,0.02116446355198331,0.0004958579485674906,100,0.5625
1.02,0.980392156863,1.5,128,0.025,0.05277988710249254,0.00145156193768344,0.0209922218494733,0.0005071622474625446,100,0.6484375
1.02,0.980392156863,1.6,128,0.025,0.05252706196298246,0.001452026640456782,0.02156747471008555,0.001022293336847773,100,0.6953125
1.02,0.980392156863,1.7,128,0.025,0.05150567198840243,0.001471054436202451,0.02135817841451487,0.0009786754631115027,100,0.7421875
1.02,0.980392156863,1.8,128,0.025,0.05102606088449058,0.001452049398350167,0.02098660135963065,0.0009363346791747479,100,0.78125
1.02,0.980392156863,1.9,128,0.025,0.05015103684085696,0.00143981693025885,0.02128495285960132,0.0009493125088906277,100,0.8125
1.02,0.980392156863,2,128,0.025,0.04903194824026713,0.001477926074287919,0.0210023415484522,0.0008999480492340083,100,0.859375
1.02,0.980392156863,2.1,128,0.025,0.04850232730912767,0.001445044316323629,0.02074648035934359,0.000875679605703917,100,0.9140625
1.02,0.980392156863,2.2,128,0.025,0.04840731811574902,0.001435892138551454,0.02112619228326341,0.000851708681310196,100,0.953125
1.02,0.980392156863,2.3,128,0.025,0.04724839870863082,0.001507646258613808,0.02082087928820179,0.0008352153465157837,100,0.984375
1.02,0.980392156863,2.4,128,0.025,0.04739642154233544,0.001549409241928471,0.02066997084942839,0.0008320164019634663,100,1.0390625
1.02,0.980392156863,2.5,128,0.025,0.04683640817917296,0.00162382934587293,0.02124915601130755,0.0009554780728202569,100,1.09375
1.02,0.980392156863,2.6,128,0.025,0.04661314156662429,0.001629168294921729,0.02120643665721772,0.0009160237233094908,100,1.125
1.02,0.980392156863,2.7,128,0.025,0.04628220232486146,0.001615324030327852,0.02127224329753985,0.0008695340512169928,100,1.171875
1.02,0.980392156863,2.8,128,0.025,0.04649301626843105,0.001664313478766703,0.02134201222239439,0.000819749766223938,100,1.21875
1.02,0.980392156863,2.9,128,0.025,0.04596535849425517,0.001635294178719753,0.02106697738778915,0.0007899138750668328,100,1.2890625
1.02,0.980392156863,3,128,0.025,0.04654789184838663,0.001982726105830767,0.02090097129817018,0.0008473638871354378,100,1.3828125
1.02,0.980392156863,3.1,128,0.025,0.04608866980584407,0.002055089298966625,0.02080482409412109,0.0008089849851784396,100,1.4296875
1.02,0.980392156863,3.2,128,0.025,0.04563433612173164,0.001973899591518978,0.02098482035248208,0.0007812391094998666,100,1.453125
1.02,0.980392156863,3.3,128,0.025,0.04513787966584776,0.001880558228787328,0.02103723019430036,0.0007521850077135523,100,1.4609375
1.02,0.980392156863,3.4,128,0.025,0.04548446422097913,0.00190082726682084,0.02075299616489688,0.0007820958292867085,100,1.53125
1.02,0.980392156863,3.5,128,0.025,0.04469753289418962,0.001833133495176699,0.02072885882897759,0.0007629722980169067,100,1.5625
1.02,0.980392156863,3.6,128,0.025,0.04314623165734183,0.001795020465235654,0.02049062177397757,0.0007585515063943682,100,1.5859375
1.02,0.980392156863,3.7,128,0.025,0.04218955052157303,0.001712958327395631,0.02077048500381633,0.0007269002304682544,100,1.65625
1.02,0.980392156863,3.8,128,0.025,0.04108249113570672,0.001659250684662809,0.02076207887122909,0.0007025880161146999,100,1.6953125
1.02,0.980392156863,3.9,128,0.025,0.04026572304954982,0.001565287675461205,0.02084635841669098,0.0006787033080591679,100,1.7265625
1.02,0.980392156863,4,128,0.025,0.03932091657944545,0.001490945276222107,0.02085709090620565,0.0006595869822605964,100,1.734375
1.02,0.980392156863,0,256,0.025,0.05851569990430336,1.303591174766811e-18,0.02269655542640122,1.738121566355748e-18,100,0
1.02,0.980392156863,0.1,256,0.025,0.05859539902149102,0.0004817350237477532,0.0227092805374027,0.0002156679847896618,100,0.06640625
1.02,0.980392156863,0.2,256,0.025,0.05814596673228271,0.0006387409814814648,0.02233385970548633,0.0003097888387620183,100,0.125
1.02,0.980392156863,0.3,256,0.025,0.05763421339718226,0.0007489310362119914,0.02217575540366759,0.0003342981832220747,100,0.171875
1.02,0.980392156863,0.4,256,0.025,0.05722119434198491,0.0008421128462718974,0.02179325758452987,0.0003566691986350536,100,0.2109375
1.02,0.980392156863,0.5,256,0.025,0.05721786203848825,0.0008309761471440341,0.02174701042555705,0.0003518266839941252,100,0.23828125
1.02,0.980392156863,0.6,256,0.025,0.05648931642082536,0.0009205953337196141,0.0216780603610099,0.0003856613877564975,100,0.28125
1.02,0.980392156863,0.7,256,0.025,0.05571588691572245,0.0009856664381855612,0.0216337692230405,0.0004138537963943477,100,0.34765625
1.02,0.980392156863,0.8,256,0.025,0.05580199763472554,0.0009642733226412158,0.02148965650964455,0.0004010537558984062,100,0.39453125
1.02,0.980392156863,0.9,256,0.025,0.05550493913913219,0.0009786950636330321,0.02145567801263951,0.0003967786921236144,100,0.4375
1.02,0.980392156863,1,256,0.025,0.0552153542374141,0.001024572659045699,0.02138495038659916,0.0003943122881619583,100,0.48828125
1.02,0.980392156863,1.1,256,0.025,0.05500180631554441,0.001056494583734898,0.02149228690929575,0.0004114619144020741,100,0.51953125
1.02,0.980392156863,1.2,256,0.025,0.05510831961778566,0.001100384279036108,0.02110606498414821,0.0004413752734460437,100,0.55859375
1.02,0.980392156863,1.3,256,0.025,0.05484362803139503,0.001060671909180434,0.02121477649546677,0.0004344036719432113,100,0.58984375
1.02,0.980392156863,1.4,256,0.025,0.05422801539219626,0.001036639320555922,0.02134520403300572,0.0004218421272536525,100,0.61328125
1.02,0.980392156863,1.5,256,0.025,0.05365359987037906,0.001030551328397307,0.02140169521870496,0.0004360687640063337,100,0.67578125
1.02,0.980392156863,1.6,256,0.025,0.05334087080677798,0.0009937507705467855,0.0218093943287493,0.0006155164784254639,100,0.71875
1.02,0.980392156863,1.7,256,0.025,0.05241536905438263,0.001022802310388165,0.0216310956867134,0.0006115710800626674,100,0.765625
1.02,0.980392156863,1.8,256,0.025,0.05192805291831687,0.001039459095291104,0.02126831311021364,0.0006088161594186575,100,0.8125
1.02,0.980392156863,1.9,256,0.025,0.05053231119347552,0.001063390664102589,0.02148334835470644,0.0006308941797851643,100,0.85546875
1.02,0.980392156863,2,256,0.025,0.04933759892178199,0.001096589120971523,0.02138448128031387,0.0006290941520271323,100,0.90234375
1.02,0.980392156863,2.1,256,0.025,0.04868320772549606,0.001088566068930297,0.02099260709555767,0.0006304059613498708,100,0.9765625
1.02,0.980392156863,2.2,256,0.025,0.04854000804691413,0.001060777929865238,0.02112222542970152,0.0006165694074036985,100,1.0078125
1.02,0.980392156863,2.3,256,0.025,0.04753247156975057,0.001116031583178508,0.02073704503159216,0.0006063466227971447,100,1.0546875
1.02,0.980392156863,2.4,256,0.025,0.04721629788067116,0.001128213689395453,0.0205899855841297,0.0005904538699811561,100,1.11328125
1.02,0.980392156863,2.5,256,0.025,0.04651472182569556,0.00113062041667561,0.02106154398498731,0.0006249456959851199,100,1.171875
1.02,0.980392156863,2.6,256,0.025,0.04601145712331471,0.001119007508604725,0.0210822756978495,0.0006151839907367008,100,1.203125
1.02,0.980392156863,2.7,256,0.025,0.04551525075729718,0.001108396085729539,0.02134087270077223,0.0006287396812678777,100,1.23828125
1.02,0.980392156863,2.8,256,0.025,0.04551185963032288,0.001113298179939831,0.02126169505925021,0.0005974197569362206,100,1.27734375
1.02,0.980392156863,2.9,256,0.025,0.04478247304478292,0.00111366578969922,0.02114631627953098,0.0006009848286895057,100,1.3359375
1.02,0.980392156863,3,256,0.025,0.04474217965527146,0.001244898650757703,0.0210230745678609,0.0005967347334043067,100,1.41015625
1.02,0.980392156863,3.1,256,0.025,0.04410637081535734,0.001277624343787796,0.02085864798325018,0.000567761351247537,100,1.4453125
1.02,0.980392156863,3.2,256,0.025,0.04355406659780515,0.001239861191666868,0.02095012409552163,0.0005553096114441362,100,1.46875
1.02,0.980392156863,3.3,256,0.025,0.04299522520181222,0.001212686721212041,0.02092148720238089,0.0005468736203224993,100,1.4921875
1.02,0.980392156863,3.4,256,0.025,0.0432183171783285,0.001219756682183357,0.02093273560095439,0.0005552748519470766,100,1.546875
1.02,0.980392156863,3.5,256,0.025,0.04289511718678045,0.001246544776642527,0.02082516009853207,0.0005447693071306815,100,1.625
1.02,0.980392156863,3.6,256,0.025,0.0415942604730534,0.00116817863778248,0.02076187534857558,0.0005340463857670984,100,1.66015625
1.02,0.980392156863,3.7,256,0.025,0.04086187671727282,0.001133685935475454,0.02082953423496188,0.0005224493451791136,100,1.70703125
1.02,0.980392156863,3.8,256,0.025,0.04007414094002456,0.001107192924020082,0.02076860147866984,0.0005109586547038218,100,1.734375
1.02,0.980392156863,3.9,256,0.025,0.03958571166911332,0.00106009178144993,0.02079830012330998,0.0004908342179142745,100,1.765625
1.02,0.980392156863,4,256,0.025,0.03887589055882146,0.001019357025256747,0.02081867967000913,0.0004758770295514405,100,1.77734375
